Nombre,Apellido,Email,Cedula
Fidel,Concepción,miramontescarlos@montes.com,4841800097824
Maximiliano,Salgado,marcosarmendariz@echeverria-garay.com,1434182720496
Martín,Montero,marcos33@yahoo.com,6439217000853
Florencia,Gracia,irmamelendez@gmail.com,6381998161758
Mario,Rubio,horacioperes@pena.info,9621105337607
Camila,Puente,pamela20@industrias.org,0266095839261
Cornelio,Olivárez,esparta73@altamirano.com,1056089974772
Jaime,Molina,acervantes@gmail.com,6491240338181
Modesto,Leal,nayeligarrido@gmail.com,3230006370808
Raquel,Véliz,miguelcaballero@avalos-botello.com,0754052352088
Lourdes,Anguiano,miguel-angelriojas@jaramillo-delgadillo.biz,0692969891950
Javier,Bravo,mariosoliz@yahoo.com,2661673096474
Luz,Rojo,xalva@yahoo.com,5235761073432
Esperanza,Nieto,jacobofrias@gmail.com,4374317687183
Amalia,Castro,flavioarguello@yahoo.com,4601040793929
Bernardo,Marín,bruno51@hotmail.com,4707491860882
Raúl,de Jesús,afajardo@laboratorios.info,8139310158722
Arcelia,Roybal,jjaime@vallejo.com,6602734935944
Trinidad,Loya,ivonne58@lemus.com,3031954385282
Patricio,Benavídez,wduenas@yahoo.com,5503470578706
Eloy,Núñez,roquecamilo@yahoo.com,4915568706283
José María,Briseño,jose-emilioorta@gmail.com,3391307495280
Juan,Toledo,agustinchavez@otero.com,5730653454071
Miguel,Archuleta,floresjos@galindo-rosario.com,4182343744626
Lucas,Montalvo,raquelmarroquin@gmail.com,0207606011228
Jerónimo,Fierro,armasalonso@yahoo.com,7415628473750
María,Hernádez,vicenteportillo@laboratorios.biz,7301465185235
Elisa,Rolón,jesus00@yahoo.com,2036991182064
Nadia,Madera,gcasarez@despacho.biz,7121770698824
Iván,Salcedo,antonia06@espinoza.org,7251308169596
Diego,Téllez,gtrejo@grupo.com,6192208889343
Susana,Vaca,ocamporosario@gmail.com,1631363217150
Lucía,Garza,qlucero@hotmail.com,2574856407466
Carlota,Tamayo,smontez@yahoo.com,8809611236596
Aldo,Abreu,elsaverduzco@despacho.com,1023746583539
Andrés,Melgar,yeni48@hotmail.com,2090211000708
Itzel,Pantoja,saldivaremiliano@club.com,4749324977344
Manuel,Chavarría,alfredode-la-rosa@despacho.com,3813501213729
Horacio,Montenegro,cejaisabel@club.com,5876425282515
Claudia,Maya,gustavo35@despacho.com,8642478781199
José Eduardo,Márquez,rosazapata@yahoo.com,0440960242522
Joaquín,Grijalva,naranjoluis-manuel@yahoo.com,6048458243265
Modesto,Fajardo,lozanodolores@nevarez.com,2599011412478
Abraham,Armas,itrujillo@yahoo.com,1103184954204
Benjamín,Menéndez,gutierrezdario@pizarro-alarcon.info,4595897102013
Flavio,Carrasco,riveramaria-teresa@yahoo.com,9951854316543
Fidel,Sosa,marrerogilberto@yahoo.com,8614734062937
Dalia,Estévez,psoria@yahoo.com,4907040014900
Gonzalo,Tovar,falba@romo.net,0471210184347
José Manuél,Soria,yolivo@cruz.com,3844016035808
Enrique,Pérez,zescalante@acosta.net,4395315903969
Rafaél,Gómez,nguajardo@hotmail.com,6260983950161
Juan Carlos,de León,maria-cristina67@altamirano-gaitan.com,1503801204363
José María,Cedillo,esteban31@hotmail.com,6682849469016
Mariano,Villa,estebanvasquez@yahoo.com,9990316603574
Lourdes,Zepeda,kvargas@gmail.com,5672471823082
Miguel Ángel,Ojeda,joaquinochoa@gmail.com,5715496023508
María del Carmen,Niño,ramon79@gonzalez.net,6765932083190
Lilia,Jasso,gastelumesteban@mateo-gurule.net,1849435598829
Teresa,Gonzales,alejandrarael@gmail.com,1898364998387
Teresa,Villa,hinojosaoctavio@griego.com,4600592412763
Sonia,Arteaga,madridclaudio@yahoo.com,0068088849138
Héctor,Mena,svalentin@hotmail.com,2669832080722
Ilse,Juárez,zlira@coronado-ballesteros.com,2639621887962
Isabel,Cepeda,ramon22@acevedo.org,0068519790755
Ilse,Valle,mtirado@club.com,1295435104727
Zacarías,Botello,margarita99@mascarenas.com,5711611094747
Claudio,Henríquez,pserrano@yahoo.com,2817927036367
Alfonso,Canales,francisco-javiernunez@sevilla.com,1312687242067
Homero,Loya,lorosco@hotmail.com,1445125880556
Cynthia,Berríos,trevinohugo@yahoo.com,6228607150137
Maximiliano,Colón,veraemilia@hotmail.com,4049520748520
Emiliano,Cisneros,frojas@laboratorios.org,6278789718510
Pilar,Monroy,julio-cesar08@gmail.com,1059987594874
Aurelio,Chacón,arredondojose-carlos@paredes.com,5633072537938
Abel,Vallejo,trinidadontiveros@acosta.biz,5432411322955
Bernabé,Peralta,zaratesantiago@urrutia-de.com,9291565905741
Mercedes,Olivárez,nzepeda@yahoo.com,1906054694973
Javier,Luna,lucas01@hotmail.com,2319278351436
Angélica,Sisneros,pantojarodolfo@yahoo.com,6006454180862
Leonardo,Zarate,lcarreon@manzanares-romero.com,7048030518870
Emiliano,Godínez,gaytanadalberto@marin.com,6433295137178
Uriel,Ojeda,rociolugo@corporacin.com,8797192301800
Felix,Villegas,abelardorodrigez@club.org,5554348644790
Lourdes,Polanco,reinaarmenta@yahoo.com,3513598839756
Indira,Tórrez,morenomonica@salcido-aguayo.com,5749139803516
Omar,Mireles,guardadofernando@mercado.biz,1463126297060
Sessa,de la Torre,ftoro@yahoo.com,2216141509836
Sara,Lemus,carlos96@gmail.com,3870652711097
Soledad,Narváez,enriquetejada@pineda-corona.com,3657107228061
Lourdes,Montañez,juanacalvillo@ballesteros-garcia.biz,5075602405233
Óscar,Alejandro,ecorona@hotmail.com,8486073417923
Ofelia,Valladares,maria-cristina34@cadena-gaona.com,8534465668144
Roberto,del Valle,correaana-maria@grupo.biz,1880310947696
Conchita,Sevilla,xperez@club.biz,4524831854774
Paola,Santillán,rosa41@monroy.org,2541946390085
Rodrigo,Berríos,maria-jose32@alonso.com,4283976494677
Estela,Cervantes,minerva92@grupo.com,4892718117977
Iván,Méndez,yuridia65@preciado.com,0966925973467
Ricardo,Macías,iarenas@hotmail.com,5667398395952
Aurelio,Briones,david78@gastelum.com,3525035516495
María Luisa,Cantú,armentapatricia@yahoo.com,9687753454783
Maximiliano,Zelaya,orael@gmail.com,2408429436787
Abelardo,Olivárez,zeferino96@yahoo.com,8323343379125
Eva,Cabrera,rocio32@yahoo.com,8910754953458
Cristal,Madrid,nadiaurbina@despacho.com,5958893453939
José María,Mota,maria-luisa91@rolon.net,6425202482522
Hermelinda,Terrazas,velascoveronica@mendez-gallegos.com,1005559785945
Estefanía,Quezada,msaldana@industrias.com,9060877425553
Marcela,Cuellar,angela99@hotmail.com,3977303476587
Mateo,Montenegro,gblanco@club.com,7468498735755
Socorro,Perales,venegasdaniel@yahoo.com,6844852181393
Bruno,Ledesma,galindoaugusto@nieto-rascon.com,9874531620364
Débora,Caraballo,karinacantu@lemus.org,5385451714420
Nelly,Delgadillo,tellodiego@despacho.com,9631600000472
José Carlos,Bahena,olga20@hotmail.com,1552330062379
Cecilia,Corrales,zvaldez@industrias.net,5897424925702
Esmeralda,Padilla,evelioarriaga@yahoo.com,7753201311235
Jacobo,Ulibarri,cedilloofelia@hotmail.com,0128254328774
Karina,Dávila,renatobueno@hotmail.com,5856590748737
Rufino,Barrios,serafinriojas@gmail.com,4816407734437
Gerardo,Quezada,delgadomariana@rascon-calvillo.net,1787181211172
Hernán,Figueroa,davidvalle@casillas-uribe.biz,7074962756734
Ignacio,Dávila,aguilerapatricio@gmail.com,6900350245288
Daniela,de la Rosa,dduran@yahoo.com,0700385462672
Augusto,Amador,vescalante@proyectos.com,3647876069421
Emiliano,Aparicio,citlali69@archuleta-roque.org,0198574658502
Lucas,Laboy,andresbarreto@gmail.com,9446310690606
Abraham,Tafoya,mvaldes@yahoo.com,5236501471589
Aida,Molina,renato29@club.net,9973381327607
Julio César,Laureano,sessaurias@corral-corral.org,1937216706584
Irma,Cervantes,arivera@borrego.com,6089637768352
Clemente,Preciado,hballesteros@guillen.com,5367729288901
Estela,Covarrubias,leonalejandro@yahoo.com,3351814514027
Karla,Niño,nviera@zamora.com,0630152059812
Roberto,Durán,hbarrios@yahoo.com,1157324725458
Carolina,Bravo,avilesmodesto@zamora.net,9072132717605
Isabela,del Valle,osoto@yahoo.com,8391615747190
Liliana,Murillo,indira81@hotmail.com,4229456801833
Liliana,Gurule,peraltateodoro@gmail.com,5512352658957
Dalia,Sáenz,svalenzuela@gmail.com,5873522624241
Benito,Madrigal,veramaria-del-carmen@yahoo.com,0714029205363
Abel,Villareal,rosalia92@hotmail.com,8009745163552
Bernabé,Gonzales,daniela72@sandoval.biz,4897333813962
Abelardo,Esparza,catalinasoliz@hotmail.com,7757287908587
Ramiro,Trujillo,marco-antoniogallardo@gmail.com,0642042487501
Guillermina,Pulido,estela16@otero.biz,9445801494815
Lucía,Rubio,eric15@fernandez.com,0507069367967
Norma,Briones,renteriaalta-gracia@abreu.com,1806482244662
Francisco,Vera,cleon@hotmail.com,9672808189854
Raquel,Rangel,guevaramariana@yahoo.com,8884255005906
Rodrigo,Lugo,israelbadillo@arreola.com,5215844117866
Marisol,Orozco,pedromenendez@yahoo.com,0845887609156
Miguel Ángel,Melgar,cgaona@gmail.com,2675854414897
Beatriz,Collazo,ruelasjuan@grupo.org,9177084343525
Luis,Lebrón,noemi69@casarez.com,9437759325193
Rubén,Muñiz,adelaloera@gmail.com,3496400651298
Estefanía,Parra,julio36@proyectos.com,4299121502879
Natividad,Vélez,tcantu@gmail.com,1777883288863
Verónica,Núñez,raquelsevilla@villegas.com,6275061224016
Ignacio,Valle,ramon69@aviles.org,0530020341250
Elisa,Orozco,abigailaranda@caballero-pabon.info,9867639703984
Abelardo,Carbajal,bermudezernesto@sepulveda.com,0966904362422
Luz,de Anda,nicolasde-la-o@laboratorios.com,3309619496916
Diana,Lozada,eugeniarincon@carrero.org,7072383536124
Felipe,Feliciano,dulce70@gmail.com,9031438457834
Luz,Madera,carreraeloisa@yahoo.com,3823077022239
Natividad,Reyes,elsacarrera@urbina-carranza.com,8060137531276
Germán,Lemus,ana-maria98@proyectos.biz,6056196176753
María,Villalpando,marquezdavid@hernandez-guillen.net,2973904756569
Eugenia,Muro,gonzalo57@nino-pedroza.com,4437366282478
José Carlos,Miranda,sgutierrez@yahoo.com,8472187808765
Enrique,Ceballos,rebeca60@hotmail.com,1513330463108
Karina,Collazo,rafaelirizarry@mendoza.org,8986713648724
René,Manzanares,florenciamelgar@hotmail.com,4863954536988
Óliver,Medina,jacinto73@corporacin.info,3026634663220
Amador,Carrera,alfredo72@proyectos.com,0078169926697
Clara,Garay,tapiajaqueline@laboratorios.net,7154948726214
Octavio,Iglesias,nmalave@hotmail.com,6106914329587
Zoé,Salcido,amador91@cotto-nazario.com,8170104691287
Adalberto,Velasco,bloera@hotmail.com,0486073755211
Eloy,Mireles,navarroalta-gracia@gmail.com,3224737782859
Pedro,Sanabria,andres16@grupo.com,8628603898761
Santiago,Noriega,csegura@leal-barrios.info,8563377301536
Jonás,Montañez,abregomauro@hotmail.com,1816761694862
Ana Luisa,Enríquez,uorellana@pelayo-rivero.com,6255454826273
José María,Lira,vacasoledad@yahoo.com,8378222319025
Elvira,Martínez,wsantiago@yahoo.com,4472020318808
Oswaldo,Maestas,garibayivan@hotmail.com,4833595037583
Ofelia,Preciado,yanezdulce@garay-tejeda.net,7840019231378
Luis Miguel,Galarza,mesafrancisca@grupo.org,5881085932770
Federico,Rojas,padroncristobal@gmail.com,7030582336948
Alma,Haro,esparta43@hotmail.com,3580562379583
Nelly,Pabón,emaldonado@gmail.com,7627859802734
Ramiro,Quiroz,equintero@hotmail.com,8717754316466
Marisol,Enríquez,aidacordero@industrias.com,8795970342895
Débora,Rosario,jrolon@escalante.biz,9463005037047
Jonás,Alcántar,luz43@hotmail.com,4368481917256
María Cristina,Batista,gallegosfidel@hotmail.com,2594794930916
Sessa,Zaragoza,mario02@corporacin.info,1686421325892
Jaqueline,Ibarra,cynthiamerino@rubio-muro.net,2063371652277
Citlali,Tapia,raeluriel@yahoo.com,1452372517478
Alejandro,Tamayo,hcanales@mendez.net,2198578735939
Inés,Bravo,maytejasso@gmail.com,1718836108473
Raquel,Dueñas,saponte@gmail.com,3376717925955
Diego,Cabrera,qtellez@granado.net,5932519499755
Carolina,Contreras,iguevara@hotmail.com,7422363078704
Lourdes,Chapa,abrilguajardo@hotmail.com,9554065571552
María Luisa,Urbina,jossoria@yahoo.com,8240139089716
María Luisa,Armendáriz,olaboy@yahoo.com,7032527399076
Sonia,Alfaro,olivasbernabe@mesa.com,0423182158162
Horacio,Razo,uvalencia@gmail.com,8052274746137
Mariana,Gaytán,nunezwendolin@gmail.com,6114133867988
Citlali,Mendoza,angelavillanueva@yahoo.com,1257279717986
Rosario,Tamayo,araceli68@proyectos.com,2888077287236
Sofía,Carreón,gonzalopatino@yahoo.com,6299176444172
Antonia,Rojo,castanedaluis@vigil.com,9946316570440
Octavio,Alcántar,jgodinez@yahoo.com,5798178672620
Miriam,Lucio,norma96@varela-zapata.com,5650143123035
Laura,Rivero,maria-eugenia87@montoya-robledo.com,0452326398157
Florencia,Carrillo,colungamaria-elena@gmail.com,2111168307816
Ramiro,Mojica,gceballos@grupo.com,7915829019018
Modesto,Nájera,wbenavidez@esquibel-santillan.com,7958265768803
Flavio,Alvarez,jeronimo99@yahoo.com,4435497250922
Frida,Cortés,ninofernando@sepulveda.com,4524705323992
Beatriz,Durán,virginia71@fuentes-sosa.com,2294776343674
María Elena,Carranza,mercedes62@grupo.com,2174637940915
Estela,Bustamante,npadilla@gmail.com,3941138373617
Sonia,Venegas,pdominguez@gaitan.org,9648741120020
Abraham,Rosas,david80@hotmail.com,0011793753916
Isabela,Valenzuela,maria-teresade-la-garza@gmail.com,2764674777243
Patricio,Trejo,rosalia93@cardona.info,4964595498835
Gabriel,Escamilla,lorena44@varela.com,9495686092721
Julio César,Salgado,cespinal@bustamante.com,7890228713600
María José,Lira,liliazuniga@mondragon.com,5574885335148
Julio César,Solano,horacioarchuleta@yahoo.com,7233619544951
Beatriz,Valencia,merazcarla@hotmail.com,5153312946936
Elsa,Iglesias,tlira@cordero.info,0366629618659
Ariadna,Marrero,luzcastro@despacho.com,0407819705859
Dulce,Villegas,doloresgallegos@laboratorios.biz,7241438484493
Amador,Hinojosa,augustoarenas@gmail.com,5967177304965
José Emilio,Mota,lourdes79@estrada-mercado.com,6041142803461
Socorro,Villaseñor,elviraamaya@industrias.com,1921332524473
Cristian,Osorio,karla53@gmail.com,8406228402880
Elias,Dávila,victoria00@yahoo.com,2758010373239
Georgina,Fuentes,leyvaamanda@despacho.biz,0564973977920
Gregorio,Moreno,fabiolasandoval@corporacin.com,1489691553207
Martha,Vega,blancafierro@negrete-villagomez.com,3690507677579
Abraham,Saucedo,angel37@paez.com,0875898439147
Jacinto,Luevano,elviagalvan@gmail.com,1473636697973
Tomás,Gastélum,xbriones@gmail.com,7750994447101
Aldonza,Colunga,zayasignacio@rocha-terrazas.com,8831037813916
Conchita,Barela,urbinasandra@hotmail.com,2950420819839
Ernesto,Quiñones,esperanza39@yahoo.com,6316329131872
Elena,Cotto,merazdalia@hotmail.com,9948632851477
Zoé,Lebrón,godinezoscar@alarcon.com,9293703059437
Rocío,Lozada,fmontez@portillo.com,7995907117757
Marisol,Rolón,sandrapina@hotmail.com,5985196871761
Ana Luisa,Jurado,cruzvanesa@yahoo.com,3993363861537
Luis Miguel,Zamora,amanda99@proyectos.com,2399876179038
Noemí,Olivo,jose-maria93@yahoo.com,6603538685852
Karina,Rocha,homerosanches@olivera.com,4953277062324
Georgina,Cisneros,jonas57@casares.com,5287694265992
Estela,Blanco,mateojacinto@industrias.com,0101884633162
Ruby,Angulo,bharo@florez.org,1794422458735
Raúl,Toro,adalberto03@grupo.com,9827084392188
Aldonza,Mora,jose-luismatias@hotmail.com,5054337094937
Ofelia,Pulido,felipe81@yahoo.com,2647144987318
Frida,Mojica,jos83@yahoo.com,6686552338633
Patricio,Valadez,khernandez@laboratorios.com,2613073336352
José Emilio,Orellana,irene22@yahoo.com,3815134781156
Evelio,Macías,ocampolilia@yahoo.com,1165323946066
Rafaél,Regalado,aurora35@hotmail.com,1118984533510
Juana,Rico,carolinafranco@gmail.com,9766790879492
Emiliano,Vélez,armastomas@blanco-corona.biz,1317353920732
Darío,Chávez,rsegura@grupo.com,7753978012931
Gonzalo,Riojas,kmireles@valladares-castellanos.info,2863774190651
Alma,Arellano,solissilvano@velasco.com,6134341503849
Judith,Torres,guajardocelia@aponte-puga.org,1781650530408
Leonel,Lugo,jfarias@industrias.com,0020542928437
Guadalupe,Rojas,felix91@hotmail.com,5316980873473
Salma,Roldán,faguilera@yahoo.com,1002617662375
Iván,Pulido,fidel89@hotmail.com,0382814023652
Martín,Jurado,estelabernal@gmail.com,4891918934886
Óliver,Cardenas,hermelindanaranjo@uribe.net,0729557355201
María Teresa,Sevilla,rivasesparta@mesa.biz,6326050983936
Raúl,Ocampo,chaconpilar@varela-rosas.com,2889754542698
Juan,Cintrón,isaactirado@proyectos.info,7366593160688
José Eduardo,Alcaraz,reneserrato@yahoo.com,7655068594939
Luis,Palomino,emateo@corporacin.info,0581982082064
Graciela,Madrid,duenasivan@ceballos-urias.com,5613084501957
Conchita,Valdivia,maria-teresaarmenta@gmail.com,3674220370049
Itzel,Tórrez,tamezcecilia@hotmail.com,2175174290199
Barbara,Zarate,angelacano@despacho.com,8103006049619
Abelardo,Lozano,cmaldonado@yahoo.com,5085798560099
Lucía,Abrego,lorenabenavides@yahoo.com,0689676619791
Daniela,Orosco,jorge-luis61@yahoo.com,2309181716274
Jacobo,Archuleta,juan-carlos26@regalado-corrales.com,8241217104914
Magdalena,Villalpando,brisenonatividad@hotmail.com,0407318074253
Natividad,Paredes,luisa57@barrera.com,0032321916500
Graciela,Toledo,inesgonzales@gmail.com,4646127809288
Elias,Pérez,adriana13@flores.com,1665847203400
Jacobo,Corral,clarazelaya@palomo.org,0896356230312
Juan,Aguirre,salmagalindo@yahoo.com,6901317293711
Bianca,Lerma,juliavillarreal@yahoo.com,5458232094744
Beatriz,Guardado,svanegas@yahoo.com,0959069334644
José Carlos,Hinojosa,xprieto@jaquez.com,2462130190189
Daniel,Montaño,solisestefania@yahoo.com,5350173441939
Trinidad,Galindo,palmanza@industrias.com,3537308812986
José Eduardo,Padilla,esmeraldafonseca@proyectos.com,1336593841588
Micaela,Mojica,leticiasosa@gmail.com,0647546179771
Andrés,Fuentes,rolonjose-eduardo@gmail.com,5073338879046
Nicolás,Moreno,yanezana-luisa@paredes-abreu.com,1160901588552
Adela,Bermúdez,murias@villagomez-aranda.com,2543882912589
Gregorio,Caldera,carlossanches@gmail.com,3925811375158
Gabino,Colunga,ymadera@despacho.com,7162959314371
Víctor,Reynoso,baezaconchita@padron.com,6736168206276
Micaela,Arellano,zescobedo@hotmail.com,9052543515505
Fabiola,Santana,sandrarangel@proyectos.biz,7840925408844
Javier,Acevedo,serafin85@despacho.com,8214157505376
Julia,Carranza,nrobledo@hotmail.com,8143973439850
Diana,Marín,escobedoilse@gmail.com,8050029873152
Evelio,Fuentes,mejiaarcelia@hotmail.com,5254731885009
Francisca,Godoy,ocavazos@gmail.com,6637388930145
Horacio,Tamayo,puentegilberto@gmail.com,0565174835319
Leonardo,Peña,pablo05@acevedo-caldera.com,8367044409337
José,Rivero,benavidesreynaldo@gmail.com,2055730225585
Javier,Heredia,velaeva@quiroz-puga.org,3813882709315
Jorge,Jaimes,flavio77@beltran.info,8661198730715
Emilio,Tapia,sofiajaquez@proyectos.com,2469739923397
María Luisa,Prado,rbenavides@valentin-casillas.biz,4606494355517
Marcela,Vega,rodartemarisela@yahoo.com,0728065465357
Georgina,Guevara,alonso04@hotmail.com,5514544542913
Abril,Almaraz,bernabe00@laureano-sandoval.org,0523094854711
Jesús,Salcido,agustinposada@yahoo.com,8354464076333
Marcos,de la Rosa,bravocelia@yahoo.com,3557083197266
Alvaro,Mireles,solizoliver@hotmail.com,3188420768428
Homero,Borrego,pantojaruby@altamirano-de.biz,1412146015649
Tomás,Sánchez,anabeltoro@yahoo.com,9488737907299
Salma,Calvillo,quirozrenato@gmail.com,8740353875200
Alfredo,Jaime,armentaabelardo@baca-cantu.com,6120985135522
Josefina,Colón,ferrerfelipe@yahoo.com,4513314386148
Alfredo,Melgar,trinidad94@gmail.com,9117286490351
Guillermina,Hurtado,emiliaarce@club.com,9915903806134
Estela,Camarillo,irenepulido@despacho.net,6057507837447
Margarita,Matos,beatrizotero@proyectos.com,0647489070317
Alejandro,Olivo,tescalante@rubio-ortega.com,8543665826483
Julio César,Quiñónez,granadofelix@proyectos.info,3177571386489
Noemí,Véliz,mateoalmonte@hotmail.com,6291815714194
Lucía,Santiago,tquesada@yahoo.com,2829609690260
Esparta,Contreras,alonsogollum@yahoo.com,1666010526407
Trinidad,Alvarez,carlota31@hotmail.com,1303319030420
Alonso,Navarro,carolinajimenez@hotmail.com,6961821356835
Amalia,de la Garza,diegoveliz@laboratorios.com,1676096643566
Ofelia,Ballesteros,ramiromedrano@montez-cordero.net,0473523149581
Rocío,Madrigal,duarteramiro@haro-lozada.com,9266660060339
Bruno,Paz,fluna@gmail.com,4673179126942
Eloy,Tijerina,paulina14@barrientos-leyva.com,4138797036329
Asunción,Barrera,veronicalerma@club.com,0302630884827
Samuel,Peres,lorenzo84@villegas-leyva.com,5100958308334
Silvia,Casárez,peresperla@corporacin.com,8604480142962
José Luis,Ledesma,zolivares@despacho.com,7308759281499
Yeni,Martínez,caballeroluis-manuel@yahoo.com,6571532120888
Lorenzo,Carmona,cporras@gmail.com,6604214172755
Sonia,Gallardo,ecarbajal@carvajal.com,0861127548530
Guillermo,Figueroa,geronimonavarrete@yahoo.com,2503795742186
Bernabé,Rosales,xvera@industrias.com,8813847918814
Emilio,Amador,guillermo11@gmail.com,4872901410568
Eloisa,Villalobos,villarealgloria@montenegro-prieto.com,8018576818707
Lilia,Guajardo,carrionnatalia@yahoo.com,1244216387199
Luis Miguel,Rojo,martin49@gmail.com,9512859949432
Fernando,Acevedo,marcosjaramillo@prado.info,5244247682513
Rocío,Villarreal,esmeralda98@yahoo.com,5201818665036
Citlali,de León,manuelvarela@salcedo-castro.com,2400599520979
María Elena,Acevedo,escobedoemilia@club.com,3836940341173
Reynaldo,Zamudio,figueroamaria-elena@gmail.com,9146287002498
Wilfrido,Soliz,cordovaesperanza@despacho.com,4233841617874
Hernán,Arredondo,wcrespo@gmail.com,2680375241461
Adán,Alba,userrato@hotmail.com,4242022181680
Nadia,Arenas,moyahomero@corporacin.com,5290983028430
Elena,Amaya,hrojo@yahoo.com,7090657264573
Victoria,Robles,cottomiguel-angel@urias-limon.com,9321468099070
Beatriz,Montaño,miguelaguayo@gmail.com,1085832229669
Santiago,Prado,ncedillo@yahoo.com,4481032572974
Daniel,Henríquez,ebaez@chacon.com,7100886407654
Pamela,Pérez,cquesada@hidalgo.com,0296479980593
Alvaro,Varela,jose-emiliozavala@yahoo.com,9028373898369
Jos,Laboy,fde-jesus@hotmail.com,4589158440964
Amalia,Cantú,solanomaximiliano@yahoo.com,4841250976993
Virginia,Romo,danielabaez@corporacin.net,6457812139335
Conchita,Santacruz,mduarte@yahoo.com,0522322716297
Noemí,Guevara,lorenzo32@despacho.com,7328778843263
Gonzalo,Gracia,ggodoy@irizarry.com,8845817713235
Benjamín,Iglesias,gvilla@hotmail.com,2028125054379
Olga,Tijerina,jose-luis40@laboratorios.biz,4694682456771
Clemente,Ocampo,ulibarriyolanda@ornelas-curiel.com,7222891616756
Lilia,Llamas,sandraaponte@yahoo.com,2391350825973
Cecilia,de la Rosa,miguel02@villanueva.com,6423654992934
Cristal,Bustos,sromero@quintana.com,3194622822577
José María,Rincón,mariana40@hotmail.com,3404484766531
Natalia,Hernandes,ajaime@gmail.com,8722905372929
Eloy,Merino,rubiomaria-eugenia@club.com,7074020950699
Wendolin,Holguín,taniapuente@grupo.com,4490148625062
Alberto,Rivero,maximiliano10@club.com,7288632281619
Aurelio,Fonseca,juana83@gmail.com,9817585195462
Leonel,Acosta,octavioguevara@hotmail.com,7141173389746
Rodrigo,Rael,patriciogaribay@hotmail.com,0558495301306
Jacinto,Trejo,ygrijalva@lozano.com,2394124376491
Virginia,Pacheco,mateo77@laboratorios.org,5111728364868
Laura,Mondragón,ccamarillo@esparza-vaca.biz,6553719034508
Wendolin,Villanueva,emiliocarrillo@yahoo.com,3362566623794
Eloisa,Villalpando,villarrealjacobo@hotmail.com,0707663302045
Elena,Peña,monica07@gmail.com,1910719084415
María Elena,Alejandro,sofia58@hotmail.com,2441948979728
Miriam,Montes,ricardo18@gmail.com,6565515416057
Rocío,Becerra,uelizondo@yahoo.com,3591801602854
Timoteo,Ozuna,claudiocaballero@yahoo.com,3439601431890
Dalia,Zapata,abrilmateo@gmail.com,3944022710431
Juan Carlos,Collado,nde-la-torre@yahoo.com,9705774134180
Fidel,Zúñiga,baezluis-miguel@yahoo.com,2177158384275
Delia,Jasso,uruelas@yahoo.com,9223650982746
Pascual,Portillo,karlacavazos@hotmail.com,8143176172172
Camilo,González,montoyaelvia@yahoo.com,5683761994270
Rosa,Lugo,yuridia49@yahoo.com,1635523062750
Eloy,Barragán,moyailse@gmail.com,7396272111576
Noemí,Lemus,wavila@hotmail.com,4318982921522
Guillermina,Leal,ptoledo@gmail.com,0462185165336
Olga,de la Garza,flozano@medina.com,7719793015027
Indira,Beltrán,granadotomas@grupo.com,2675819760468
Renato,Cedillo,gonzalo74@yahoo.com,4810398450539
Pilar,Padrón,barbara82@hotmail.com,0244011981081
Nancy,Mateo,salcidocristobal@gmail.com,8108740017918
María Eugenia,Acuña,quinonesisabel@mesa.com,1464827965538
Lilia,Corrales,leonor14@crespo.org,7436896760904
Homero,Ureña,lucia54@carrillo-murillo.info,3555780791348
Conchita,Nieto,nietoangelica@hotmail.com,7967604725389
Margarita,Enríquez,lovatoalfonso@hotmail.com,0172356470996
Flavio,Báez,rpedroza@madrid.com,0955094394049
Wendolin,Escalante,uriel72@gmail.com,0035903288105
Elisa,Amaya,sofiacalvillo@yahoo.com,8496043641264
Jerónimo,Ávila,germanmora@club.com,2322794504035
Modesto,Farías,virginiavalverde@gmail.com,2193874760193
Luis Miguel,Abreu,patriciacuellar@quintero-jaime.com,8118773247926
Pedro,Benavídez,alvaignacio@aragon.info,0083330537377
Martín,Ceballos,ysoto@carranza.biz,2725272967458
Rosalia,Puga,madridveronica@laboratorios.org,5406703740037
Nayeli,Heredia,casillaslilia@negron-olivares.com,7591112530223
Samuel,Parra,de-la-garzamario@valles.com,8259965609664
Barbara,Carvajal,leonelacevedo@despacho.com,0033710713903
Celia,Madera,villegasenrique@yahoo.com,6627187133868
Silvia,Meraz,guillermina39@hotmail.com,1044228825103
Aurora,Sotelo,nellymarin@despacho.com,1598120630576
Hilda,Aponte,federico05@de.net,5736895176285
Alicia,Becerra,estefanianieto@gmail.com,7851838074904
Lilia,Iglesias,gomeztimoteo@armendariz.com,6332420671728
Sandra,Cardona,maestasleonor@alarcon.biz,5454876380045
Jesús,Bustos,normasisneros@grupo.com,6153860747034
Fidel,Delgadillo,leonel45@yahoo.com,5996584171755
Asunción,Fierro,esperanza11@gmail.com,7957053726781
Reynaldo,Alonso,anelrosario@hurtado.org,9482915471847
Roberto,Mesa,timoteo93@yahoo.com,7557683720270
Indira,Rosario,blanca56@rendon-arredondo.com,7137190850945
Norma,Portillo,octaviomonroy@escobedo-munguia.com,3573499863303
Ruby,Reyna,fhernadez@hotmail.com,0933165665162
Wendolin,Ortega,antoniorodarte@gmail.com,9044624827239
Sofía,Rivero,micaela29@hotmail.com,8750050485963
Eva,Zúñiga,gallegosvirginia@yahoo.com,9031907841555
Bernardo,Cisneros,botelloesteban@hotmail.com,2647326303024
Adela,Saucedo,emiliano90@monroy.com,8221857188284
Eugenia,Toro,silvia65@hotmail.com,6124277250025
Joaquín,Colón,pvasquez@hotmail.com,7334859765308
Hermelinda,Rocha,fblanco@delgado.org,5417495884904
Patricia,Aguilar,mascarenassandra@yahoo.com,1320829473612
Helena,Rodríguez,natalia03@hotmail.com,3294235764007
Carlos,Alva,mmalave@club.com,4433163443372
Victoria,Vega,flavio02@proyectos.biz,1080723480616
Gerardo,Collado,preciadoeric@yahoo.com,3410320246014
Mariana,Alcaraz,jacintoornelas@yahoo.com,3817195273383
Yuridia,Rodríguez,maria-cristinasuarez@soria-lozano.com,1633143753836
Lorena,Barajas,blanca14@gmail.com,2030748783413
Wilfrido,Roque,cristinaarredondo@gamboa-malave.net,8872299148765
Natividad,Ayala,pamelamondragon@herrera.info,4125349733161
Gustavo,Montoya,angel39@casarez.com,3526343589211
Esperanza,Salinas,tadame@pulido-saldivar.biz,1572602396033
Leticia,Casillas,violeta66@caraballo.org,4151022843345
David,Pulido,miguel-angelbrito@crespo.com,5403115220704
Amador,Fajardo,ilse01@gmail.com,9715643929385
Martín,Sepúlveda,serafin10@grupo.com,5286504722087
Fidel,de León,alemus@uribe-rivero.net,2046098664131
José María,Rivera,asuncionvela@hotmail.com,3912513399120
Irma,Anaya,romomaria-del-carmen@laboratorios.com,1413818630716
Leticia,Rodríquez,fidel32@cardenas-trevino.com,5579225751990
Hilda,Véliz,nrael@gmail.com,5510762960537
Victoria,Cabán,vegabianca@gmail.com,9389886035497
Martha,Granados,nmeraz@gmail.com,7319682765985
Eloy,Bustamante,gregoriosantacruz@hotmail.com,3914591107310
Gabino,Vigil,mariano83@laboratorios.com,4583146125340
Hugo,Solano,herreradebora@hotmail.com,0869177247813
Esmeralda,Negrete,uterrazas@arreola-padron.com,0783239677228
Antonio,Lovato,esmeraldamorales@despacho.com,0915107757328
Alfredo,Pichardo,pascual67@davila.info,3027260999545
José María,Ontiveros,qbaca@hotmail.com,9549812451936
Laura,Meza,margarita06@gmail.com,3952180572799
Alicia,Melgar,varenas@yahoo.com,6329132912538
Adalberto,Alba,indira78@club.org,1947364441259
Irma,Soto,montanojos@yahoo.com,2084606054441
Ignacio,Jaimes,cesar57@trevino.com,9909677916367
Ilse,Sepúlveda,carvajaleva@yahoo.com,9622411334249
Flavio,López,alvarezamalia@hotmail.com,4078333525355
Aida,Mena,oliver59@grupo.org,9540301995626
Alta  Gracia,Quezada,evelio32@romo.net,0203160654413
José Eduardo,Alvarado,rnino@gmail.com,0724648321264
Augusto,Zarate,rorta@vazquez-barreto.com,6702727386037
José Eduardo,Alonzo,bacawendolin@yahoo.com,8156604914804
Verónica,Nájera,xalcaraz@lebron.com,9978054117943
Espartaco,Castañeda,xbenitez@vazquez-toledo.net,2191122884271
Araceli,Pérez,ivan80@gmail.com,6668459110611
Clemente,Garibay,adalberto75@grupo.info,1199762805457
Esparta,Montemayor,dcuellar@hotmail.com,0951660979503
Renato,Granados,dulce-maria67@grupo.com,2895285175220
Francisco,Aragón,saucedodavid@armas.com,8036441460851
Noemí,Méndez,mercedes52@laboratorios.com,3674572958908
Luz,Bermúdez,jgarica@corporacin.com,3647388321362
Alma,Medrano,zacariassaucedo@proyectos.com,0890706950071
Elvira,Aguilar,dsantacruz@hotmail.com,8700762005883
Dolores,Magaña,vigilfrancisca@marrero.com,4481974271215
Cristina,Mireles,alcarazrodolfo@arroyo.net,2637793947478
Isaac,Osorio,nadiagalvan@hotmail.com,7142041779253
Reina,Franco,ochoasocorro@yahoo.com,8159573120122
Antonia,Villalobos,margarita21@club.com,6700950738540
Micaela,Riojas,borta@laboratorios.com,1687289479857
Lourdes,Cotto,urieljaime@gmail.com,0418876225087
Claudia,Tovar,fmacias@bernal-santiago.com,5186357216805
Diego,Quiroz,nataliairizarry@gmail.com,1008926295738
Bernardo,Abrego,zduenas@hotmail.com,0447482873932
Juan,Prieto,guillermo32@hotmail.com,6633119293904
Carlos,Anaya,alfarovictoria@yahoo.com,8950555696195
Juana,Carranza,cottoemiliano@hotmail.com,7669120193855
Guadalupe,Gaitán,evalucero@yahoo.com,9037609855871
Jaqueline,Prado,rosariorobledo@yahoo.com,0624252168696
Ernesto,Pelayo,susana66@hotmail.com,1691510168437
Daniel,Garica,mariselamejia@yahoo.com,5682074828722
Anabel,Tello,gabrielagranados@hotmail.com,2951840069111
Cristian,Tovar,fcarrasco@gmail.com,9798962873127
Abigail,Villanueva,hacevedo@yahoo.com,6777074622479
Violeta,Ulibarri,abel39@hotmail.com,6119752456379
Jacobo,Osorio,jrascon@proyectos.com,1625204779257
Felix,Cazares,pradorufino@caraballo.net,7200284980120
Fernando,Peralta,jverdugo@yahoo.com,5069332946809
José Emilio,Alba,jeronimo63@becerra-jaquez.net,4603051302329
Vicente,Beltrán,varchuleta@yahoo.com,9744483758305
Wilfrido,Saavedra,habreu@hotmail.com,7493057187367
María José,Ceja,noelia32@gmail.com,1939944449649
Perla,Laboy,iglesiasisaac@hotmail.com,5493957606226
Blanca,Peralta,pablo59@gmail.com,3665965909148
Carolina,Viera,qquintero@grupo.net,5463746019227
Timoteo,Alba,clarade-la-o@grupo.com,9173168144558
Diego,Villarreal,de-la-garzarodrigo@macias-torres.com,3537652882965
Zacarías,Urías,cristian02@yahoo.com,9817725028765
Lilia,Casillas,hermelinda21@grupo.com,6028734283912
Maximiliano,Zayas,renato27@avila-carbajal.com,6869303908268
Aldonza,Gil,marthaaranda@yahoo.com,7197843322413
Itzel,Collado,davidceja@laboratorios.info,0945947336321
Iván,Saldivar,escobaralma@yahoo.com,0479870301377
José,Feliciano,maria-cristina10@cuellar-valdivia.com,6692010782941
Noemí,Vega,madridcelia@hotmail.com,6783310806837
Jonás,Bétancourt,narvaezrosalia@despacho.com,7356380519944
Carla,Salinas,abrahamdavila@gmail.com,8985549258256
Nadia,de León,fidel03@hotmail.com,0817145226262
Teodoro,Solís,ameliabahena@yahoo.com,4171431300955
Ofelia,Gamboa,hugo91@hotmail.com,2108628702473
Daniela,Badillo,oliver67@gmail.com,5757802595744
Itzel,Ramos,esteban90@gmail.com,7482768404431
Ernesto,Cardenas,gilberto50@despacho.info,7374949768388
Fabiola,Grijalva,jaimemoreno@valencia-bahena.info,8204413310668
Olivia,Rubio,indira96@hotmail.com,1637220521792
Sessa,Tejeda,suarezdulce-maria@lugo-espinosa.info,7961335976693
Timoteo,Díaz,mesayuridia@mondragon.org,6015464414716
Julio,Jimínez,oquendojonas@yahoo.com,4314370853617
María,Alcántar,laurarocha@hotmail.com,6741551413567
Ariadna,Reynoso,marroquinadela@yahoo.com,9917104518368
Emilia,Pérez,ortegahoracio@gmail.com,4780233801254
Ofelia,Tafoya,urendon@hotmail.com,6309490875040
Wendolin,Saucedo,villarrealana-luisa@gmail.com,5814166501048
Eduardo,Espino,abreudebora@hotmail.com,2089266251183
Inés,Sandoval,felicianoevelio@industrias.info,4811238421254
Graciela,Cantú,jelizondo@yahoo.com,0194598816796
Gilberto,Iglesias,jaramilloernesto@gmail.com,4855602971906
Jorge Luis,Acosta,daranda@yahoo.com,2064759601665
Esmeralda,Alcaraz,zapatarenato@yahoo.com,9444521772774
Jesús,Ramírez,lauraalvarado@yahoo.com,4119429561555
Magdalena,Reyna,mauroacuna@yahoo.com,5551593992062
Ángel,Sauceda,ebarreto@hotmail.com,8442067747490
Barbara,Guevara,gabrielaarenas@hotmail.com,2215434904324
Arcelia,Cantú,frodrigez@yahoo.com,8246493825279
Porfirio,Granado,tijerinalucia@cardona.com,3254979349334
Irene,Prieto,vcardenas@proyectos.com,3278589690069
Raúl,Ramos,quirozgregorio@bueno.com,6567922787277
Augusto,Solís,palomoevelio@malave-vallejo.com,1459823145351
Felipe,Perea,carla42@cervantes.com,7313235391695
Esteban,Manzanares,eveliovasquez@corporacin.net,8901267952101
Cristal,Crespo,reyesines@padron.com,5361458863068
Camila,Gamboa,tiradojos@montanez-campos.org,8608033836870
Diana,Olivárez,estelagarrido@proyectos.net,6187427533917
Lorenzo,Abreu,evabarrios@delgadillo-guillen.org,7937987797133
Joaquín,Carrión,torrezoctavio@cintron.info,1960093071939
José Manuél,Bravo,fernandeztrinidad@hotmail.com,0952653973315
Ricardo,Sauceda,eugeniacasanova@hotmail.com,4853684610560
Jacinto,Sierra,ccaldera@solis.biz,5865159139344
José Luis,Briones,nllamas@gmail.com,6326959411894
Úrsula,Pérez,anelcisneros@teran.info,1593309793831
Lucas,Murillo,apontedelia@grupo.biz,5910417852907
Yeni,Lerma,amandahernandes@cervantez.biz,8042886749751
Eric,Leiva,valdezeloisa@yahoo.com,0892751567078
Diego,Estrada,pedrozaraquel@valdes.com,4134203267936
Emilia,Cavazos,iarteaga@club.biz,5955361254674
Fernando,Urbina,julio-cesarmeza@yahoo.com,6890201204330
Mercedes,Ozuna,apodacajorge@salcido.com,0754030246128
Iván,Carreón,gonzalo48@saucedo.net,7591490615301
Cristal,García,de-la-ovioleta@gonzales.com,1276316601012
Amanda,Covarrubias,pugabernardo@cortez-vigil.com,3259256092430
Ángela,Ruiz,adalberto75@hotmail.com,9396117136846
Zacarías,Caballero,ocaldera@yahoo.com,9620265885233
Martha,Ávila,jacobo09@gmail.com,6571610525485
María Elena,Treviño,vrosales@hotmail.com,4861905319334
Mitzy,Ozuna,salcedomercedes@gmail.com,9517167552569
Dulce,Cazares,ines37@despacho.net,7588061568548
Estela,Cardenas,cornelioguerrero@valdivia.com,9751094115033
Jorge Luis,Jaime,hermelinda62@hotmail.com,0581835199079
Rodolfo,Segura,mariana12@laboratorios.net,1110761136016
Arturo,Aguirre,gabino62@proyectos.com,0591530541971
Octavio,Laboy,agodinez@grupo.info,1765933854250
Gerónimo,Corona,reynaldomalave@gmail.com,5023476377695
Genaro,Salcedo,horacio39@proyectos.com,6691384051598
Margarita,Delgado,gpalomo@laboratorios.com,7473387017034
Natalia,Bonilla,jeronimo84@gmail.com,9419012246982
Francisca,Nájera,wsolano@hotmail.com,1926522063592
Felipe,Pizarro,dviera@padilla.com,1938915806328
Israel,Zambrano,leticia48@gmail.com,3969134402198
Francisco,Esparza,mascarenasemiliano@serrano.info,6304077148153
Carlos,Tovar,eabrego@hotmail.com,9805775001950
Roberto,Figueroa,granadocamila@yahoo.com,0829352477193
Eric,Toro,jos90@hotmail.com,5587756544321
Timoteo,Baeza,zambranomartha@yahoo.com,8843105980129
Rocío,Villagómez,lozadacarolina@hernandes-flores.net,1154725627185
Carmen,Guerra,vcaban@hotmail.com,5449589581910
Salvador,Tafoya,vanesasolano@ferrer-crespo.com,1481326062657
Leonor,Pineda,sofia91@despacho.com,4833772395034
José Eduardo,Cadena,jgalarza@club.biz,2254017414205
Juana,Zapata,rbustamante@estevez.com,1425303240588
Diego,Muro,berta36@club.com,3154705846017
José Eduardo,Carrasco,alcantarisabel@club.com,9221437923543
Dulce María,Zúñiga,manzanaresnatalia@yahoo.com,4513623831628
Alicia,Fernández,nsuarez@batista.com,6331056233822
Maximiliano,Armenta,besquibel@gmail.com,7919133206909
Mateo,Gálvez,francoleonardo@olivo.org,5785870134666
Wilfrido,de la O,debora80@granado.biz,6420899166602
Eva,Alemán,nayeli45@leal.com,6147361471798
Maximiliano,Tafoya,leonoraguilar@casillas-corral.org,6310410960214
Óliver,Padilla,laralucas@gmail.com,2340858207925
Anabel,Girón,escobedosara@molina.com,1889908732066
Serafín,Bétancourt,oliver38@nava.com,7570922510961
Lucas,Ornelas,bertalugo@laboratorios.org,9798539758716
Sonia,Centeno,eloisa81@gmail.com,4757512049315
Tomás,Serrato,angelapantoja@gmail.com,9901799443103
Vicente,Maestas,sespino@yahoo.com,9796364398517
Rodolfo,García,marcelacrespo@yahoo.com,4931353451296
José Manuél,Valentín,arcelia01@granado.net,8111486029138
Camila,Montaño,jonas19@hotmail.com,1223773232959
Verónica,Munguía,ariasalonso@casares-mercado.info,3266553731019
Miguel Ángel,Gracia,cantuilse@hotmail.com,1240674375643
Abraham,Anguiano,jaimecasillas@despacho.info,4115887979453
Florencia,Haro,rafael72@reyna-menendez.com,1096500851464
Carlos,Olivo,rpalacios@yahoo.com,5538358721720
Nadia,Cabrera,elsa62@grupo.com,5005997311270
Fidel,Altamirano,pedro05@valdivia-perea.com,2207901762328
Camilo,Miramontes,vvargas@lugo-de.biz,9915364303667
Isaac,Dávila,gmadera@cano.com,0616768211479
Óscar,Valle,santiagoaparicio@yahoo.com,7373848881802
Hermelinda,Zúñiga,mariselasalgado@saenz.net,6849554395808
Daniela,Galarza,mitzybarreto@yahoo.com,1026915068995
Alicia,Rocha,jose-manuel55@angulo-batista.com,0486578630426
Vicente,Jiménez,sfuentes@gmail.com,8265541350422
Luis Miguel,Hurtado,vvalles@hotmail.com,6623971661189
Abraham,Alvarez,tovarjacobo@gmail.com,8168750003745
Francisco Javier,Quintanilla,arojas@yahoo.com,1573796817666
Delia,Salazar,georginasaucedo@gmail.com,0402092627020
Anabel,Alcala,vicente82@guajardo.com,2542073387465
Leonor,Gutiérrez,munguiaaraceli@gmail.com,1389482360448
René,Salazar,villagomezolga@yahoo.com,9228914435804
Paulina,Trujillo,arreolamarisol@rios-osorio.com,5298272919883
Beatriz,Mayorga,victornegron@chavarria.com,7149760972637
Omar,Roybal,ursula96@yahoo.com,7205886350632
Bernabé,Robles,esthergurule@laboratorios.info,5973132197971
Estela,Navarrete,carolinacruz@yahoo.com,3183660946212
Catalina,Rodrígez,resendezjose@industrias.info,5946941348661
José María,Orellana,carrionguadalupe@hotmail.com,7794149780528
José Eduardo,Valdez,armandotellez@yahoo.com,4709483600690
Samuel,Carrión,mauricio62@hotmail.com,4815966044240
Alvaro,Coronado,reynaldo21@leiva.com,1610919314521
Salma,Aparicio,reinaolmos@pulido-solano.com,5532537426369
Carlos,Bétancourt,maria-cristinavalles@hotmail.com,2391065297634
Liliana,Vallejo,pduenas@rosado.net,5115638543612
Gregorio,Abreu,gallegoscornelio@yahoo.com,9425650739677
Cristian,Rangel,graciamateo@yahoo.com,1553348123519
Catalina,Tórrez,gilberto02@montes-bernal.com,3841768560373
Lilia,Palomo,granadolaura@gmail.com,2528998119698
Bruno,Toro,soledad11@gmail.com,3077180171899
Natividad,Uribe,abraham78@hotmail.com,2017416076894
Natividad,Sevilla,ncasanova@yahoo.com,5197821889410
Uriel,Guerra,camilamelendez@borrego-polanco.com,8890058858946
Luisa,Arias,qnava@hotmail.com,7228815644400
Caridad,Osorio,raquel47@mendoza.org,9127115517860
Roberto,Alfaro,tejadafabiola@villalobos-sanabria.com,0105510368722
Florencia,Bustos,jeronimo08@yahoo.com,3442756750778
Elvia,Sierra,armando44@hotmail.com,2395774433800
Miriam,Nazario,cisneroscristobal@hotmail.com,3153976940238
Jacinto,Robledo,pdel-rio@despacho.com,8559531689804
Alonso,Velasco,elias52@gmail.com,9031182152278
Alfonso,Lira,mcarrillo@renteria.com,5850549216987
Itzel,Barajas,rochasilvano@alonzo.biz,8608792442318
Elvia,Salcido,pilar57@gmail.com,2537072500362
Estela,Vázquez,citlalipatino@armendariz.com,5421653932477
Perla,Almonte,elsapichardo@uribe.info,9756977910314
Karina,Piña,valmonte@yahoo.com,0989033069412
Gerónimo,Orellana,iolivares@club.org,4419361245342
Conchita,Cano,gojeda@paez.com,3247969644918
Isabel,Tijerina,wledesma@yahoo.com,3057426614252
Vanesa,Razo,roblescornelio@santillan.net,0267609854828
Bernabé,Arredondo,citlali16@despacho.com,6775950060649
Daniela,Valentín,caridad55@yahoo.com,5463745837134
Santiago,Muñoz,pmascarenas@gmail.com,0178703506513
Ana Luisa,Villalpando,ovillasenor@industrias.net,5604961857981
Amanda,Santiago,mascarenasrene@gmail.com,7782423241163
Graciela,Marín,marisol35@despacho.com,5059074015520
Pamela,Padilla,elsa43@gmail.com,0025772441820
Josefina,Bernal,hybarra@navarrete.com,8505143515963
Adela,Aranda,dvelasco@sierra.com,8468410438825
Carmen,Escobedo,javierrojas@cazares.com,8718932288015
María Elena,Berríos,elviamontenegro@laboratorios.com,7717746331393
Amalia,Montoya,sanchezariadna@naranjo.biz,3448550466289
Camila,Henríquez,palomofernando@gmail.com,2495199315756
Amador,Esquibel,broybal@grupo.com,8404871925733
Zeferino,Santillán,eva80@laboratorios.com,9269234301671
Ilse,Mejía,acortes@hotmail.com,6543136826358
Ignacio,Malave,cristinacastellanos@gmail.com,0241774912759
Esmeralda,Hinojosa,josefinasaucedo@yahoo.com,5524026821720
Luis Miguel,Curiel,ssisneros@yahoo.com,6135294515261
Gerónimo,Rodrígez,castillojorge@carrillo-candelaria.net,9664985615785
Agustín,Pizarro,aalva@garza.com,7394644746171
Armando,Magaña,polvera@gmail.com,2917742162594
Esteban,del Río,renato85@soria.info,9451046231866
Lucía,Blanco,marisela52@hotmail.com,3075505084552
Adalberto,Mendoza,elenavillarreal@yahoo.com,0255402578686
Estela,Santillán,ursula50@vigil-aragon.com,2387634940995
Adán,de León,ana-mariaalcantar@yahoo.com,3883592008372
Zoé,del Río,itafoya@grupo.com,6031005803091
Federico,Vásquez,alonsogiron@corporacin.com,4196228798957
Bianca,González,renatoanaya@grupo.com,6167218042444
Miguel,Concepción,miguel-angelortega@hotmail.com,4282572559517
Humberto,Murillo,romojesus@gmail.com,8588786596280
Marisol,Flórez,mendezsilvia@lozano-gaytan.com,5010292708410
Barbara,Iglesias,olucero@merino.com,6727247444664
Noelia,Cadena,emilio22@menendez.com,9930401360865
Aldonza,Garay,tejedajaime@hotmail.com,4236721098371
Noelia,Benavides,ocasiograciela@grupo.com,7021295438643
Marisol,Magaña,nayeli12@gmail.com,9312765453501
María Teresa,Muñoz,eorosco@despacho.net,3982273310965
Linda,de León,luevanomarcela@yahoo.com,4054877753441
Tomás,Arevalo,maldonadomonica@industrias.org,5328801153456
Eduardo,Menéndez,francisco-javierperez@laboratorios.com,7447991641325
Jonás,Alvarado,ghidalgo@gmail.com,6842973065566
Noemí,Pedraza,berriosvictor@gmail.com,9060591984534
Hermelinda,Garibay,zacarias98@yahoo.com,9851126949593
Octavio,Otero,ifarias@hotmail.com,2834027313181
Luis Manuel,Sanches,natividadrangel@gmail.com,1680827526479
Yuridia,Ceja,violeta84@lucero-cervantes.info,4690761724983
Alvaro,Muñoz,delgadoanel@grupo.org,9015868069195
Claudio,Gaytán,carranzaelvira@torrez.org,0865477400266
Flavio,Garza,gamezmarisol@gurule.com,4010405499096
Fidel,Cotto,alemus@gmail.com,9807712615643
Emilia,Candelaria,montanonorma@gmail.com,3835446788798
Estela,Caballero,rquintero@gmail.com,7586098600392
Ignacio,Corona,farteaga@hotmail.com,4487994817671
Raquel,Barrera,espinalfrancisca@lucio.info,8902000541212
Flavio,Correa,rbarajas@despacho.org,2923228869732
Esteban,Cadena,hugo33@hotmail.com,6075205189245
Javier,Yáñez,reina94@proyectos.com,5595771089272
Evelio,Ibarra,kbeltran@despacho.com,1630332143010
Ana María,Galván,isaacgrijalva@verdugo-manzanares.com,5511268261358
Ivonne,Paredes,sanabriabarbara@osorio-corona.com,0676434024251
Samuel,Rosario,brisenoangela@gmail.com,6868771411485
Horacio,Sánchez,noriegamagdalena@yahoo.com,5840083363187
Frida,Rosado,guillerminagalarza@yahoo.com,3789963266678
Jacinto,Raya,villegasruben@grupo.net,5709530800586
Bruno,Melgar,japodaca@yahoo.com,0668808707098
Susana,Meza,dominguezeugenio@mateo.org,6673008549261
Jorge Luis,Pacheco,xmascarenas@gmail.com,9933147199037
Vanesa,Chacón,modesto61@gmail.com,3873032110866
Marcela,Macías,mirizarry@club.com,2215364938767
Magdalena,Urbina,rosarodarte@munguia-grijalva.org,0119070735685
Elias,Cortez,villalobosrodolfo@yahoo.com,2790307837534
Susana,Niño,omar21@mora-carrera.com,8255312073758
Josefina,Guardado,arredondosusana@jaimes.com,2273529885574
Paulina,Soto,caridad72@ulloa.net,7984617204688
Socorro,Vigil,mercedes34@proyectos.net,0147693479669
Miguel,Enríquez,jose-manuelmondragon@hotmail.com,6188006963430
Abel,Loera,parraangel@laboratorios.com,4388429535560
Daniela,Carrero,paulinadelgadillo@gmail.com,1693748182163
Linda,Cabán,tnava@yahoo.com,9742079361663
Pamela,Anaya,rodrigezcarla@hotmail.com,5294524837244
Inés,Gil,mayteecheverria@yahoo.com,6768146993578
Serafín,Madrid,hernanceja@laboratorios.com,1601738921519
Gregorio,Apodaca,gilberto45@despacho.com,1845126495760
Reina,Zapata,bacaarcelia@sandoval.com,3036826778337
Dolores,Rolón,aguileraclaudia@nunez-llamas.org,8403808602345
Diego,Esparza,zoe09@hotmail.com,7996598817823
Leticia,Mateo,berta78@valverde-navarro.com,0434235513674
Gabino,Aranda,jgonzalez@ontiveros.com,2366195613895
Beatriz,Miramontes,cottoamelia@yahoo.com,3692688640716
Samuel,Rosado,rsantacruz@altamirano.com,1522091304001
Gregorio,Estévez,rmontes@hotmail.com,2177922167275
Daniela,de la O,espartagaitan@grupo.org,0629766518698
Virginia,Chacón,negronmargarita@hotmail.com,3562394094675
Julia,Candelaria,gabinopichardo@industrias.com,5016314191217
Adalberto,Mejía,cresporodrigo@zamora.net,3789871958632
Dalia,Olmos,barajashugo@laboratorios.com,9235478743131
Isabel,Briseño,vavalos@proyectos.com,3404029727887
Gabriel,Cano,eugenia37@hotmail.com,6979517753023
Natividad,Castro,horaciomaestas@despacho.biz,8666853222130
María Cristina,Cornejo,mariana34@gmail.com,7317375280655
Rocío,Enríquez,sofia69@hotmail.com,1671832642785
Nadia,Rico,sandracastro@hotmail.com,7786231142599
Guillermina,Rodrígez,mayte08@yahoo.com,6715018411391
Elena,Mascareñas,salvadorcadena@hotmail.com,1928684127122
Nancy,Chavarría,virginia68@hotmail.com,9782727889146
Óscar,Salgado,rasconcamila@yahoo.com,8235144650336
Estela,Mesa,tmeraz@hotmail.com,4370948065708
Virginia,Montañez,xgranados@hotmail.com,3931504053299
Paulina,Godoy,nellyvillarreal@pedroza.net,4356574511079
Marisela,Colunga,lorenzo97@club.org,0675625357822
María Elena,Lucio,pamelasolano@centeno.net,5092390056861
Rosario,Sierra,xcortes@gmail.com,9831024297740
Elvia,Jaimes,escobedorosalia@yahoo.com,3033055525426
Silvano,Rangel,cruzangela@yahoo.com,4632656207477
Carlos,Gamez,de-la-cruzemiliano@despacho.info,0183451492671
Ariadna,Gastélum,xvela@hotmail.com,8346922649295
Patricia,Campos,alejandra64@hotmail.com,1849316232088
Timoteo,Vela,omarin@gmail.com,8906013907314
Julio,Nava,clerma@hotmail.com,7169059931407
Estela,Esparza,mirandarocio@hotmail.com,8888006886633
Héctor,Hernandes,margaritaraya@yahoo.com,6926274932633
Ofelia,Longoria,bianca09@hotmail.com,0869939580576
Luz,Venegas,drivas@gmail.com,8831152792671
Gonzalo,Luna,nazarioarcelia@gmail.com,8006591477357
Patricia,Madera,alcalaitzel@saucedo.info,8333684964431
Octavio,Paredes,noeliaarroyo@gmail.com,9183555212920
Felix,Chapa,mesajaime@club.com,3602355662501
Leonardo,Carbajal,rregalado@hotmail.com,3825261605997
Cornelio,Villa,bernabe61@gmail.com,1233237504300
Inés,Regalado,amaliasaldana@yahoo.com,0130913337709
Emilia,Delgadillo,francisca69@despacho.com,5811317556590
Mateo,Luna,espartaconieves@godoy-villalpando.com,0358700541377
Liliana,Meraz,clementecuellar@laboratorios.org,9590571978706
Cristal,Hernandes,jeronimoloera@grupo.info,0240220966197
Mercedes,del Valle,zcisneros@acevedo-olvera.com,4143538677378
Anel,Arellano,asuncionmiramontes@hotmail.com,5565232482124
Reynaldo,Iglesias,carolinabarrios@grupo.net,0686353529564
Lucas,Palacios,mpalomino@hotmail.com,5477071425026
Jorge,Arellano,luis-miguel20@hotmail.com,9121888365935
José Carlos,Avilés,gaytanpaola@hotmail.com,5912972196499
Roberto,Gutiérrez,aldo45@industrias.com,8316456804598
Ernesto,Campos,valadezgloria@hotmail.com,2987821624635
Natalia,Lucero,oozuna@salcido.com,6545669472708
Josefina,Mota,cecilia76@despacho.info,5881711501332
Francisca,Lozada,jaqueline66@hotmail.com,2189118200253
Alta  Gracia,Mateo,icenteno@yahoo.com,9843625771294
Gustavo,Almanza,casillaskarina@yahoo.com,8210088851206
Clemente,Flores,normacovarrubias@hotmail.com,6872468721470
Andrea,Tovar,ucarvajal@yahoo.com,1555697959257
José Manuél,Lemus,estefania88@ramon.info,7818133106378
Felipe,Lerma,rubiosalma@gmail.com,1376946299297
Martha,Villareal,teranmarcos@muniz.biz,0242407175414
Hernán,Marín,brivas@club.com,5753463701719
Catalina,Ontiveros,aidaosorio@gmail.com,7287625610202
Rosa,Batista,claudiorincon@gmail.com,3088269507198
Indira,Ontiveros,claudiodelgadillo@acevedo.com,9867710330805
Luisa,Cotto,uponce@curiel-carvajal.com,4989856749727
Araceli,Urrutia,zcorrales@hotmail.com,3245849863108
Alonso,Vélez,pascual73@gmail.com,5815944404999
Mauro,Zedillo,elovato@corporacin.com,6473371799241
Serafín,Jasso,celia17@mares-becerra.com,0895161488670
Teresa,Díaz,umartinez@laboratorios.com,1516669574614
Luis Manuel,Contreras,ruby54@hotmail.com,9003179054579
Natalia,Ybarra,avega@avalos.org,6876163555931
Carolina,Olmos,molivas@despacho.com,9620957431766
Lourdes,Bueno,jonasguevara@yahoo.com,4473944614359
Juan Carlos,Villa,georginamartinez@solis.org,2977124778255
Silvia,Figueroa,silvanomadrid@yahoo.com,0513513870785
Nelly,Brito,murillorodolfo@gmail.com,3078555109190
Ricardo,Nájera,ignaciocastro@industrias.com,1390377125873
Sara,Hurtado,vegasocorro@yahoo.com,0409893557699
Flavio,Arias,nayeli54@limon-moreno.com,9749939493251
Andrea,Báez,laura38@enriquez.com,4853284077458
Alfredo,Cervántez,navarene@gmail.com,0694396775888
Gabriel,Núñez,raul95@orosco.com,3601467340918
Alfredo,Zarate,hontiveros@giron.biz,7503455408227
Alfonso,Guajardo,conchitabustamante@davila.net,1658173508551
Rocío,Bustamante,irene44@guajardo.com,1276923434996
Carla,Arriaga,fesquibel@proyectos.info,1966799148558
Gerardo,Pineda,carolina45@laboy.info,0860117123052
Dolores,Ballesteros,zacarias29@angulo.net,9545688997651
Ramón,Mendoza,ruben75@corporacin.com,7896145732489
Amador,Carrasco,apedroza@lara-iglesias.com,9905498527122
Carlota,Negrete,alejandro98@lugo.com,6344185492026
Mariano,Acevedo,israelballesteros@hotmail.com,3460834072554
Esteban,Briseño,santiagomadera@gmail.com,0718627749739
Norma,Ulibarri,mateo90@proyectos.com,1954442185890
Noelia,Casas,nvela@yahoo.com,3242416651909
Ana María,Madrid,lourdesborrego@yahoo.com,0500786050152
Delia,Rodarte,acevedosilvia@hurtado-escobar.net,7472481392474
Verónica,Ceballos,godineztania@hotmail.com,2067333721010
Benjamín,Carranza,marco-antonio52@gmail.com,6385345524388
Omar,de Jesús,mercedesmena@hotmail.com,7466105276816
Uriel,Díaz,qrincon@hotmail.com,4480607955270
Alvaro,Durán,olugo@hotmail.com,8766024991676
María Cristina,Montez,ymunoz@gmail.com,3679202543532
Felipe,Valle,ofeliabustamante@gmail.com,9221348781236
Alejandra,Aragón,guevaraantonia@tapia-posada.com,1783963737388
Fernando,Zúñiga,luis-miguel04@tovar.com,7656437856770
Micaela,Magaña,tania07@laboratorios.com,5411976084018
María del Carmen,Carrera,isabelolivarez@del.com,7702083355652
Elvira,Contreras,juliootero@hotmail.com,3488880509228
Mónica,Rentería,zde-la-rosa@proyectos.biz,6820253396598
Micaela,Linares,taguilera@grupo.com,3093238351592
Judith,Griego,zoeangulo@palomo-centeno.org,1696519815175
Helena,Segura,samuel71@del.com,7494886377129
Cynthia,Canales,ivonneurbina@mendoza.net,8500020366459
Soledad,Miramontes,osanabria@gmail.com,6801117998684
Flavio,Franco,aracelirosario@hotmail.com,3167190904173
Esther,Lozano,uribejonas@gmail.com,8445047003921
Guillermina,Loya,berriosmiriam@yahoo.com,5975588961521
Fernando,Partida,lgomez@gmail.com,8188917998990
Armando,Montero,enriquezjorge@razo.com,6431433635393
Marisol,Zedillo,rabreu@gmail.com,1341973968966
Luisa,Valdez,lucas81@gmail.com,6312839026776
Gabriel,Arenas,lomelilorenzo@yahoo.com,9911325729120
Vicente,Centeno,pmonroy@collazo.com,0611007740757
Amador,Macías,aldonza17@corral-hernandez.com,5749214281165
Ángela,Juárez,ofeliachavarria@colon.org,9348679201312
Bernabé,Zamora,karina35@yahoo.com,1655719545435
Rufino,Laureano,lorenzobermudez@altamirano-veliz.com,9473333984268
Rocío,Marrero,hsosa@yahoo.com,5816909018453
Lilia,Murillo,herediajose-manuel@giron-zambrano.com,5842886658604
Marisol,Armendáriz,yballesteros@de.com,4217819261082
Ofelia,Casanova,cristian25@yahoo.com,8181821524880
José Emilio,Barela,eugenia22@gmail.com,7496966053595
Elsa,Jiménez,eduardomaldonado@club.com,1381333283976
Estela,Mora,ballesterosyolanda@proyectos.com,7097966782360
José,Robles,elsavalle@yahoo.com,2068088200079
Natalia,Paredes,bernardoruiz@yahoo.com,9503530800274
Gabino,Ruiz,loyaalberto@montemayor.com,4894690918099
Miguel Ángel,Quesada,alta-gracia76@despacho.com,8150370082254
Nelly,Melgar,carlota20@hotmail.com,3299308034178
Flavio,Méndez,lorenzoperea@gmail.com,7311819042207
Esparta,Domínguez,jacobo89@galarza.com,0486145367354
Gonzalo,Gálvez,santacruzrosa@paez-soto.net,2291836210149
Gregorio,Guillen,tpalacios@corporacin.com,5557030109929
Adriana,Soto,alonsomiguel@corporacin.org,0720219535361
Juan,Henríquez,dtapia@de.com,2008117060527
Josefina,Valencia,araceli79@yahoo.com,0278598261176
Pilar,Nieves,alfarohilda@montemayor.com,6969258009346
Tania,Aguilar,voquendo@yahoo.com,6002025914214
Catalina,Murillo,yperalta@gmail.com,2246428679287
Mauro,Treviño,aparicioclara@laboratorios.biz,4475745419697
Blanca,Robledo,cejacristal@yahoo.com,6104103690171
Laura,de la Fuente,dontiveros@soliz.com,9338927982488
Gloria,Gamboa,rsepulveda@nino.com,9637412731887
Delia,Mireles,cristal27@hotmail.com,3010141178100
Adriana,Cervantes,raulbueno@paredes-castaneda.net,0854019477282
Carlos,de la Garza,pirizarry@gmail.com,6416711187143
Joaquín,Mayorga,enrique32@arteaga-armenta.com,1667660862641
Elena,Ayala,karlabenavides@yahoo.com,6896639445233
Ramón,Quesada,barrientoshumberto@coronado.net,5469850759628
Daniel,Rosales,juradohelena@gmail.com,9342659099699
Alonso,Madera,natividad15@gmail.com,9760301975111
Francisco,Batista,isabela27@saldivar-pulido.com,9694658533676
Oswaldo,Carvajal,nnarvaez@yahoo.com,0500623269483
Luis,Haro,qmadrid@barrios.com,7081628919463
Isaac,Chapa,angelamenendez@burgos.com,1967312093743
Adriana,de la Crúz,angela04@hotmail.com,8173898607852
Yuridia,Maldonado,georginabadillo@hotmail.com,4517808489339
Abraham,Santacruz,fsaiz@yahoo.com,2933171282420
Rolando,Luevano,anguianoesther@yahoo.com,3567759047211
Perla,Rolón,marcos31@club.org,3464656138490
Cristian,Acuña,ilugo@castaneda-nunez.com,4345857118590
Teodoro,Ramón,leonelvalles@despacho.com,9332204838740
Rodolfo,Montenegro,ulloanancy@industrias.com,5838263563639
Miriam,Cotto,lucas98@cotto.com,2231380124689
Ana Luisa,Barrera,jesusacevedo@yahoo.com,1398030774159
José Eduardo,Viera,alcantarreynaldo@granados.com,3864140454604
Santiago,Herrera,indira82@club.com,5420617439364
Noemí,Cisneros,cristaljurado@yahoo.com,5842936221356
Wilfrido,Madera,jassoalonso@montoya-lopez.net,3670330014585
Cristian,Carbajal,javierrodarte@hotmail.com,8639733053797
Alberto,Portillo,mcalvillo@olvera.com,9203738090778
Jerónimo,Ceballos,caridad23@gmail.com,6937917879344
Cynthia,Galván,palomovirginia@club.com,6818116034143
José Manuél,Lemus,leticia72@despacho.biz,8597204726250
Arturo,Hinojosa,perla56@vargas-zedillo.com,0572526608530
Mercedes,Torres,rvelazquez@proyectos.com,0082643555084
Porfirio,Ávalos,calderonsocorro@medina.org,4622106190814
Roberto,Medrano,escobargabriel@yahoo.com,3413283645119
Gabino,Vega,lebrongabino@cervantes.com,0234021392077
José Luis,Pizarro,augusto11@hotmail.com,9095955172951
Francisco Javier,Castillo,mayorgaandres@marroquin-arce.biz,1637129882368
María Elena,Razo,estela21@club.net,8826798358407
Frida,Mireles,ybarramargarita@hotmail.com,9890019714149
Teresa,Fajardo,cristalpalomo@gamez.com,4579061138282
Reynaldo,Cisneros,mario56@yahoo.com,3760028101930
Silvano,Gaytán,perlabarreto@otero.com,4373725715028
Tomás,Nazario,gironeloisa@yahoo.com,4389418849518
Felipe,Cuellar,sulibarri@gmail.com,3563421843247
Marcela,Saucedo,emalave@hotmail.com,4503969085642
Luis Manuel,Rivero,rubencolunga@hotmail.com,2734002725949
Nelly,Curiel,maria-jose81@hotmail.com,1575176755102
Agustín,Lomeli,claudio63@pina-aranda.net,1601315619458
Gustavo,Aguilera,rodolfoperea@yahoo.com,0891228530747
Pamela,Ochoa,rasconhumberto@yahoo.com,6582411611025
Arturo,Arce,manuel86@hotmail.com,7812739717173
Ilse,Lemus,srendon@hotmail.com,4958099491371
Cecilia,Montalvo,ivaldes@gmail.com,0400326803509
Armando,Naranjo,vcorrea@yahoo.com,3716052355284
Lucía,Granados,barbara69@carrasco.com,3911496730292
Reina,Lucio,tijerinalorenzo@yahoo.com,1563215407521
Marcos,Treviño,floresblanca@yahoo.com,5972756246312
Fernando,Meléndez,hzamudio@despacho.org,5793378860868
Wilfrido,Gallegos,jacobo49@despacho.com,3824245282260
Samuel,Gil,serafinguevara@laboratorios.com,1682410800611
Amelia,Ponce,arandaesther@hotmail.com,6332801497480
Luz,Miramontes,irene96@guerra.net,2375359739142
Marisela,Delgado,rocio16@hotmail.com,8520568354130
Joaquín,Sarabia,cesarvera@hotmail.com,5336397853714
Mauricio,Mascareñas,nmondragon@gmail.com,7503181569213
José Manuél,Ávila,monica24@segura-garica.com,9951066303218
Tania,de la Garza,arturotellez@badillo-ibarra.com,3374827512895
Sofía,Mascareñas,franciscomata@curiel.info,8938580677147
Lorena,Acevedo,ovalentin@avila-velez.com,5713747221378
Jerónimo,Jiménez,oparedes@peres-pulido.net,7692433668153
Virginia,Roque,ngalvez@gmail.com,3565681802407
Martín,Roque,salvador61@laboy.net,8367619854062
Miguel,Zavala,ypalacios@hotmail.com,0542322084778
Bruno,Escobedo,fridacovarrubias@proyectos.com,0252201821349
Asunción,Armendáriz,becerrafelipe@grupo.biz,0990238036667
Rafaél,Rendón,carolinazambrano@pelayo-mendoza.biz,7264568268956
Abril,Valenzuela,fridagaona@jaime.biz,9258513816764
Oswaldo,Olivo,mrodrigez@club.org,0683220723911
Bernardo,Caballero,modesto86@yahoo.com,1249454878195
Darío,Villaseñor,barrazaariadna@yahoo.com,4164068317396
Marcos,Menéndez,henriquezjose-maria@menchaca-escobedo.com,1978847441324
María Luisa,Mondragón,elias49@avalos.com,4005719981557
Camilo,Valdés,zaragozacelia@yahoo.com,7735122693859
Débora,Morales,jlugo@villasenor.com,2462596889346
Samuel,Tovar,dolorescaraballo@hotmail.com,8939667102042
Gonzalo,Lucio,vde-la-cruz@camacho-rolon.net,4618299979914
Gabriela,Valenzuela,ozunaenrique@yahoo.com,7919967652147
Espartaco,Pulido,maria-eugenia97@grupo.com,9557308361112
Salvador,Vergara,veramaria-teresa@ontiveros.net,5977434798580
Vicente,Castro,fidelcornejo@hotmail.com,2861130908743
Humberto,Mesa,saizmaria-luisa@despacho.biz,0511333051399
Luis Miguel,Paredes,galarzaliliana@yahoo.com,1332663076388
Óliver,Rentería,hsoliz@industrias.com,5129772150912
Sandra,Treviño,nazariomaria-del-carmen@collado.com,3380186027789
Luis,Razo,eva46@gracia.com,9430055147329
Israel,Llamas,ivangaribay@yahoo.com,5143078803676
Conchita,Perales,calderoneric@nieves.biz,7391083285891
Julia,Carrión,emiliano66@yahoo.com,5711639511184
Irene,Barragán,oscar11@yahoo.com,4236224381287
Helena,Vaca,usalgado@gmail.com,5668275049797
Raúl,Cabán,montesjorge-luis@segovia.biz,2063003528874
Francisca,Guajardo,benjaminarellano@gmail.com,9232954802001
Nelly,Rivero,maria-luisacalderon@corporacin.com,1545078328181
Diana,Valle,javier20@ruiz-bonilla.com,8380571300285
Ruby,Loya,munguiaolga@hotmail.com,2214939995736
Nancy,Barrientos,porfiriogamez@gmail.com,0093745591690
Diana,Olivárez,paolaoquendo@laboratorios.com,3562767669668
Lorenzo,Sosa,gonzalo25@industrias.com,3071830580814
Diana,Cazares,tomas35@hotmail.com,8254773706942
Sergio,Arce,daliarael@despacho.com,0570934898259
Barbara,Balderas,enriquezluis-miguel@hotmail.com,9114841688946
Luz,Cadena,jllamas@yahoo.com,5498188796161
Gerónimo,Muñiz,nicolaselizondo@gmail.com,9186364187030
Teresa,Arellano,ricardo82@industrias.com,1303060123646
Hermelinda,Cervántez,aguirreluisa@hotmail.com,1296296461343
Carlos,Quintero,velasqueznatividad@yahoo.com,1670241812229
Mercedes,Véliz,elvia44@gmail.com,6162694382863
Adalberto,Villalobos,romeroperla@yahoo.com,6614090041419
Dalia,Olvera,tejadablanca@rangel.com,0314851805645
Luis,Valenzuela,oalvarado@industrias.info,9177334650776
Verónica,Ocampo,rene21@yahoo.com,5688434717165
Adriana,Lugo,xdelgadillo@yahoo.com,0877611886184
Andrés,Vázquez,conchitavergara@escamilla.com,4479378140007
Julia,Aguayo,smercado@yahoo.com,8225649826008
Pedro,Chavarría,marco-antonio87@gmail.com,2994828852112
Humberto,Parra,hector53@industrias.com,3786132218151
Martha,Juárez,ksegura@mata-tamayo.org,9404433772786
Raúl,Gutiérrez,slaureano@yahoo.com,7409763314716
Alta  Gracia,Rentería,salcantar@proyectos.com,7506691789150
Alvaro,Mejía,solizzoe@hotmail.com,3832512925731
Carmen,Gonzales,apodacaisrael@gmail.com,6163233797112
Santiago,Palomino,olivasasuncion@yahoo.com,3842025637772
Ramiro,Ruiz,mmontanez@guerrero.com,6106758063899
Anel,Santiago,marcos87@hotmail.com,5771364767595
Miguel Ángel,Rodríquez,salcedoguillermo@gmail.com,8029200127847
Marisol,Pizarro,cepedalorena@hotmail.com,7051862950757
Agustín,Verduzco,liratania@zarate.com,1661174516322
Ana Luisa,Baca,ide-jesus@yahoo.com,5551086204150
Julia,Amador,dario43@gmail.com,0813973680873
Mateo,Guardado,toledoluisa@yahoo.com,5618338432512
Aurelio,Tejada,tomas51@despacho.net,1145336310413
Emiliano,Terán,terrazasbarbara@yahoo.com,2994210433992
Rolando,Guillen,hvasquez@arroyo-portillo.com,4656321951492
Claudio,Mejía,isaac63@hotmail.com,0779919016762
Elsa,Molina,rebeca88@gmail.com,5759727618100
Mario,Aguilar,zacarias13@soto.com,5518213081580
Andrea,Rivas,montalvoariadna@nieto.com,4392027798402
Óscar,Valentín,ccordova@gmail.com,2907564720579
Eric,Escobar,smartinez@yahoo.com,1886235632088
Úrsula,Maestas,maria-luisa85@despacho.com,7077328769120
Mauricio,Arreola,liliana81@yahoo.com,6692953455818
Iván,Ramírez,hcordero@gmail.com,9238101042598
Frida,Padrón,qparra@proyectos.biz,4513986910900
Jaqueline,Ortega,cornelio40@laboratorios.com,2331749334118
Gerónimo,Benavides,cavazosabel@yahoo.com,9148427894698
Noemí,Jaimes,salinasgilberto@yahoo.com,3966552489480
Lilia,Arguello,ariadna83@gmail.com,9532625678519
Laura,Lebrón,arandaleonardo@yahoo.com,6816721195624
Irma,Serna,focasio@yahoo.com,2690521754036
Cynthia,Marrero,partidanatividad@yahoo.com,1109063690939
Marco Antonio,Griego,opedraza@hotmail.com,4951393285496
Ángel,Ulloa,jaimegranados@hotmail.com,9545769289280
Nicolás,Cortés,jvaldivia@yahoo.com,6478254130075
Dulce,Collazo,iulloa@jaquez.com,8865072597861
Alma,Solorzano,omadrigal@cordero.net,4077787912282
Lorenzo,Ocampo,sevillaalejandro@gmail.com,5430738964786
Daniela,Segovia,lindatello@ponce-benitez.com,5654956600721
Eduardo,Maestas,rosario51@hotmail.com,7318130761559
Nadia,Oquendo,fabiolaorozco@benitez.com,3360944285653
Trinidad,Villalobos,dmireles@mondragon.net,2219185409112
Noemí,Cabán,emilio01@gmail.com,9889226209545
Rosa,Rivero,isabela64@proyectos.net,1298447825889
Blanca,Cardenas,lucas27@club.info,0743978190387
Aurora,Díaz,aguirrefidel@yahoo.com,6371242020765
Gustavo,Griego,mirandalilia@blanco-valencia.com,6379918895095
Serafín,Reynoso,arceliaparra@hotmail.com,4482122035796
Felipe,Carvajal,cristal83@gmail.com,9620177175610
Minerva,Mercado,raul57@solorzano-armas.com,5555208906530
Ángela,Romero,berta74@riojas.com,4356159833254
Adalberto,Montemayor,rojocitlali@ibarra.com,6181816551744
Gabriela,Bravo,xrael@gmail.com,8653714867013
Estela,Bañuelos,mitzy47@gmail.com,0208185633664
Augusto,Vigil,navarretejulio@gmail.com,1079753427758
Alonso,Rivero,maria-luisa66@yahoo.com,5323492024806
Sofía,Palacios,ibarraza@jaime.org,1267888534712
Israel,Quintana,canogabriel@madrid.com,3693815618462
Luis,Armenta,maldonadohomero@club.info,3808584834221
Raquel,Vera,rreynoso@mojica.org,0044355274505
Bruno,Marín,juan59@acevedo.com,0249253185285
Antonia,Dueñas,acevedomarisela@hotmail.com,5440945382831
Juana,Pacheco,concepcionbatista@hotmail.com,5062193376410
Elisa,Luevano,vparra@yahoo.com,1274679541435
Federico,de la Crúz,gracielaaguirre@laboratorios.com,6241360953761
Susana,de la Fuente,zoe26@duenas-osorio.com,1205076544002
Aida,Cotto,vojeda@gmail.com,3878465483368
Mateo,Crespo,amagana@hotmail.com,5326620022323
Roberto,Fajardo,villarrealjose-luis@yahoo.com,3071447067151
Gabriel,Leiva,ecarrera@gmail.com,0192275412263
Abril,Delgado,espartaquinonez@gmail.com,6031639559850
Miriam,Leiva,mariselaquiroz@hotmail.com,3167720904459
Norma,Caraballo,velazacarias@corporacin.com,4889159230061
Josefina,Gurule,indira77@gmail.com,0452468695610
María Luisa,Escobedo,qsoliz@club.info,8921609211819
Iván,Mondragón,lemuscaridad@hotmail.com,5456638677290
Alvaro,Rosario,qcollazo@hotmail.com,9489237921513
Germán,Benavides,elenabrito@laboratorios.com,2368248684425
Josefina,Ojeda,minervagonzalez@garrido.com,7817291329556
Liliana,Castellanos,estebansalgado@yahoo.com,1326836909392
Francisca,Reséndez,mharo@gmail.com,4607579315658
Daniel,Segura,escobarrufino@peralta.com,9464954200472
Rubén,Piña,juan-carlosabrego@yahoo.com,8873167999999
Cristal,Gamez,pvergara@gmail.com,4265836943246
Araceli,León,olgaortiz@yahoo.com,6022649222477
Omar,Correa,vergaralorena@hotmail.com,0973616352272
Marcela,Vera,duenasmaria-eugenia@corporacin.biz,2371209184940
Noelia,Verdugo,maria48@yahoo.com,6052116485554
Juan Carlos,Camarillo,zavalagerman@industrias.org,7690549122942
Esteban,Aparicio,jorge38@gmail.com,9677938520457
Marco Antonio,Marrero,maria-del-carmen69@industrias.com,7092896162500
Abel,González,timoteo62@hotmail.com,6996285290426
Emilia,Serna,nievesluis-miguel@lugo-valles.biz,5881939445216
Alonso,Lebrón,vallesluis-manuel@hotmail.com,4883371201785
Alejandra,Briseño,mateosamaniego@grijalva-gallegos.com,8329377531379
Omar,Esquibel,amalia82@gmail.com,7572683516055
Víctor,Páez,mariaquezada@matos.com,9919452373074
Francisco Javier,Colón,gcabrera@olivares-escobar.com,5764427716081
Catalina,Velasco,pcervantes@yahoo.com,0468429576049
Raúl,Carreón,cristian56@gmail.com,2095730226503
Ivonne,Marrero,collazofrancisco-javier@hernandes.com,3209082408719
Alta  Gracia,Olvera,cristianmaya@carmona-navarro.org,8719618752382
Georgina,Terrazas,nquinones@hotmail.com,5274370124011
Juan,Tafoya,carlosroque@caraballo.com,0893830554891
Concepción,Navarrete,tania32@moreno.org,2942155344080
Daniel,Grijalva,judithlara@hotmail.com,0351760691368
Gonzalo,Vela,amelia98@hotmail.com,3239590601426
Cristal,Haro,cgarica@avila.com,4732128201570
María,Flórez,cborrego@yahoo.com,1156989100173
Isabela,Aguilar,palomoemilia@yahoo.com,4951436650571
Marisol,Calvillo,tgaona@hotmail.com,8140196549524
Wendolin,Guillen,ofigueroa@gmail.com,9447820199280
Barbara,Olivo,vasquezfederico@carrasco.org,0052199613465
Helena,Alejandro,smuniz@hotmail.com,2721655123362
Micaela,Llamas,henriquezamelia@tapia.com,1228088851388
Guadalupe,Girón,jde-jesus@cazares-cisneros.com,5101997448163
Emilio,Quintero,mascarenaslucia@hotmail.com,2971739515970
Jacobo,Calvillo,elsa93@gmail.com,8895966355887
Abel,Flores,gsolorzano@yahoo.com,7034542226846
Irene,Pineda,orodarte@yahoo.com,8426105169612
Minerva,Castañeda,nataliabaca@mascarenas-montoya.com,1908774390811
Gregorio,Covarrubias,golmos@yahoo.com,1966500708030
Alonso,Samaniego,wamador@negron.info,1831040325862
Marisela,Tejada,georginaveliz@hotmail.com,9713879328982
Socorro,Roldán,berta11@yahoo.com,4033057857905
Josefina,Serrano,natividad89@proyectos.org,1962947760447
Benito,Griego,asuncion64@corporacin.com,7655826852874
Silvia,Vaca,ydiaz@hotmail.com,2106013876862
José Eduardo,Colón,bsaiz@hotmail.com,2097811916116
Elvia,Bonilla,ncordova@galvez.com,9981470662627
Hugo,Paredes,mcandelaria@despacho.com,6441396086460
Germán,Palacios,loeradaniel@rosado.com,6153247108586
Olivia,Bustos,aida34@alvarez-franco.com,7333517630278
Martha,Guevara,monterobenjamin@hotmail.com,2625265670493
Adriana,Almanza,dbarreto@grupo.com,6931825039449
Ariadna,Santillán,genarolerma@yahoo.com,6002923207455
Adriana,Romero,diegolemus@hotmail.com,2533870501200
José Emilio,Lozano,tomas42@rivero-colunga.biz,9137475530947
Paola,Beltrán,horosco@veliz-loera.net,6532106142847
María Cristina,Haro,sernarolando@hotmail.com,4974594931762
Marisol,Matías,doloresaguilera@gmail.com,7410030883527
Teresa,Madrid,nlerma@zarate-barela.com,1993773021687
Marcos,Grijalva,pilar84@grupo.org,4599391198933
Isaac,Colunga,jose-emilio68@sauceda-madrigal.com,2662549582381
Asunción,Adame,armando50@yahoo.com,4100718328996
Jorge,Becerra,britoalicia@yahoo.com,7215911651842
Camilo,Fierro,helena57@grupo.com,2148194748798
Elisa,Castañeda,nmunoz@gmail.com,8627688935768
Sergio,Rojo,renecepeda@mesa.biz,1787042049711
Helena,Nevárez,jaquelinepedroza@yahoo.com,7653555783385
Felipe,Montes,joaquin14@robledo.com,3254507233181
Rolando,Apodaca,brunoaragon@club.com,2170169038313
Mario,Fonseca,joseestrada@hotmail.com,6403106650437
Luisa,Arguello,marianacandelaria@munoz.com,7686010774666
María Teresa,Nájera,jarroyo@grupo.com,0211841320769
María Cristina,Aparicio,claudioorellana@corporacin.com,8504663074993
Graciela,Gracia,ivelez@despacho.biz,7969276406832
Elvira,Rosado,aponteeloisa@grupo.org,3582835791453
Silvano,Mendoza,corralescristian@reyes-macias.info,8402349857324
Dolores,Gómez,jesussoto@luevano.net,2234065110074
Norma,Marrero,oscar49@gmail.com,6003014918374
Alejandra,Nazario,esmeralda39@madrid.com,7163837978134
Jorge Luis,Arellano,serafinpabon@crespo.org,1783075680925
Alejandra,Caldera,cantufelipe@curiel.biz,8068313132444
Israel,Montañez,violeta38@hotmail.com,0564749597316
Vanesa,Griego,caridadontiveros@industrias.net,2273083114098
Lilia,de la Fuente,medinapatricio@hotmail.com,2726144069630
Pablo,Vigil,de-la-oberta@yahoo.com,8415084849144
Roberto,de la Torre,enriquevaldes@holguin.com,3602289670888
Elisa,Velásquez,aldo65@rojo.com,1816869449514
Cynthia,Colón,nquintana@yahoo.com,2127431863974
Martín,Irizarry,sofiacardona@quintero-puga.com,5914801985654
Dulce María,Castellanos,lorenzo95@rivas-alejandro.com,2728747059217
Berta,Maldonado,liliana98@hotmail.com,1057984473603
Alvaro,Roybal,casillasdulce@gmail.com,5047517245934
Alma,Nava,valadezjonas@yahoo.com,8893805855416
Irene,Robledo,evaca@hotmail.com,1571328180226
María Elena,Munguía,josefinacollazo@gmail.com,3205184810344
Juan,González,barrerafelix@palacios-aviles.biz,8699534776643
Catalina,Urrutia,alicia41@pedraza.com,7176811176101
Hugo,Lara,alonsoelena@grupo.com,6792192796603
Mariana,Aponte,rosario98@hotmail.com,9466697966529
Judith,Solís,sviera@nazario-ochoa.com,9605790421766
Alejandro,Mejía,melgarolivia@hotmail.com,0634414764275
Leonel,Ortega,guribe@sepulveda.com,3865471357825
Fernando,Peña,buribe@hotmail.com,2119236005799
Omar,Limón,trinidadzamudio@hotmail.com,5007124906683
Susana,Brito,itzelcuellar@gmail.com,2034319641500
Soledad,Leyva,santiagoestela@despacho.com,2907146249972
Elsa,Orozco,luz53@gmail.com,8138493927194
Elisa,Franco,fsierra@yahoo.com,8633219222640
Cecilia,Valladares,elenavasquez@corporacin.com,9401662911534
Eloy,Medina,guillermobueno@bahena-valentin.com,9497905624747
Gabino,Rael,velazquezignacio@gmail.com,2699803790896
Víctor,Sotelo,haroalberto@hotmail.com,0599933281173
Ernesto,Cepeda,herediaconchita@yahoo.com,4050212937505
Carla,Sierra,vanegasvictor@corporacin.com,5930347849825
Lorenzo,Viera,maria-luisa53@proyectos.com,0772484538926
Salvador,Quintero,rosaliacastellanos@yahoo.com,4861127602626
Cristobal,Valladares,mguardado@barreto.com,6387701830059
Carolina,Castellanos,francisco71@hotmail.com,5398159948251
Marco Antonio,Soliz,ursula40@corporacin.com,8808803185696
Elisa,Baca,quesadatrinidad@tijerina.com,1756484462476
Alejandra,Guardado,ygarrido@industrias.com,0832507714920
Victoria,Abrego,dhinojosa@zelaya-negron.com,8745399297479
Rubén,Matías,gonzalo09@grupo.net,6432487933649
Citlali,Tejeda,muronicolas@serrano-medina.org,3951511176304
Esther,Castañeda,moyamiriam@martinez.com,5453404854964
Genaro,Salcedo,mayajeronimo@tejeda-madrigal.com,6332144529410
Trinidad,Soliz,armentarodolfo@gmail.com,2644474239124
Josefina,Barreto,uriaslucas@laboratorios.com,2340858827614
Zeferino,Ybarra,partidajacobo@hotmail.com,3319372020847
Raquel,Tijerina,natividaddelgado@hotmail.com,3980202740329
María Luisa,Munguía,kgollum@serrano.com,9644368018739
Cristian,Garay,alicia68@hotmail.com,5752429488848
Gerónimo,Farías,deliaprieto@industrias.biz,2754706778165
Nayeli,Razo,olga71@zarate-zamudio.com,6341418024715
Mauricio,Gil,ynieto@grupo.com,8758851605398
Verónica,Ledesma,natividad58@yahoo.com,0449761847455
Eric,Granados,miramontesjose-luis@hotmail.com,9775049324288
Mario,Colón,isegura@gallegos.net,7645902653588
Diego,Gracia,sortega@escobar.com,0689103342354
Gonzalo,Luna,estebancardenas@pizarro.com,2494082265297
Marcos,Camarillo,alvaroquinonez@yahoo.com,6933604074179
Abel,Galindo,valentinsandra@corporacin.com,7925816975877
Gabriel,Santiago,zarce@proyectos.com,5189501693587
Leonor,Luna,kgrijalva@yahoo.com,3921879279742
Abel,Montaño,collazomarisela@club.com,8333453777293
Caridad,Peralta,helenaescobedo@gmail.com,7090435131874
Manuel,Ontiveros,natividad63@aparicio-solis.com,4249948250251
Mariano,Zarate,gaonajacobo@apodaca-garibay.com,4271096117694
Carolina,Cano,angelicahernadez@quesada-osorio.biz,2800971590661
José,Cantú,flaviocolunga@gmail.com,7448557420428
Dulce María,Pulido,hvaldivia@proyectos.org,3496329458395
Judith,Navarro,zornelas@grupo.com,8273571207140
Fabiola,Becerra,oiglesias@gmail.com,2406620316684
Helena,Santiago,canoeduardo@hotmail.com,5934754775640
Martha,Rangel,daliasaldana@laboratorios.com,3124669703101
Eric,Velásquez,jose-eduardo72@guillen.info,1784377998405
Espartaco,Sandoval,arceliaescamilla@villasenor.com,8078182967206
José María,Franco,soledad00@bueno-linares.com,5493390579804
Elsa,Garrido,grolon@gmail.com,4679976608532
Paulina,Perales,alejandrarodrigez@gmail.com,9954291399310
Sonia,Gaona,fchacon@hotmail.com,8641877479031
Hugo,Rivero,georgina35@hotmail.com,4622618640318
Sonia,Orta,pmanzanares@gmail.com,3351121216570
Rodolfo,Solorzano,nunezalta-gracia@despacho.com,2081999926552
Maximiliano,Grijalva,amelia21@valverde-osorio.org,5282709917152
Ángel,Batista,celiasarabia@gmail.com,1438376394659
Ricardo,Ortega,eveliojaime@palacios.com,4249981293866
Natalia,Macías,vgaribay@yahoo.com,2979547642479
Patricia,Ontiveros,francisco-javiergriego@despacho.com,1434325294356
Leonel,de la Rosa,oelizondo@haro.net,5161329630009
César,Valdez,qchavarria@rivera-regalado.org,8438451944759
María Elena,Estévez,hernan39@club.info,5875030457385
Pamela,Santacruz,tania87@yahoo.com,4338808235648
Genaro,Segovia,marisol12@yahoo.com,6924624701988
Trinidad,Urrutia,villanuevaminerva@yahoo.com,0339552793814
Luz,Gaona,pachecomaria-eugenia@olivarez.com,5936982507149
Armando,Alva,francisca89@gmail.com,8965891511929
Caridad,Merino,rebecabarrios@orta.com,6110359908866
María del Carmen,Carrero,marioalcantar@yahoo.com,9150925258383
Isabel,Jimínez,gmarquez@gmail.com,3269592892281
Gerardo,Tello,rvallejo@club.com,6629996809837
Minerva,Garibay,veronica65@hotmail.com,7317060875893
Federico,Barajas,oacuna@gollum.com,8318990531245
Abel,Medrano,ruizdelia@hotmail.com,0897007812480
Ángela,Centeno,carmensamaniego@despacho.com,8436365880016
Frida,Nieves,jesus60@gmail.com,6761485844574
Anabel,Peres,brisenomartin@solano.net,2199767274593
Arturo,Avilés,padronandrea@angulo.com,2214326862041
Estefanía,Camacho,garridoisaac@gmail.com,4933939873497
Cristian,Montemayor,alfredo59@aguirre.com,6958221479479
Eva,Lomeli,arriagaeva@yahoo.com,2274367226501
Leticia,Bonilla,mariana11@club.biz,4771151598365
Jorge,Zelaya,ana83@cantu-archuleta.org,7249099247879
Georgina,Moya,velezrolando@benavidez.info,3113152222782
Carlota,Corral,emiliano23@orta.com,1216407178242
Renato,Perales,jose42@montero.org,2623271540131
Frida,Mendoza,guillermo47@despacho.com,3587198817268
Rosalia,Serrato,hcaban@yahoo.com,5516467734190
Gabriela,Montero,fernandocolunga@hotmail.com,1331584968728
Abril,Lira,soriamargarita@yahoo.com,2780800887922
Angélica,Acosta,matoscitlali@aguilera-echeverria.org,1780813864351
Gabino,Parra,itzelcalderon@gmail.com,1993674936766
Eric,Gamboa,dcordero@corporacin.com,9746321587741
Genaro,Díaz,huertajulio@hotmail.com,0859840685405
Minerva,Mateo,ericmenendez@laboratorios.org,3962279033732
Ofelia,León,amanda09@gmail.com,0538105776828
Joaquín,Alcaraz,baezdolores@hotmail.com,0282645522656
Sessa,Saucedo,yanezestefania@corporacin.info,9860300467151
María Elena,de la Crúz,maria-del-carmen18@toledo-saldivar.biz,3584908249226
Isabela,Sosa,fanguiano@razo-almonte.net,5161030737327
Mitzy,Portillo,brunocaban@gmail.com,3335022206073
Vanesa,Montoya,qesquivel@proyectos.org,3412202795282
Andrea,Ornelas,cristobalveliz@sandoval.biz,5483338605993
Genaro,Castellanos,enrique95@yahoo.com,8447208211765
Reina,Borrego,vsanchez@castro-marquez.org,4303823929831
Magdalena,Corona,ivonne55@espinal.com,1436204080922
Camila,Menéndez,fgodinez@industrias.biz,8893742186993
Silvano,Vergara,humbertobonilla@despacho.biz,0020856714280
Pilar,Barraza,bahenaluis-miguel@carbajal.com,6421324783798
Victoria,Vargas,limonhilda@hotmail.com,3858797713632
Timoteo,Lara,garroyo@hotmail.com,6315774546338
Lorena,Carrasco,wbarreto@gmail.com,1588339981441
Magdalena,Molina,rebeca34@almanza-molina.com,4171979652824
Roberto,Naranjo,zbermudez@yahoo.com,0131746673520
Evelio,Rodríguez,walcantar@hotmail.com,9681194151580
Ana Luisa,Valle,jesus43@industrias.com,1597441923125
Francisco,Bustos,nsandoval@yahoo.com,8676509792431
María Luisa,Olivera,debora56@orellana.com,6931687752125
Irene,Moya,karlaceja@hotmail.com,6126358249833
Marcos,Mares,salvador73@hotmail.com,9072910144541
Evelio,Laureano,llopez@dominguez.info,8777266725657
Marisol,Cervántez,bescalante@franco-olivera.com,4267083503611
Jorge,Sanches,nprado@hurtado.info,6413491053676
Jaqueline,Cabrera,asuncionnajera@hotmail.com,4728903866129
Leticia,Zelaya,vanesaarmenta@gmail.com,1469819621215
Maximiliano,Granados,dulce-maria88@gmail.com,4920781672711
Uriel,Acevedo,camarillosara@yahoo.com,9365705349895
Juana,Maestas,salmonte@santacruz.org,1286726113453
Gabriel,Olivares,oswaldo09@club.org,8862850332743
Humberto,Colón,ugodinez@laboratorios.info,7406163664066
Elvira,Riojas,mascarenaseugenia@hotmail.com,0385620223690
José,Mora,vanesa28@gmail.com,3026678855408
Evelio,Terrazas,zoe51@tapia-guajardo.com,1027028099376
Irma,Carrero,juan-carlos90@cardona-guajardo.com,9653345583384
Dalia,Baeza,munguiacecilia@yahoo.com,8490158240128
Renato,Lugo,anabelvelazquez@proyectos.com,3937120782708
Jorge Luis,Fajardo,faguirre@hotmail.com,6300286416616
Elsa,Rojo,asantana@benitez-mondragon.biz,1322461785168
Federico,Urbina,dcasillas@gmail.com,5381823485441
Rafaél,Angulo,leonardo55@yahoo.com,9638050218878
Amelia,Monroy,wecheverria@gmail.com,1761555655578
David,Galarza,gregorio65@gmail.com,8774839221854
Yolanda,Valenzuela,gtrevino@proyectos.com,2950066139072
Jerónimo,Arroyo,salma79@yahoo.com,6530280999420
Lorena,Aranda,solizsocorro@de.org,3598646268915
Porfirio,Díaz,eva78@corporacin.com,2265042181374
Enrique,Salinas,taniajaquez@bravo.com,5221723641549
Eduardo,Meraz,patricio36@yahoo.com,2420341295967
Uriel,Quintanilla,ramosmarco-antonio@hotmail.com,9676346034339
Eric,Cintrón,botelloitzel@yahoo.com,1490689808472
María José,Huerta,mariano49@casas-gutierrez.info,9713588258978
Pascual,Serrano,rafael14@gmail.com,1209108335361
Celia,Ulibarri,del-valleenrique@mayorga.com,9554659736184
Silvano,Beltrán,kdelgado@grupo.com,4669842354675
Celia,Benítez,herediaamanda@yahoo.com,8901229752352
Soledad,Luevano,jhernandez@yahoo.com,8812485545679
Gerardo,Hurtado,karinaescalante@cintron.com,6703323663392
Rafaél,Escobar,aregalado@hotmail.com,9024573142801
Eugenia,Vergara,ricardovenegas@gmail.com,5690486326732
Clara,Vega,nadia06@laboratorios.info,9858235982073
Dalia,Zambrano,vallesabril@grupo.biz,6674911540468
Silvano,Acevedo,nellypantoja@proyectos.com,1160908995689
Adriana,Enríquez,roberto53@hotmail.com,8633311040076
Guillermina,Muñiz,nevarezjaqueline@gil-de.com,2460712003311
Perla,Bernal,porrasmarcos@gmail.com,2628484500032
Ramiro,Lemus,aldonza73@laboratorios.com,7960365489555
Inés,Cepeda,franciscotrujillo@enriquez-posada.com,8660042648015
Zacarías,Miramontes,negreteconcepcion@yahoo.com,0444442155347
Santiago,Negrete,francisco-javierzayas@yahoo.com,1786684128849
Rolando,Covarrubias,caridad66@serna-arroyo.com,6669576251021
Jorge,Cantú,jde-la-torre@gmail.com,7519672653243
Adriana,Alvarez,jsantillan@yahoo.com,9508890357203
Alfredo,Hurtado,cristobal53@despacho.com,7672763932987
Cristina,Santacruz,cesar23@gmail.com,0494069145195
Blanca,Báez,crespoitzel@club.com,1201844889926
Indira,Montero,abregoantonio@guajardo-zelaya.com,6375031329172
Paola,Valdés,ricardoriojas@gmail.com,5747378366210
Paola,Flórez,eloisa11@hotmail.com,6965521241462
Elvia,Ulibarri,brunojaquez@hotmail.com,4660345674063
Genaro,Avilés,eloisagutierrez@guerrero.biz,2582290796106
Flavio,Jiménez,andrearazo@yahoo.com,5267432612845
Yeni,Leyva,liliana92@carrero-caballero.info,5417071630416
Leonor,Quezada,urosario@despacho.info,4589313990355
Felix,Patiño,benitezfelix@zarate.com,2299608789022
Esparta,Valentín,gabrielarosales@urbina.biz,9629067257260
Teodoro,Paz,virginia48@hotmail.com,7444167251586
Alfredo,Barragán,arceliaquinones@corporacin.com,2367053508233
Elisa,Lara,judithtapia@industrias.info,2462401750513
Estela,Anguiano,hpuente@rico.info,8544935519669
Esteban,Samaniego,jose-maria95@partida-moya.com,9956353944343
Minerva,Orozco,lquinones@yahoo.com,0612800662282
Dulce,Manzanares,zzaragoza@rivas-barragan.biz,0028275396806
Julio,Valadez,baezlourdes@proyectos.com,6561499203899
Marisol,Lozada,ruelasberta@reynoso.com,2352657723206
Alfonso,Cordero,arcelianieves@espinosa-gaytan.com,5559267262731
Cornelio,Longoria,maria-del-carmenarenas@hotmail.com,7164205370825
Aida,Galarza,xrolon@gmail.com,6988140492732
Ruby,Perales,kramos@collazo.net,1425795652837
Frida,Olvera,btellez@hotmail.com,6323545608669
Inés,Zamudio,de-la-garzamaximiliano@hotmail.com,5288928575897
Mercedes,Tello,joaquin01@bravo-barrientos.net,7024817836157
Rufino,Vela,fberrios@hotmail.com,9153103997286
Héctor,Reynoso,nievesleonor@robledo-villa.com,0438438906795
Armando,Barraza,tiradoirene@yahoo.com,6197047983373
Héctor,Patiño,mvillagomez@yahoo.com,4267000977318
Jacinto,Gutiérrez,bzelaya@hotmail.com,8166273456277
Cristobal,Quintana,humberto70@gmail.com,1547486518614
Rodolfo,Verduzco,gloria59@industrias.com,2442816016329
Mitzy,Vega,pfonseca@luna-muro.info,7336098006438
Pascual,Alfaro,minerva65@gmail.com,1608196600707
Emilio,Barajas,rolando79@hotmail.com,8770065687371
Alejandro,Orozco,eolivas@industrias.com,3756078985925
Adán,Zayas,romerojuan-carlos@laboratorios.com,8906203231244
Isaac,Valentín,esparzamonica@corporacin.com,5817101108285
Daniel,Becerra,cramon@velasco.com,4748321002290
Linda,Laureano,ojedajuana@corporacin.org,0321273831601
Débora,Yáñez,ugil@gmail.com,4012015038170
Florencia,Galván,roberto95@lugo.com,5115290579679
Luz,Luevano,abelardo66@saavedra.biz,0373724106533
Maximiliano,Negrón,zeferino88@gmail.com,2064790819224
Víctor,Vázquez,germanlerma@proyectos.com,3106133390014
Abel,Bustamante,melendezsalma@rodarte.com,4948373688493
Victoria,Castillo,franciscocasarez@proyectos.com,8592584875612
Samuel,Cantú,andreazarate@ramos-briseno.com,5837778894470
Flavio,Alvarado,ceballosnorma@corporacin.com,4551445407226
Rosalia,Jaime,hernanbalderas@grupo.com,2061477477771
Julio,Bustos,almacarrion@esquibel.biz,1247043956470
Abelardo,Aragón,mayte89@industrias.com,9352958673261
Nadia,Saucedo,graciela42@meza-avila.biz,0497733757406
Esteban,Lira,armentaflavio@hotmail.com,1798250205007
Amador,Ruiz,robertonoriega@yahoo.com,4393873617860
Samuel,Serrano,tmeraz@roque-limon.org,3323052746470
María Cristina,Puga,pmadrigal@salinas-teran.org,2784398923771
Tania,Arias,msamaniego@gmail.com,0973174705062
Luis Manuel,Barela,balderasursula@guerrero-porras.com,2481342008771
Abigail,Portillo,cristinasaavedra@gmail.com,7788277719686
Hernán,Jaimes,nazarioasuncion@grijalva-raya.com,8456603732874
Yolanda,Gastélum,nelly07@yahoo.com,7891914512203
Eugenia,Urbina,aacuna@yahoo.com,9526991529496
Trinidad,Perea,marrerosalma@rosado-colunga.com,2101009771286
Elisa,Ornelas,ivan88@despacho.org,9347892949504
Cynthia,Lozano,raul08@garza.org,3120781096115
Mauro,Caballero,dsaucedo@camacho.com,5376533246747
Mitzy,Alvarado,bianca06@hotmail.com,0675463416026
Emilio,Rodrígez,arturouribe@grupo.com,6543846730316
Porfirio,Rivas,viglesias@serrato-corona.com,9880886233205
Micaela,Nevárez,ramonponce@hotmail.com,1052664413539
Alicia,Meléndez,martha75@yahoo.com,7883555470394
Aldonza,Armendáriz,jarenas@morales.com,0140150355257
Jaime,Caldera,renato68@hotmail.com,4408364366710
Bruno,Carreón,bernabe45@gmail.com,4543221450017
Adriana,Santana,menendezalvaro@corporacin.com,4228466143673
Zacarías,Gamez,igracia@hotmail.com,6632487784042
Samuel,Munguía,elisa61@cordova-lara.biz,7668545872263
Mauro,de la Rosa,xorellana@yahoo.com,8171577534202
Ruby,Jimínez,hildaolmos@rael.com,3879959219117
Samuel,Canales,cesartamez@partida-pena.com,7532306058624
Gregorio,Gonzales,maria-teresazarate@grupo.com,2341384037630
Arturo,Saucedo,ordoneznoelia@gallardo.com,9317810137172
Amador,Franco,benitocruz@despacho.org,2612314473980
Antonio,Serrato,rodolfolozada@farias.com,2896140786230
Hermelinda,Jaramillo,ldelgadillo@hotmail.com,1888570554489
Paola,Alvarez,juana06@club.com,9299686697358
Estefanía,Barela,jaimerincon@hotmail.com,3615440763931
Jaime,Garrido,jarchuleta@gmail.com,8542381740140
Jerónimo,Soria,oquendosocorro@hotmail.com,9963440680374
David,Llamas,lomeliespartaco@betancourt-nevarez.com,7684230760916
Ofelia,Arce,francisca50@proyectos.org,6376063772330
Lorenzo,Cedillo,claudiajiminez@bustamante-valles.com,3994477321511
Hermelinda,Cruz,wbustamante@proyectos.com,4559968850533
Elvira,Arenas,rufino50@gmail.com,1931641090496
Conchita,Vigil,ssisneros@corporacin.com,3646950798332
Socorro,de la Torre,montezcarmen@zamora.com,5076763528041
Hernán,Segura,britojudith@hotmail.com,2896944458668
Abelardo,Jasso,de-la-garzajos@yahoo.com,0304014897137
Reynaldo,Borrego,araceli51@gmail.com,7800958926201
Jonás,Menéndez,jolvera@yahoo.com,0968396642189
Nayeli,Mesa,jaimerebeca@grupo.com,7866033765533
Dulce,Guillen,mpina@yahoo.com,5065106930277
Mercedes,Mercado,juan-carlos22@porras-garcia.org,0887031504169
Esperanza,Roybal,qgarrido@contreras-corral.info,2470391331851
Lorenzo,Arenas,ignacioherrera@hotmail.com,8137488929907
Wilfrido,Barreto,deborade-la-torre@hotmail.com,1661292617801
Lucas,Garza,paredesleticia@industrias.com,7158890597931
Esperanza,Huerta,qrodriquez@yahoo.com,2002316078644
Georgina,de la Torre,ernestoalcaraz@gmail.com,2344323564002
Rosario,Corrales,mchapa@ortiz.org,2213826607653
Gonzalo,Tovar,ode-la-cruz@club.com,3458582929047
Conchita,Colón,dveliz@gmail.com,2597423804323
Jacinto,Jurado,susana61@yahoo.com,2029210034330
Rafaél,Tapia,susana31@velasco.com,8738435557386
Claudia,Vera,velasquezliliana@corporacin.com,0955437035482
Bernardo,Velázquez,segoviaalberto@yahoo.com,2704170154687
Aldo,Ochoa,rrios@gmail.com,4648328893090
Cecilia,Zamora,esquivelguillermo@corporacin.com,2917039089685
Adela,Cardenas,dsanchez@hotmail.com,5670422941185
José María,Alonzo,sjuarez@cedillo-diaz.com,1747811120690
Marco Antonio,Valdez,rcotto@industrias.info,9541913411608
Itzel,Berríos,amuniz@gmail.com,7211727208559
Débora,Aragón,dianamuniz@industrias.com,5631091283870
Vicente,Arguello,sandrapelayo@hotmail.com,7862741350401
Zacarías,Ornelas,luis-miguelquintana@villareal-badillo.org,7124382371033
Abraham,Garibay,luis-manuelhinojosa@chavez.com,7858324993632
Juana,Barreto,fvalverde@gonzales-cardona.com,2860184526530
Rolando,Alba,angelahuerta@club.com,3894088028653
José María,Abreu,de-leongerardo@gmail.com,0601460825571
Amelia,Lozada,zoequezada@gmail.com,2224640391879
Alonso,Escamilla,btellez@despacho.com,7477546989465
Joaquín,Tirado,gponce@club.com,5529462937731
Ricardo,Romero,zeferinoserna@yahoo.com,6793649608749
Noelia,Urrutia,hectorpantoja@hotmail.com,6221430211222
Germán,Valles,alonso65@hotmail.com,5100434722103
Pablo,Porras,sosacelia@hotmail.com,1016052774704
David,Monroy,estela58@hotmail.com,7099649916091
Hernán,Pacheco,vmayorga@ceballos-del.net,0531301863796
Ricardo,Arroyo,pinedamartha@lira-ibarra.com,8203773259789
María del Carmen,Montez,cecilia55@hernandes-jurado.org,5279624022331
Fidel,Gil,valenciageorgina@corporacin.biz,2378601750733
Raquel,Verdugo,luis-manueltijerina@corona.net,5399729237773
Santiago,Páez,wjaquez@luevano.com,8756916302966
Minerva,Santacruz,oswaldonavarro@yahoo.com,4219251138075
Wendolin,Pineda,esthercamacho@hotmail.com,9422362477908
Flavio,Ordóñez,uorozco@hotmail.com,5702441132370
Óliver,Alonso,antoniaabrego@hotmail.com,3786397690242
David,Marrero,abigail12@hotmail.com,9932254850185
Patricia,de la Crúz,aliciacorral@despacho.com,3553699792900
Patricia,Salazar,kmalave@gmail.com,0866297298343
Camila,Rolón,vacosta@hotmail.com,0165673952534
Hilda,Cantú,iglesiasreynaldo@duarte.biz,6170267482914
Benjamín,Hernádez,pilar67@gmail.com,2399087448130
Georgina,Quiroz,jose-luis00@yahoo.com,1065895817354
Itzel,Cantú,solorzanojonas@saenz.biz,8337617575747
Alejandro,Campos,oliveraespartaco@tellez-colon.biz,1116921749900
Carolina,Venegas,jaimeorozco@proyectos.com,2503216715283
Héctor,Valadez,jeronimogastelum@alba.com,3636672155031
Leonardo,Arevalo,jaimeolmos@gmail.com,1813110176710
Ignacio,Nevárez,rosarioelizondo@yahoo.com,0240216311518
Mayte,Acosta,ilse62@yahoo.com,1551990650191
Isabel,Paz,hfranco@hotmail.com,7606841642691
Liliana,Alonzo,estradareina@club.com,1675727726021
Alfonso,Meraz,raquellugo@gmail.com,8556896677276
Minerva,Olivas,wmacias@yahoo.com,8114283013751
Verónica,Flórez,fabiola15@hotmail.com,9925628479508
Indira,Camarillo,kjuarez@hotmail.com,9901163963332
Alonso,Lomeli,albertohenriquez@grupo.com,4191534855169
Perla,Gallegos,xortiz@ornelas.com,9192967565730
Virginia,Quintero,juana81@hotmail.com,6589673354673
Rebeca,Ocasio,andreaduenas@yahoo.com,0138194709270
Clara,Orozco,magdalena88@vanegas.com,5186043057556
Adán,Pérez,jesusraya@gmail.com,1115622407310
Alfredo,Hernandes,tapiamaria-teresa@partida-nunez.info,2397342299493
Pablo,Pichardo,fidelvillanueva@ordonez.com,5367677252216
Noemí,Jurado,santiagocatalina@grupo.com,0158208584251
Francisca,Vázquez,madrigalmarcela@gmail.com,3112171029806
Zeferino,Cedillo,iarmendariz@hotmail.com,5228025794289
Camila,Lugo,szambrano@hotmail.com,7171529457989
Eugenio,Salazar,qvillasenor@serrato.com,0104118974303
Jesús,Fierro,carlos32@heredia.com,2412567756612
Alicia,Cotto,estelasanches@del.org,2310236365424
Marisol,Sosa,molivo@rico-salinas.info,2979329244856
Patricia,Gamez,geronimo49@gmail.com,5828426986258
Fidel,Páez,rarchuleta@gmail.com,8870526071095
Alma,Bernal,qgallardo@hotmail.com,0507369832902
Renato,Méndez,andreade-la-rosa@yahoo.com,7397763892855
Virginia,Montero,soniacervantes@gmail.com,0464485666891
Teresa,Noriega,soniazarate@gmail.com,7997953740810
Abigail,Angulo,raquel64@guerra.com,0007058259964
Gustavo,Vela,lopezeva@yahoo.com,1260711112872
Abelardo,Angulo,micaelarincon@lucero.com,9349623450652
Emilio,Verduzco,dario85@proyectos.org,7724379505166
Daniel,Urbina,jmena@hotmail.com,0790499336145
Nayeli,Vigil,quinteronatalia@rosado-leiva.net,9623868254608
Zacarías,Almaraz,andreasalas@proyectos.com,0093082158473
Luisa,Ortiz,kvelez@gmail.com,2522913474032
Magdalena,Elizondo,del-vallereina@vaca-lomeli.com,1299997338424
Itzel,Cisneros,fgalvez@gmail.com,0192736612928
Elena,Nieves,maria-teresamondragon@corporacin.com,3732672438423
Luis Manuel,Monroy,lucasvelasquez@yahoo.com,3398455918243
Sofía,Aranda,itzelcorrales@perea.com,3532276338875
Yeni,Aranda,bernardolugo@benitez.org,1992707138511
Araceli,Salgado,xgrijalva@gmail.com,3641526619137
Serafín,Nevárez,abigail14@proyectos.org,3642161221527
Adriana,Lira,jrivas@yahoo.com,9393329926148
Andrea,Peres,tmolina@yahoo.com,6406131070533
René,Oquendo,esparta35@gmail.com,3865026648436
Andrea,Baeza,espinosaabril@rivero-de.org,2536732668303
Dulce,Pacheco,gcollazo@gmail.com,1645728181378
Raquel,Aguirre,ernesto39@yahoo.com,5779730905176
Rubén,Farías,cadenagerardo@naranjo.com,0644691107838
Rosalia,Acevedo,bnazario@yahoo.com,2887105490308
Alfredo,Casillas,mitzyrael@cadena.com,0975689832338
Amanda,Rocha,egalvan@proyectos.com,3800994332081
José María,Calderón,navarretemiguel-angel@gomez-martinez.com,4829187513614
Carlos,Duarte,helenaybarra@industrias.info,5344597274182
Horacio,Guerrero,abelardo08@colon-olivares.com,7633599497791
Emilia,Malave,wvillegas@ulloa-cordova.com,5284350178657
Nancy,Mercado,virginia30@yahoo.com,1799209040772
Francisca,Uribe,alejandra19@yahoo.com,9625502024916
Teresa,Alejandro,aldoceballos@santacruz-benavides.biz,9160335860330
Cynthia,Jaramillo,antonio88@tafoya-dominguez.com,2943405256232
Alejandra,Amador,nazariogabriel@despacho.org,3522876869065
Eugenia,Madrigal,felicianocamila@quinones-maya.com,7379194528312
Karina,Piña,luceromicaela@olivares.com,3584593715759
Ana Luisa,Garza,lugoramon@gmail.com,5066987141603
Alta  Gracia,Rico,danielgarrido@grupo.net,8212385075428
Yolanda,Hidalgo,dcortez@hotmail.com,1282674003646
Javier,Barajas,ploera@crespo.net,8282996525749
Lucas,Menéndez,oquendocecilia@centeno-canales.com,3813700048281
Elias,Rojo,villaeloy@aviles-olivera.net,9460656703956
María Eugenia,Samaniego,nancy32@yahoo.com,3587699685634
Germán,Reynoso,adalbertoregalado@gmail.com,9325433702990
Socorro,Negrete,olga73@gmail.com,6860604700015
Teodoro,Caraballo,lzayas@laboratorios.com,3272418189018
Esperanza,Santiago,alberto10@yahoo.com,4509711937346
Carolina,Brito,scaldera@hotmail.com,3598760393651
Esther,Carrión,kybarra@gmail.com,6766822717521
Bernabé,Casárez,taguirre@zapata.net,0180062928322
Santiago,Loera,tzambrano@hotmail.com,0847373697417
Zeferino,Rincón,ocamacho@yahoo.com,0826004815553
Itzel,Valencia,rodrigo91@gmail.com,4004985311807
María Cristina,Ruelas,bahenaelvia@hotmail.com,4085150209570
Pilar,Preciado,emiliano36@duenas.org,1089142292128
Evelio,Ceja,ameliarojo@grupo.com,1966183430418
Salma,Guerrero,gollumhomero@yahoo.com,4993860173521
Yeni,Niño,moraesperanza@negron.biz,3539109703202
Eva,Luevano,hernan32@yahoo.com,4735016192685
Alejandra,Ríos,esthermenendez@club.biz,3460017136335
Marisela,Dávila,esquivelrosario@robles-gaona.com,7732348296831
Victoria,Abrego,bonillamarco-antonio@grupo.info,6502329601304
Eloisa,Orozco,dario10@gmail.com,9451984863576
Mateo,Hidalgo,ameliavergara@sotelo-lucero.com,0661904152684
Estela,Domínguez,maria-eugenia90@frias.info,7419816500210
Emilio,Menchaca,concepcioneva@salas-rosario.biz,3092660523596
Celia,Aguilera,marco-antonio87@grupo.com,0788610260323
Lucía,Verdugo,olozano@laboratorios.com,6613979715184
Karla,Mondragón,jose-luismontes@hotmail.com,9640530707432
Andrea,Domínguez,qconcepcion@hotmail.com,0915266600865
Guadalupe,Feliciano,mesadelia@olivarez.com,1207875187472
Pablo,Cortés,porrasandres@gmail.com,6883030342352
María Cristina,Olmos,felipe99@yahoo.com,2377973051480
Ricardo,Meza,jaqueline29@terrazas.info,5727855972948
Paulina,Rojo,pilarjaime@oquendo.biz,4600014040146
Ivonne,Grijalva,bpadron@hotmail.com,5620321686417
Karina,Gallegos,vcardona@laboratorios.com,5641883522786
Jesús,Ulloa,palomomarisol@despacho.com,0249658300215
Timoteo,Peres,emilianoesquivel@collado.com,6374328971995
Reynaldo,Espinosa,anava@gmail.com,6378883576411
Yolanda,Orozco,clara59@yahoo.com,9099497961753
Juana,Ávalos,rsepulveda@jiminez-quezada.com,8777575730010
Estefanía,Zedillo,xrodriquez@hotmail.com,7515717935682
Esparta,Zayas,polancoaldonza@gmail.com,6465269423912
Sonia,Ruiz,aldomota@zedillo-calvillo.com,0044244801281
Ramiro,Menéndez,maximilianoadame@hotmail.com,8787858585962
Armando,Padrón,santacruzmarisela@gmail.com,3681545167675
Marcela,Quintero,bvaldez@limon.com,0955915476854
Octavio,Gastélum,graciela66@gmail.com,2902078664114
Graciela,Sosa,oalmonte@gmail.com,5463479261065
Francisco Javier,Galindo,david66@holguin-zaragoza.info,8873158225803
Natalia,Bañuelos,pichardomaria-cristina@gmail.com,6472293116707
Abril,Tamez,lpedroza@yahoo.com,9409272857286
Clemente,Herrera,hernan52@lucio-alarcon.org,9402072980604
Lucía,Valenzuela,olivaslinda@barrientos.org,7691151865119
Sessa,Casárez,espinosagloria@yahoo.com,7032637675814
José Emilio,Caraballo,lugoflavio@yahoo.com,9893371137581
Anel,Manzanares,drico@montanez.biz,7832738013908
José Carlos,Salazar,gabrielasalcido@hotmail.com,2771924189000
José Carlos,Montenegro,felix20@hotmail.com,6875028393494
Cynthia,Zayas,trivera@corporacin.com,0117989696526
Clara,Zúñiga,molinarenato@casas-gollum.com,2026709877083
Daniel,Camacho,lvelasco@yahoo.com,0118084702945
Ilse,Esquivel,jmadera@hotmail.com,2795951639307
Dolores,Sisneros,laura72@feliciano.com,5159060219654
Nayeli,Cisneros,augustoguerra@zayas-sanabria.biz,8614921937361
Marisol,Cisneros,hduenas@serrato.net,4154245271148
Manuel,Heredia,arandajoaquin@gmail.com,1878567802113
Homero,Preciado,casareskarla@altamirano-palacios.com,9486016830352
Aurelio,Pérez,paola09@laboratorios.info,3057270930941
Eugenia,Escalante,cervantezmarcela@proyectos.com,3915053192824
Emilia,Cantú,pinedafernando@laboratorios.net,3320065516743
Samuel,Ávalos,tcamarillo@jiminez-galvez.com,7000870855550
Lourdes,Sauceda,zeferinobarajas@club.com,5890536495419
José María,Rico,uescobar@gmail.com,0622682104815
Adela,Briseño,carlota50@corporacin.com,7791845213116
Estefanía,Rincón,nancyorosco@hotmail.com,9611528682614
Hermelinda,Rocha,marisol81@rosado-arteaga.com,3533953250227
Virginia,Mateo,rosaaguirre@grupo.com,4752689237679
Gregorio,Durán,zoesaavedra@trejo.com,0633316190404
Catalina,Delgadillo,helenarobles@club.com,1384520753841
Claudia,Villareal,gonzalesluis@grupo.com,5160670004770
Graciela,Llamas,aidaserrato@hotmail.com,9446611144980
Arturo,Mena,maria-cristinaiglesias@yahoo.com,9516912211759
Micaela,Montes,spantoja@bermudez.net,7635148205274
Bernardo,Rojo,ecovarrubias@grupo.com,6994833690878
Abraham,Barajas,phernandez@industrias.biz,3077283548835
Pascual,Bermúdez,vrodarte@gmail.com,4973351340800
Amanda,Girón,serratomanuel@hotmail.com,7654714866601
Leonor,Aguilar,josefina93@hotmail.com,7714092334557
Micaela,Alonzo,rojasgabriel@hotmail.com,1547142903918
Yuridia,Meraz,tmagana@club.com,2251863039293
José Carlos,Villalobos,kquesada@gmail.com,9409749002234
Jaqueline,Rodríguez,msauceda@yahoo.com,9194022427322
Elsa,Riojas,tarredondo@carranza-mascarenas.com,6380655629059
Bianca,Cardenas,eloy62@grupo.com,3483429732612
Julio,Barrera,urbinaangel@caldera-tapia.com,8803567963271
Augusto,Coronado,rafael35@grupo.org,9807537837667
Miguel,Uribe,sararosario@despacho.net,3283813136985
José Luis,Lucio,almamena@carrero.com,7296578839660
Modesto,Cervántez,luisacordero@gmail.com,3598835893102
Concepción,Meraz,xgaribay@hotmail.com,5401508279835
Héctor,Iglesias,alonso81@amaya-arias.com,5029658102904
Alta  Gracia,Santillán,susana07@industrias.com,1921750263255
Elena,Almaraz,frida90@hotmail.com,1177255268511
Isaac,Vega,silvanoportillo@linares-valdivia.com,8767362783807
Ivonne,Vélez,ameliavillegas@valdivia.com,7534542632117
Felix,Angulo,mirelescarlos@benitez.com,8552574626016
Esther,Alcala,gallardoricardo@gmail.com,9687803474646
Raúl,Becerra,espartacocarbajal@yahoo.com,6673756697579
Helena,Oquendo,camilo35@marin-cavazos.com,6530746312591
Cynthia,Villalobos,zreyna@gmail.com,0269867476222
Mariana,Aguilar,hgurule@industrias.org,4279997769490
Irene,Véliz,raquelmeraz@yahoo.com,9744944238730
Gabino,Benavídez,marcelavillarreal@griego.biz,4875995678150
Alejandra,Roldán,trujilloisaac@hotmail.com,8397951793213
Germán,Ballesteros,virginia85@gaitan.org,4761031174572
Fabiola,Narváez,dgiron@despacho.net,7513199907025
Vicente,Zúñiga,susana47@bravo.com,6130761484710
Mateo,Ortega,esperanzabatista@yahoo.com,5906111591468
Jacobo,Negrón,antoniosandoval@flores-moya.info,3221347512405
Francisco Javier,Laureano,estela34@otero.com,3354191795945
Mauricio,Holguín,ymarquez@hotmail.com,3262135515982
Uriel,Espinosa,osorioalta-gracia@reyes-olmos.info,8145792473215
Jorge,Ayala,alma02@gmail.com,4595137406863
Claudia,Garza,rodriguezjose-manuel@armendariz-ordonez.net,3461707893106
Luis,del Valle,luisaquintanilla@arias-borrego.com,7456847474419
Fabiola,Saucedo,paola44@yahoo.com,3964121488168
Octavio,Ledesma,uriasjulia@proyectos.net,8014724298493
Pilar,Rodarte,bernardorobles@corporacin.com,1225714219181
José Carlos,Feliciano,trinidadzaragoza@gmail.com,9441362275534
Pascual,Urbina,wilfridoirizarry@hotmail.com,1194338954590
Héctor,Tejeda,dianamireles@gmail.com,6195738640730
Trinidad,Rubio,creyna@laboratorios.com,1142049803305
Juan,Montalvo,uriel02@mendoza.com,6680071277665
Jorge,Vélez,marenas@industrias.com,4205559676008
Porfirio,Arredondo,octavio38@yahoo.com,2101411717943
Eloisa,Acuña,cleiva@corporacin.com,6673185047789
Aldonza,Montenegro,luis-miguelortega@rios.com,9181297056562
Alonso,Jiménez,emascarenas@anguiano-mercado.info,9031709438336
Ariadna,Estrada,rodolfotellez@club.net,9768600826628
Elvira,Fernández,emilianohidalgo@toledo-magana.com,5142884869088
Gabino,Porras,valdezilse@zarate.com,8134607250794
Nicolás,Gurule,fvillagomez@hotmail.com,5308486834669
Germán,Alba,cesar65@despacho.com,0033368596534
Guillermo,Porras,estela70@laboratorios.com,4361505170120
Zacarías,Montalvo,nelly69@aponte.com,1214855458681
Aida,Salcido,angelicaflorez@yahoo.com,0269523030459
Alfonso,Pérez,palominosusana@corporacin.com,4005996290028
Daniel,Rodríguez,isaacvaldez@galvez-zamora.com,7447464455505
Esperanza,Mateo,riosgregorio@hotmail.com,8493119682186
Amalia,Meraz,yjaramillo@hotmail.com,9962623377321
Natalia,Cadena,rfajardo@proyectos.biz,1598428619522
Benito,Zamora,franciscavalenzuela@calderon-amador.com,8116412496331
Amanda,Zelaya,adrianacantu@gmail.com,9063295896411
Patricia,Mora,ymendoza@gmail.com,0624416147884
Zoé,Mireles,orellanatania@laboratorios.com,9762371290926
Sonia,Piña,xarevalo@yahoo.com,7259493747210
Silvano,de la Garza,wontiveros@garay.com,9428598604621
Trinidad,Ávalos,leticia94@corporacin.com,7282236770961
Maximiliano,Meza,parrajose-luis@hotmail.com,3915944750369
Yolanda,Osorio,leonor51@gmail.com,3645604389364
Timoteo,Marrero,snajera@gmail.com,0638936706583
Gonzalo,Laureano,estelareyna@ferrer-arenas.org,6572048752672
Sergio,Garica,conchita36@hotmail.com,9425895273425
Joaquín,Vela,galarzadelia@yahoo.com,3543799056221
Patricia,Rascón,lorena02@laboratorios.com,0196385518734
Arcelia,Villagómez,emilianorazo@gmail.com,1981785966907
Celia,Briseño,ofelia36@yahoo.com,6634589786956
Patricio,Mora,auroraballesteros@hotmail.com,3070988420817
Sergio,Roybal,barraganana-maria@hotmail.com,6173237548889
Luis Manuel,Serna,clemente21@hotmail.com,3805709377815
Benito,Guevara,zlaboy@gmail.com,9342594839070
Anabel,Granado,ochoaisabela@industrias.com,6162741321485
Rosario,Rosado,wleiva@gmail.com,7765784101962
Leonel,Cornejo,benitoolmos@najera.com,4606171667054
Eva,Galindo,abelpalomino@gmail.com,2370545459044
Gonzalo,Carranza,jose-emiliourias@gmail.com,8932723696898
Gonzalo,Armendáriz,roquevicente@club.com,5529716215410
Víctor,Tello,marco-antonioescobar@almonte-sosa.com,6266969128977
Óscar,Armendáriz,danielasolorzano@yahoo.com,0436577393887
Martín,Collazo,toledocristal@hotmail.com,8337043348296
Débora,Bétancourt,helenaguevara@hotmail.com,0643710416594
Jaime,Ballesteros,kgodoy@hotmail.com,9739546310380
Catalina,Zepeda,reynaldo43@gaona.info,4539537486140
Carlota,Aguirre,espinosabenjamin@navarrete.com,2735158542066
Rodolfo,Téllez,maytebravo@renteria.com,7053282356876
Guadalupe,Caldera,zarateminerva@leal-collazo.com,6919247995278
Juan Carlos,Pabón,alonsoroque@almonte.info,5303051062884
Mateo,Noriega,maurohurtado@yahoo.com,5678520496280
Clara,Cotto,mayte54@grupo.com,9767946268388
Yolanda,Yáñez,bernardosanchez@valenzuela.biz,9334016348720
María Luisa,Vigil,blancavalencia@carvajal.com,0280372955953
María Eugenia,Núñez,vcuriel@yahoo.com,8114470259907
Fernando,Reyes,lilia57@yahoo.com,2253008039036
Jaime,Reséndez,antoniofuentes@laboratorios.com,2569142491850
Jonás,Melgar,nledesma@hotmail.com,3269416618287
Jorge Luis,Ulibarri,hectormuniz@yahoo.com,3710513246675
María,Bustos,pinateodoro@gmail.com,7280326343802
Miriam,Meza,pjaramillo@hotmail.com,4444607896008
Eloisa,Negrete,liliana58@gmail.com,5260313374588
Helena,Noriega,fbenavidez@hotmail.com,3929899344999
Santiago,Alcántar,quezadapascual@hotmail.com,7058320249538
Perla,Hernádez,olivia62@gmail.com,4393708238536
Cristina,Niño,leticia06@herrera.org,2085565537689
Estela,Verdugo,ameliabriones@montalvo.com,6070035425007
Alma,Pulido,rodrigo46@hotmail.com,7930418302493
Dulce María,Quintana,albaevelio@hotmail.com,7488882157529
Daniel,Enríquez,maria-cristina33@hotmail.com,8205603969763
Alma,Tejeda,salvador32@hotmail.com,2350293019262
Alejandro,Barragán,lorenzo12@zaragoza.biz,7761010868438
Verónica,Miranda,mojicamarisol@meraz.com,2084905858574
Amalia,Torres,oliver32@hotmail.com,8358773554416
Adela,Castellanos,wguajardo@arenas.com,7643700143471
Andrés,Anaya,beatrizbadillo@club.com,2782805513566
María Luisa,Madrigal,solizvictoria@gmail.com,8343090655757
María Eugenia,Santana,veronica39@matos-vaca.com,3280600485824
Violeta,Vega,pereamarisela@crespo.com,7293695273389
Anabel,Riojas,rlaureano@burgos-sanchez.com,4659662820695
Claudia,Ceballos,kescalante@yahoo.com,1408194756081
Ana Luisa,de la Torre,teodorojaimes@zambrano-gallardo.com,7801379973153
Irma,Vallejo,jsolorzano@proyectos.com,5253802290896
Elvia,Feliciano,fabiola82@yahoo.com,9191053456978
Yuridia,Ledesma,gonzalesabraham@mares-fernandez.com,0307557307765
Espartaco,Velásquez,velasquezzacarias@gmail.com,7791705785841
Vicente,Mojica,alvaroperalta@najera.biz,2701539360855
Nelly,Zepeda,aliciavela@despacho.biz,7387644647114
Jacinto,Serna,davilaangelica@gmail.com,7187778745723
Arcelia,Acuña,ruby41@collazo.biz,1736342144347
Aldo,Meza,jorge72@corporacin.org,7362758964476
Cecilia,Leyva,malavegregorio@club.info,3809729427561
Aurora,Montenegro,saenzjudith@morales-leon.com,5174581742549
Celia,Puga,qcontreras@yahoo.com,8671837934490
Yeni,Cardenas,deboralemus@duarte.net,4795572437496
Luis Miguel,Pulido,jacintovalverde@montenegro-valladares.org,0868849343017
Dulce María,de la Garza,gamezilse@raya.com,8365832390527
Augusto,Zapata,salvadorsanchez@balderas-correa.com,1649743238672
Francisca,Coronado,sisnerosjose@yahoo.com,3273815242631
Ángel,Gaitán,mirelesabril@hotmail.com,1783297267474
Alberto,Vallejo,dariojaquez@gmail.com,4759779660185
Enrique,Ceballos,iestevez@yahoo.com,4908506393550
Juana,Orozco,emarquez@heredia.info,7768400078436
Mauricio,Tello,vanesamascarenas@corporacin.org,2915377164931
Federico,Castellanos,esalas@yahoo.com,4701798908125
María Cristina,Concepción,grolon@yahoo.com,4255208385262
María Teresa,Serrato,hildadelgadillo@yahoo.com,2146547826476
Paola,Nieto,daniel94@despacho.com,3913463781395
Norma,Herrera,emilioacevedo@figueroa-ochoa.org,2970347575809
Pedro,de Anda,hpena@industrias.biz,3162961303412
Esparta,Muñiz,tbermudez@urrutia-saucedo.net,7921488255493
María del Carmen,Escalante,perlaalmaraz@corporacin.com,7361189083632
Leticia,Casas,rosalia66@chacon-valentin.com,4344880811407
Violeta,Valencia,patricioserna@resendez-feliciano.com,3740804942952
Josefina,Sepúlveda,biancabaez@yahoo.com,4844683763630
Mario,Orosco,quesadaadan@hotmail.com,7314552129264
Georgina,Ferrer,abriseno@del.com,2606204354387
Wilfrido,Zamora,luis-miguelrodarte@despacho.com,2350623092069
Zacarías,Montez,storres@industrias.net,8047032902843
Beatriz,Enríquez,victoria26@guajardo-arroyo.com,1252938836716
Marcos,Sierra,lourdesmacias@industrias.com,8423493122837
Uriel,Aponte,zfajardo@gmail.com,1883322186010
Marisol,Quintana,terrazaswilfrido@yahoo.com,2077721143354
Benito,Velasco,victoria60@corporacin.com,6629653504229
Mariana,Gallardo,alcalaelvia@yahoo.com,2739605869672
Olivia,Casillas,jose-carlossoliz@hotmail.com,9912945909971
Estela,Pantoja,rolandopolanco@industrias.com,4505790673629
María,Enríquez,prascon@yahoo.com,6862088770576
Raúl,Rosales,luis-manuelmaldonado@hotmail.com,1125951053861
Clara,Alfaro,jose-luisluna@hotmail.com,7057450429694
Dolores,Amaya,emilia06@hotmail.com,9530100130734
Eugenia,Sanabria,dulce-mariacasares@grupo.com,2660357200589
Esther,de Jesús,wornelas@proyectos.com,4154644383471
Manuel,Menéndez,nayeliballesteros@luevano.com,7187849009277
Felix,Camarillo,aurora78@yahoo.com,6308280058014
Liliana,Razo,maria-teresa03@hotmail.com,0651792656334
Amanda,Linares,perla04@bermudez.info,1226573596652
Pablo,Brito,augustopabon@corporacin.com,0911554187970
Mayte,Meza,cristobalmaya@najera.com,6238045985749
María Elena,Terán,plira@ortega.net,6087366849423
Andrés,Velásquez,zzepeda@zedillo.com,3257031649252
Magdalena,Collado,jose-luis97@yahoo.com,4594761266796
Tomás,Ozuna,juliomeraz@espino.net,8852502516502
María,Rodríguez,leonel72@casares.info,7067307073082
Rodrigo,del Río,maria-del-carmengaytan@yahoo.com,7233801246324
César,Espinoza,uriel46@club.info,4625719305877
Marisol,Vega,ivanhernandez@yahoo.com,8098234464578
Porfirio,Bermúdez,jose-luis58@adame.com,2170004396227
Soledad,Molina,conchita59@hotmail.com,3204302349177
Rosa,Casares,leonorpulido@gmail.com,2768434028390
Héctor,López,clebron@amaya.com,8121450267900
Sofía,Zavala,aurorasandoval@gmail.com,8458327900950
Miguel,Vanegas,federico46@grupo.com,4023590491667
Mauricio,Villagómez,eugenia28@yahoo.com,9673603726729
Renato,Negrete,molinahugo@club.com,7013744629095
Carla,Roybal,maria-teresahuerta@corporacin.com,8886745124265
Francisco,Negrete,pizarrojose-emilio@campos.net,8884436688625
Daniel,Mota,kposada@galvan-villagomez.com,5811885491369
Karina,Cardenas,dominguezjacobo@despacho.biz,4463951123139
Armando,Baeza,gerardomanzanares@maya.info,7999452214978
Pascual,Medina,linda58@ozuna.com,1477207409856
Luis,Collado,virginiaolmos@leiva.com,4912902259579
Gerardo,Zapata,orellanahector@villagomez-razo.info,2523434462633
Santiago,Cintrón,vmora@yahoo.com,1795027973607
Ramiro,Canales,karlazamudio@guevara-elizondo.info,1334957580818
Rolando,Posada,igurule@segura-del.info,9710846677277
Mitzy,Brito,yuridia26@murillo-covarrubias.info,3638427058122
Andrés,Nazario,breyna@altamirano.com,0459812294251
Miguel Ángel,Santacruz,rasconramiro@cervantez-caballero.org,9427071092208
Eva,Fernández,irizarryemilio@yahoo.com,4331494759275
Luis Manuel,Botello,mariaromero@fonseca.com,5069618359372
Ana María,Patiño,maria-teresagallardo@yahoo.com,0969805182829
Gilberto,Arguello,cteran@vega-duenas.com,0894499841272
Antonio,Ozuna,hugobenavides@hotmail.com,0732843755779
Eric,Garay,esquiveldulce-maria@hotmail.com,8581714776828
Marisol,Ulloa,francisco-javier78@laboratorios.com,4109306120786
Lucía,Alonso,lgriego@yahoo.com,2808675833035
Mitzy,Carrera,omoya@club.com,0893973742367
Fernando,Sanabria,vanesa39@suarez.com,1256216196513
Rafaél,Rosado,olmosaida@gmail.com,5904814483172
Rodrigo,Lucero,iharo@hotmail.com,7184375479276
Antonia,Lozano,jose-manuelramirez@despacho.org,8700755207422
Abel,Aguilera,irenealvarez@rolon.org,2429509504573
Irene,Carrasco,angelacastaneda@hotmail.com,5628300109127
Darío,Beltrán,wloera@hotmail.com,6883456135413
Antonio,Zedillo,fabiola19@hotmail.com,5451240489841
Silvano,de la Fuente,marisela23@gmail.com,4449898899882
Soledad,Patiño,ncortes@despacho.com,0260317344566
Teodoro,Villagómez,esperanzameza@hotmail.com,3326393774875
Camila,Zarate,tomas38@yahoo.com,5897141820803
Yuridia,Rojas,florezmauricio@davila.org,3305255549044
Elsa,Urías,mauricio10@maestas.com,9947418541370
Julio César,Sánchez,bcoronado@gmail.com,8842327387996
Cornelio,Téllez,german05@galvez.com,6518340417190
Joaquín,Vásquez,elisaperea@gmail.com,8926515001991
Mayte,Valenzuela,inesleyva@fierro.net,7380468511508
Rebeca,Acosta,lauraolvera@corporacin.com,9526387650994
Cristina,Santacruz,timoteogrijalva@de.com,4191222579100
Nayeli,Marroquín,porfirio88@yahoo.com,5176509091922
Natalia,Godoy,maria-cristina62@jaimes.com,7318455241765
Elena,Salazar,antoniavillagomez@hotmail.com,2033242516687
Porfirio,Alva,tamezhelena@hotmail.com,1205712502224
María Cristina,Casárez,fpadron@almonte.biz,8342427802264
Wendolin,Camacho,rosalia01@yahoo.com,4743394705267
Eloy,Tijerina,graciela36@corporacin.com,5228764122626
José Carlos,Paredes,wilfridomesa@gmail.com,5329377340730
Gustavo,Ozuna,pedrotrejo@hotmail.com,5495896174715
Gerardo,Cervántez,ypulido@gmail.com,5218082138274
Eugenia,Candelaria,hugoorta@laboratorios.net,0634519437504
Genaro,Martínez,jose-maria93@velasco-marrero.com,5311405967080
Claudia,Muro,munizgloria@hotmail.com,2907595584973
Juan Carlos,Hernandes,salcedomargarita@oquendo.com,7175970960466
Ángel,Menchaca,vcardona@gmail.com,2499864362947
Esperanza,Preciado,asanches@gmail.com,5454020150082
Rodrigo,Sanabria,archuletajorge@proyectos.biz,2729847288358
María Cristina,Flores,sanchesfernando@yahoo.com,9194269720715
Raquel,Irizarry,perla77@hotmail.com,1426608301712
Sandra,Villarreal,samuelnieves@oquendo.biz,1188076219997
Lilia,Arriaga,marisol62@yahoo.com,3017554194391
Carla,Lucio,ofeliariojas@luevano.info,6842924342347
Alfredo,Lozada,glongoria@hotmail.com,8966179882114
Marisol,Cedillo,badilloalfredo@yahoo.com,3951403431567
Roberto,Villalpando,esquibelyolanda@industrias.info,9002065201337
Martín,Zedillo,hermelinda97@alarcon.com,4072206124919
Daniel,Valenzuela,rene57@salgado-torres.com,2773447296274
Leonel,Ramírez,tceja@corporacin.info,7831235457205
Úrsula,Lucero,hurtadojose-emilio@alvarez.com,1136440423690
Lorenzo,Mireles,golivera@yahoo.com,9938701353516
Andrea,Carrera,clemente95@castellanos.com,4777602480923
Natalia,Llamas,maranda@despacho.com,3198195974954
Eloisa,Pérez,hsandoval@proyectos.com,0165009472164
Maximiliano,Valadez,carmonatania@hotmail.com,0527784047430
Claudio,Caraballo,fernando93@negrete.net,1830083359017
Santiago,Benítez,georgina78@yahoo.com,7015863197430
Florencia,Orellana,miguel-angel36@ordonez-ortega.com,5019282694905
Diego,Cabán,lbernal@yahoo.com,0339532776594
Elena,Corona,porfiriovelazquez@yahoo.com,5910106392095
Vanesa,Noriega,teresa96@gmail.com,0425119680128
Rodolfo,Urrutia,lourdesnavarrete@hotmail.com,7241948781597
Renato,Jasso,rmuniz@hotmail.com,0059183505458
Diana,Cornejo,carolinaescobar@yahoo.com,8801922574150
Abigail,Rodrígez,monicajaimes@soliz.org,1472214832094
Esparta,Amaya,micaelamota@arenas-baca.info,4295071676482
Francisca,Puente,tcenteno@industrias.com,2131939091492
Armando,Soto,guevarajuan-carlos@segura.biz,3486928883829
Juana,Pantoja,granadoguadalupe@despacho.com,4827839598556
Martha,Loera,menchacaraquel@rosas-olivarez.com,6481845754074
Nelly,Rubio,alta-graciatovar@hotmail.com,5847280965048
Tania,Loya,fsosa@yahoo.com,1895991820054
Abigail,Peña,nadiaarreola@gmail.com,1351939202021
Mario,Bermúdez,ksalcido@manzanares.com,6905503831084
Mario,Castillo,marisolquintero@gmail.com,2211905545955
Mateo,Ruelas,leonmaria-eugenia@hotmail.com,9831412004035
José Luis,Cano,marisolmoreno@hotmail.com,0331566484550
Sofía,Morales,eloynieto@gmail.com,6533469173022
Juan Carlos,Ramírez,aregalado@macias-puga.com,3265212532214
Roberto,Zamora,elisa39@hotmail.com,2876070623160
Abraham,Almanza,smerino@yahoo.com,8137623446663
Gabriela,Marrero,maria-josetijerina@rico-hurtado.biz,2319840598653
Homero,Olvera,alta-gracia19@gmail.com,0992531249964
Antonia,Valles,catalinacollado@grupo.com,5985232190404
Perla,Arriaga,victoria14@hotmail.com,4511288425186
Gabino,Valles,yeniruiz@valladares-carrasco.org,5472937026321
Elsa,Núñez,rodrigo81@gmail.com,3758009779823
Rodolfo,Montez,acevedodario@yahoo.com,0562922043649
Trinidad,Segovia,fariasjorge-luis@carranza-melendez.com,6627856185804
Alejandra,Naranjo,ricoeloisa@gmail.com,4905470822880
Elsa,Riojas,amanda66@solano-lerma.com,3203438882140
Esther,Bernal,carolinaangulo@toledo.com,6935262281129
Ernesto,Santiago,karla13@gmail.com,0067920719821
David,Gutiérrez,vallesmaria-del-carmen@gmail.com,5674491553350
Diego,Saiz,uesquibel@industrias.com,4416101747974
Marisol,Escamilla,collazoelena@gmail.com,0026880541478
Octavio,Pichardo,canoestefania@duarte.com,3123433616681
José Eduardo,Concepción,jorge-luis60@hotmail.com,4295517907222
Esparta,Bustamante,velamagdalena@corporacin.biz,2203710865273
Susana,Ávila,maria-del-carmen95@gmail.com,5414946945790
Alonso,Vázquez,etoledo@alarcon-aviles.com,4564329079805
María,Granado,gordonez@zedillo.info,4805764911911
José Eduardo,Zamudio,vreynoso@barrientos-saenz.com,7064386566750
Reina,Pedroza,ericmartinez@grupo.com,0207398565429
Arcelia,Valles,magdalena74@yahoo.com,8909837983530
Reina,Casárez,salmablanco@yahoo.com,3200526414605
Cynthia,Rico,cornelioleyva@maldonado.net,2683588407687
Jaqueline,Guillen,salmamesa@trevino.com,7188725047028
Jerónimo,Véliz,alicia28@guerrero.com,1460927067695
Rosa,Villarreal,josebarajas@gmail.com,7171791422600
Flavio,González,hinojosahomero@yahoo.com,1345036548544
Andrea,Maldonado,ursula00@yahoo.com,0880057038300
Perla,Mojica,soriadaniel@yahoo.com,5587095627617
Luisa,Vergara,iocampo@yahoo.com,4026238452810
Clemente,Cervántez,roberto12@varela-cepeda.com,2896926611153
Javier,Alarcón,eduardoteran@yahoo.com,8317494547390
Carla,Franco,uangulo@macias-menendez.com,4332135182090
Irma,Alfaro,enriquesepulveda@trejo-valadez.com,1903838578165
Micaela,Trejo,altamiranomaria-jose@zarate-munoz.com,7675301852272
Antonio,Zavala,montanezrosalia@valle.info,5354369427366
Guadalupe,Vela,dguardado@arevalo.com,0533681275778
Emilia,Pichardo,talmonte@yahoo.com,1155821043614
Mariano,Lomeli,hecheverria@yahoo.com,9618295875676
Yolanda,Parra,roquesamuel@grupo.com,9593939267404
Joaquín,de la Fuente,oliverjasso@hotmail.com,8286566907101
Ana Luisa,Durán,guadalupe50@hotmail.com,4819683726387
Genaro,Lemus,garridoruby@hotmail.com,1095499670073
Jos,Valencia,lsalcedo@hotmail.com,5320798152761
Manuel,Ponce,barriosbernardo@hotmail.com,2605914008356
David,Bustamante,aguirrereynaldo@industrias.com,6074281896847
Vicente,Meléndez,sergio31@yahoo.com,6559412463099
Natividad,Ocasio,xcruz@despacho.com,3966100604413
Lilia,Nieto,angelamarquez@gamez-tovar.info,6886669861871
Cornelio,Córdova,mitzy16@yahoo.com,6359227091413
Nancy,Cabrera,dduarte@gmail.com,9443025891483
Miriam,Arias,yrobledo@laboratorios.com,1391319249853
Citlali,Tirado,pfajardo@gmail.com,0069717333967
Aida,Lucio,bcasares@hotmail.com,7739884743162
Rocío,Feliciano,irma30@uribe.info,8834423125632
María Cristina,Aguirre,gmatias@montez-ontiveros.com,6764163914002
Gabino,Mireles,lomelimauro@yahoo.com,0020268001814
Mayte,Tejada,alarconhoracio@meza.org,5269337800041
María José,Otero,xvaldez@hotmail.com,5200511093218
Irene,Valles,amandarivero@reyes.com,8416795378010
Rufino,Tamez,rocio34@laboratorios.biz,2123796486354
Bernardo,Corona,virginia75@grupo.com,5881497569348
Alejandro,de la O,parrabeatriz@yahoo.com,7719405750001
Óscar,Menchaca,elenavaldes@hotmail.com,9499634394176
Gregorio,Núñez,saldivarruben@cazares-orta.org,0558328228045
Ángel,Caballero,vcortes@corporacin.biz,3897374131362
Arturo,Gonzales,florenciacarrero@corporacin.com,1423311022116
Luz,Flórez,emiliacarrasco@hotmail.com,1131033144042
Mayte,Jurado,albahoracio@hotmail.com,2467515683839
Mariana,Ramírez,egalvan@gmail.com,4304225420200
María Luisa,Rosas,melendezfabiola@gmail.com,3169123591052
Nicolás,del Río,adan35@hotmail.com,7132674767716
Yolanda,Camacho,nocasio@mascarenas.org,8941898881979
Isabel,Caraballo,nelly20@hotmail.com,9198229083976
Ricardo,Bahena,jassoleticia@vallejo.com,7270664927785
Sonia,Delgado,delgadillohilda@salazar.com,8929174172220
Abel,Montoya,araceli00@hotmail.com,3752327683152
Agustín,Cotto,gloria53@almanza.org,9579037422729
Renato,Feliciano,alvaradotimoteo@villareal.com,7147450587899
Alta  Gracia,Ozuna,carolinaruiz@yahoo.com,1253526634674
Mercedes,Guerrero,salinassamuel@hotmail.com,2504913416697
Amanda,Bueno,ceballosivan@laboratorios.com,4338458238683
Julia,Narváez,marianocoronado@gmail.com,2520777115301
Rodrigo,Magaña,isaac84@valles.com,1404326205890
Rufino,Saldivar,jacintoregalado@hotmail.com,8938543694751
Mariano,Torres,moraleticia@industrias.com,4362954233810
Lucía,Holguín,eliasenriquez@lozano.org,7762126134223
Esperanza,Navarrete,olga33@lebron.biz,2704508250350
Lorena,Castillo,solizvictor@arreola.com,4620722958927
Esther,Archuleta,nellygrijalva@gmail.com,9888392525967
Olga,Rivera,jose-luiscervantez@estrada.biz,6865505891712
Diana,Roldán,luis-miguel49@gmail.com,6667997897247
Benjamín,Olivares,luis-miguelsierra@miranda-garza.org,5798613155459
Paulina,Garibay,hernanmontemayor@laboratorios.com,7421181770998
Nicolás,Valentín,teresamontoya@hotmail.com,7953797923785
Adriana,Roque,veronica15@tamayo-villegas.org,9227074005521
Trinidad,Galindo,manuelmaestas@yahoo.com,6189677936811
Leticia,Chavarría,claudio42@pina-pabon.com,5860733406006
Itzel,Fajardo,vjaramillo@yahoo.com,5447160726801
Yuridia,Menéndez,pamelaestevez@gmail.com,9969232701396
Carlota,Lovato,ramirezmariano@gmail.com,4127378773147
Natalia,Angulo,elsadel-valle@roldan.com,9275108578937
Iván,Jaimes,echeverriarene@laboratorios.biz,5180428930394
Gabino,Villalobos,juanaviera@hotmail.com,4258510707892
Fernando,Berríos,maximiliano37@prado-gonzalez.biz,9808747304379
Jerónimo,Ceballos,maria-josevalles@yahoo.com,2493707189252
Norma,Macías,qarce@despacho.com,8880905206437
Rodolfo,Vargas,isabel93@hotmail.com,9547811923820
Zeferino,Padilla,rodrigezbeatriz@hotmail.com,5743432119772
Adela,Valles,cecilia76@montemayor-madrigal.biz,6378079223822
Bernabé,Ontiveros,ygrijalva@gmail.com,9091378520747
Angélica,Padilla,gregoriobustos@gmail.com,5896866431166
Ilse,Salas,estefaniaaguirre@despacho.info,7476804156341
Rolando,Piña,rivaspatricio@alba.com,4408468819907
María Cristina,Corrales,dsolis@altamirano-olvera.com,6836855798938
Fidel,de la O,tellezruben@yahoo.com,2166326755431
Karina,Gálvez,benitezdulce@hotmail.com,2106705279166
Mariano,Barraza,rafaelleiva@gmail.com,2437731397439
Jerónimo,Rincón,adelamiranda@hotmail.com,2897103013344
Alfonso,Tórrez,leonor24@gmail.com,8547740180254
Fernando,Yáñez,suarezalejandra@gamez.com,4381294702929
Teodoro,Hinojosa,paredesabel@gmail.com,7519208292007
Alfonso,Cotto,ruby10@castellanos.biz,5116727819843
Anel,Flores,lilia43@farias.info,1168100394387
Judith,Muñiz,danielserrano@yahoo.com,7760382325074
Conchita,Ochoa,gaitangenaro@hotmail.com,2438261304616
Juan,Armendáriz,lorenamadrid@yahoo.com,3216742625558
Úrsula,Urías,pinalucas@hotmail.com,5694104611665
Hermelinda,Serrano,vieraevelio@alonso.info,6300972682355
Alejandra,Bermúdez,utafoya@laboratorios.com,0918750507126
Iván,Mesa,almanzaalicia@gmail.com,3165275486120
Angélica,Armenta,timoteoburgos@despacho.com,3859213289993
Hugo,Quezada,manuel85@covarrubias.com,3803039790157
Rosa,Vergara,vlomeli@proyectos.com,0955538042122
Felipe,Guevara,preciadojosefina@madera.biz,9444094090838
Antonia,Quintana,samaniegomaria@grupo.com,0357858766975
Alicia,Bravo,pascualpacheco@gmail.com,8570619871959
Virginia,Herrera,antonia94@hotmail.com,5727880014438
Modesto,Arriaga,timoteorolon@gmail.com,4055964226912
Augusto,Salcedo,zjaimes@gmail.com,1649807784083
Dulce María,Abrego,lsarabia@hotmail.com,6448043074098
Patricia,Solorio,angel24@hotmail.com,6978796482453
Ofelia,López,jose-luislongoria@yahoo.com,3365522346694
José Luis,Carbajal,dulce17@pichardo.org,9959874988476
Mateo,Carreón,carlos59@gmail.com,9059665019780
Mauricio,Gaytán,reynosoguillermo@yahoo.com,1581537004514
Cristobal,Méndez,beltranrosalia@yahoo.com,9737736728334
Fernando,Hinojosa,beatriz29@fajardo.com,9811607084641
Germán,Rivas,zcedillo@yahoo.com,6068307822829
José Eduardo,Ávalos,elsa61@gmail.com,7111053237757
Agustín,Ortega,evafrias@yahoo.com,4468007925757
Josefina,Bernal,catalinaiglesias@hernandez-vasquez.com,6724494847936
Alfredo,Garay,ofeliaochoa@industrias.com,6869210549316
Rafaél,Barraza,yarenas@proyectos.com,5528542085221
Linda,Armenta,hesparza@hotmail.com,0048951196420
Humberto,Caldera,trinidadquesada@yahoo.com,5613856681363
Elvia,Casares,tosorio@carranza.com,1454927448008
Rosa,Durán,walarcon@club.com,6678905403990
Raúl,Ferrer,hescalante@archuleta.com,2415679845594
Genaro,Tello,tmelendez@hotmail.com,1225211651047
Rodolfo,Luevano,de-la-rosanayeli@yahoo.com,9538434781421
Mercedes,Hidalgo,davidhuerta@collado-velez.com,7137838738029
Lucas,Luna,lorenzosotelo@benitez-cortez.com,1752837314758
Camila,Garay,tdiaz@hotmail.com,7134317098546
Lorena,Vargas,emilio28@rico.com,9689413291411
Silvano,Ruiz,morenoagustin@industrias.com,4336446880542
Natalia,Arenas,gonzalo99@hotmail.com,3060638856103
Mitzy,Montes,sotelonoemi@duarte.com,8795221134620
Sonia,Ruiz,cecilia10@reyes-marroquin.com,1804107112638
Sonia,Beltrán,citlalipaez@hotmail.com,2136965191104
Yeni,Dávila,peralesfrida@gmail.com,9382912680928
Jerónimo,Marrero,amarroquin@laboratorios.com,5446667093273
Horacio,Calderón,olivia03@avila.com,6213263758339
Samuel,Garibay,hermelindatafoya@hotmail.com,6937906175312
Óliver,Quintero,vcollazo@yahoo.com,2405685411497
Adalberto,Corral,tomasrosado@yahoo.com,6171008338233
Trinidad,Abrego,abrahamangulo@yahoo.com,3079970495144
Óliver,Fuentes,lmata@corporacin.com,1678168194964
Nelly,Barajas,venegasesther@yahoo.com,1551786806316
Israel,Elizondo,wilfrido44@proyectos.com,7704412060480
Rufino,Toro,carrionariadna@yahoo.com,2456354341128
Noelia,Juárez,nporras@ayala.net,2158248325061
Sonia,Zúñiga,marisolcornejo@yahoo.com,3084298539307
Celia,Valles,hermelindasalinas@hotmail.com,8239882077200
Yolanda,Palomino,golvera@club.com,1371721554866
Rosario,Apodaca,bertaveliz@iglesias.com,8988691547129
Aida,Sánchez,pantojatomas@gmail.com,1180800357575
Luis Manuel,Anaya,fceja@yahoo.com,0036291944601
Jorge Luis,Arguello,elsaromo@hotmail.com,5014000678294
José María,Zedillo,estefania43@club.net,9682176533357
Miriam,Lugo,albertoblanco@gmail.com,0978325728321
Esteban,Guerrero,pabonpamela@sauceda.net,4304109390400
Leonel,Pedraza,roloncristian@gmail.com,4229647448097
Esteban,Vergara,gestevez@grupo.com,2909513624446
Cristobal,Cazares,patricioceja@maldonado.org,0468587739264
Sara,Rodarte,juanreynoso@despacho.com,3698143392668
Florencia,Garza,ilse01@portillo.com,2660691276664
Georgina,Meraz,armandosalinas@yahoo.com,3630795741379
Cornelio,Ybarra,lucia49@gmail.com,1112624281188
Cornelio,Aguilera,cintronandres@industrias.net,0830075668835
Miriam,Iglesias,nulibarri@despacho.info,2010541048544
Mauricio,Valle,alcarazeduardo@hotmail.com,6179488808904
Julio César,Arredondo,jacobo60@yahoo.com,5058021891799
María Teresa,Fonseca,sotelonatividad@gmail.com,4163560555480
Salma,Mojica,cparra@hotmail.com,6124964332982
Araceli,Cedillo,pamelasisneros@yahoo.com,1885980640432
Daniel,Sevilla,armandorenteria@yahoo.com,5223936070569
Blanca,Aguilar,reynaflavio@grupo.com,7416416489997
Sessa,Lucio,hectortorrez@laboratorios.info,4944336136286
José,Colunga,oscarrico@hotmail.com,7243844985824
Roberto,Meza,resendezreina@zayas-cervantez.com,7039262429594
María Teresa,Nevárez,pperes@gmail.com,5387553070709
Ángela,Quesada,cortezhoracio@sandoval-segura.org,0817355784793
Alejandro,Maya,martin33@quezada-quinonez.com,2756205961035
Enrique,Gálvez,pablo68@club.com,9877791359562
Uriel,Padrón,nancyposada@gil.org,3848019071859
Carmen,Nieto,natividadcoronado@gmail.com,0001692246018
Alejandro,Ruelas,diegobaeza@yahoo.com,9378697149565
Aldonza,Ballesteros,scaballero@gmail.com,3754676635322
Ana María,Espinosa,garridovioleta@velasquez.com,5842386978597
Barbara,Chavarría,motajorge@hotmail.com,9420462189020
Mateo,Apodaca,alejandropalomino@hotmail.com,3560168222631
Jorge,Ruelas,rosadoestela@gmail.com,1064904120157
Ana,García,guillermosanches@gmail.com,7490485469898
Juan Carlos,Mascareñas,iolivo@hotmail.com,1907844175524
Concepción,Velásquez,smunoz@hotmail.com,0797372889454
Dulce María,Sierra,xsuarez@club.com,4714722079438
Cynthia,Cardenas,jrendon@industrias.com,7355907654976
Débora,Partida,mataangelica@gmail.com,4988056625731
Zacarías,Ornelas,ubenavides@sanchez.net,3288656879744
Citlali,Almaraz,luzmayorga@gmail.com,3402181385263
Alta  Gracia,Mora,ymercado@yahoo.com,0043839862767
Carmen,Arenas,batistauriel@miramontes.org,3875523179615
María del Carmen,Naranjo,jespinal@yahoo.com,5976433316995
Eugenio,Chavarría,casaresclemente@grupo.net,8155592095546
Fernando,Alonso,fmatos@gmail.com,2331045051448
Karla,Llamas,elisa68@palacios-terrazas.com,3093073176638
Pilar,Iglesias,pcuriel@yahoo.com,0813435191805
Emiliano,Santiago,luzvalentin@gmail.com,5522248514853
Victoria,Bermúdez,gloriamarin@yahoo.com,2395880551812
Juan Carlos,Marroquín,solanohilda@industrias.com,2758521720096
Teodoro,Matías,romerozeferino@hotmail.com,8020875232585
Zacarías,Durán,silvanozambrano@quintero.com,0583377953675
Irene,Abrego,horaciode-la-torre@grupo.org,5475458371347
Carlos,Quintana,trinidadheredia@proyectos.net,3282608227448
Elisa,Llamas,qhernandes@villegas.com,7311989811444
Felipe,Villarreal,jonas74@yahoo.com,0458588820295
Luz,Orta,xcarrillo@industrias.com,2960687765478
Agustín,Elizondo,galmonte@grupo.com,9739136528930
Cristal,Jaimes,frida90@maya.info,6645551481417
Cristobal,Orta,isanabria@iglesias.com,4124905100779
Berta,Villanueva,toledonancy@industrias.net,0485830116000
Perla,Cervantes,ilse93@yahoo.com,5411440671188
Fernando,Zedillo,jsaenz@hotmail.com,8471690963853
Irma,Mireles,espinozagustavo@mejia-carbajal.com,6198027570599
Noelia,Vélez,klerma@corporacin.biz,9891562053903
Martín,Blanco,guillermina52@hotmail.com,5054046898639
Estela,Vela,trejojose-maria@yahoo.com,6543710021186
Octavio,Munguía,wbatista@olivo.com,5544528170625
Aida,Baca,colungaesther@marroquin.com,0228832372431
María del Carmen,Magaña,pamela45@resendez.com,0815106930069
Patricio,Ruiz,marisela29@uribe-quintana.com,9220637197862
Yolanda,Santana,carlos19@hotmail.com,5293938960499
Yeni,Quiroz,ana-luisa15@hotmail.com,6088503059005
Arturo,Luevano,gsolorio@valentin.org,3426462774160
Indira,Camacho,juradoalejandra@hotmail.com,2634881632917
Berta,Escobar,teodoromuro@gmail.com,0059266547787
José Emilio,Angulo,hpatino@carranza-segovia.net,6986621639958
Georgina,León,lilia13@molina.com,7325340422298
Jacinto,Quiñones,javier68@gmail.com,1881568170773
Francisca,Gallegos,arico@proyectos.com,2694730144914
Sessa,Rascón,diegosaiz@hotmail.com,6802265853094
Andrés,Gaytán,aguilardelia@yahoo.com,0685389515654
Maximiliano,Villegas,octavio21@toro-valles.com,7028445958559
Pascual,Matías,yquintero@yahoo.com,5541947384373
Soledad,Reséndez,notero@proyectos.biz,0651762171693
Sofía,Villarreal,oswaldotamez@negrete.com,8642279718093
Indira,Laureano,wbalderas@proyectos.com,2696487410284
Ana Luisa,Uribe,virginia09@hotmail.com,5440175926489
Óliver,Espinosa,villegasserafin@ceballos-guajardo.com,4437380150372
María,Guajardo,vjasso@hotmail.com,4766918596398
Berta,Nevárez,jorge-luisgaray@yahoo.com,6939553344225
Salvador,Zapata,marcela18@club.com,3503776987156
Alta  Gracia,Santacruz,abigail82@proyectos.com,5080258403852
Rubén,Barrientos,patinoalonso@hotmail.com,2750947001949
Óliver,Iglesias,yenicorrales@vergara-de.com,0871224301184
Cristal,Sáenz,cynthiade-la-cruz@hotmail.com,4975158865663
Paulina,Beltrán,qurrutia@yahoo.com,7434016823410
Socorro,Lozano,beatrizburgos@herrera.com,1290669180735
Arcelia,Saavedra,benitobanuelos@grupo.info,7164926314231
Daniel,Valdés,tgarza@gmail.com,2777586866958
Rebeca,Núñez,alonsobueno@gollum-zapata.com,2470148715939
Amelia,Jaramillo,maria-teresaorellana@hotmail.com,9246038567999
Gabino,Godínez,rurrutia@grupo.net,3178397996074
Ramiro,Ferrer,sandrabeltran@zavala.com,1182608494457
Carolina,Pedroza,daliaramon@toro-gutierrez.biz,4642163476621
Espartaco,Espinal,emontano@yahoo.com,2885751806950
Julio,Sotelo,miguel36@hotmail.com,4751536892172
Perla,Espino,antonia59@gmail.com,0808401041445
Caridad,Saldaña,bosorio@gmail.com,0554630186587
Claudio,Meraz,madridnorma@resendez-veliz.com,1385402503691
Jaqueline,Ayala,vanesaquinones@gmail.com,7052603469494
Enrique,Lira,armando65@jimenez.com,2650745436936
Genaro,Garay,alfredocalvillo@toro-saenz.info,5265513966026
Mariana,Amador,wanguiano@hotmail.com,4332865319479
Noemí,Caballero,gorozco@grupo.com,8567614133869
Reynaldo,Moya,rubenmarroquin@yahoo.com,0558804886529
Ignacio,Zepeda,maximiliano89@rodarte.info,8116482926808
René,García,emalave@cabrera.com,1766118551691
Timoteo,Orozco,rodrigosaldivar@yahoo.com,5196637732521
Zoé,Jasso,elena81@gmail.com,3075181560969
Aurora,Cavazos,marinsonia@industrias.com,2516125997127
Miriam,Nájera,bbustos@gmail.com,6297806867229
Conchita,Reyna,pornelas@corporacin.org,1519098744301
Cecilia,Leal,saldivarlucia@hotmail.com,3974121699420
Ángela,Chacón,zelayavirginia@zayas.org,9793548162718
Rosario,Galindo,horacioballesteros@ojeda.com,2488157548346
Humberto,Rael,ntorrez@gmail.com,6171807433380
Santiago,Guardado,adelajasso@yahoo.com,1744957591721
Carmen,Sauceda,blancaarchuleta@yahoo.com,4288543399765
Enrique,Sosa,npaz@corporacin.com,3924864287962
Alfredo,Gallardo,adela51@hotmail.com,6597152109412
Amalia,Urías,felixarredondo@gmail.com,7879739830125
Juana,Salgado,valleoswaldo@yahoo.com,5989862098520
Lorena,Rosado,vramirez@grupo.biz,7021803647660
Sara,Tórrez,barbara14@hotmail.com,5308058268176
Leonel,Valdez,inescrespo@yahoo.com,1278418493716
Uriel,Lozano,apodacaivan@leyva-padron.biz,6866136463991
Angélica,Menéndez,camilosalazar@yahoo.com,7610722929254
Pedro,Dueñas,fabiolacorona@yahoo.com,2481844580404
Wilfrido,Sepúlveda,indiraraya@gmail.com,9477891018627
Eloisa,Báez,dariovaca@cuellar-valentin.com,5218552540930
Andrea,Briones,nataliasantacruz@yahoo.com,1522386890290
Juan Carlos,Amador,kornelas@yahoo.com,6430444419860
Daniel,Valentín,luis-miguel20@olivares.com,4115597196644
José Luis,Padrón,hernandezangelica@gmail.com,5412849567796
Dalia,Esquivel,acevedosilvano@gmail.com,2109237884990
Tania,Briseño,padronraul@becerra-lucio.com,6614789172113
Elvira,Mora,nancycastaneda@arroyo-mireles.biz,8438116636714
Leticia,Estrada,hvega@proyectos.com,3052748710177
Samuel,Casares,marevalo@yahoo.com,8184695271213
Ángela,Arenas,svega@amaya.com,8381717596745
Patricio,Ojeda,zepedafernando@becerra.com,5491797676230
Alonso,Garay,pedrocanales@hotmail.com,2218175519138
Indira,Aguilar,carrerarodrigo@montalvo-salinas.biz,5246081713031
Cecilia,Vera,razocaridad@gmail.com,4661466408496
Aida,Villagómez,mercadomartha@gmail.com,7572358712513
Martín,Padrón,xjaime@osorio.biz,1127277923921
Juan Carlos,Toro,renatofranco@de.net,1773805520705
Carlota,Preciado,rafaelrivero@yahoo.com,1401483167444
Gerónimo,González,vanesamadera@regalado.com,1988641472589
José Manuél,Jurado,camilo78@club.net,4118584466681
José Carlos,Rosales,zacarias50@yahoo.com,8000595995561
Fernando,Leyva,trevinopamela@hotmail.com,8613691754610
Mauro,Anguiano,vloera@grupo.com,7198760934003
Jonás,Ríos,delgadillocarla@meraz.com,0760973078521
Perla,Lara,eloisaalarcon@aleman-padilla.net,9639577930505
Vicente,Iglesias,pablo12@casares-oquendo.com,6604051541878
Eloy,Puga,harevalo@corporacin.info,4502568051173
Leonardo,Cotto,fdelgado@industrias.biz,3116537793814
Pedro,Jiménez,cquintero@aguayo-martinez.org,7319342968111
Conchita,Mares,sergioapodaca@resendez.com,7127831482885
Marisol,Lebrón,navarroarturo@bernal-maya.net,9281668458048
Bianca,Soto,rbaeza@llamas.net,5595966641407
Wendolin,Ruelas,tsanchez@gmail.com,0549119729208
Elvira,Montes,egodinez@hotmail.com,0611558948195
Zacarías,Abrego,yverduzco@gmail.com,5185330439069
Leonor,Centeno,grijalvaanel@gmail.com,8826095495790
Flavio,de Anda,norma09@hotmail.com,9330272402875
Ramiro,Guerrero,ychapa@yahoo.com,4174523160620
María Luisa,Villalpando,jdelgado@arce-chacon.com,9207495333488
Elsa,Santacruz,cottomaximiliano@yahoo.com,3126077874308
Perla,Luna,alfonsoleal@gmail.com,3467683340987
Nadia,Rosas,almarosas@yahoo.com,9896486460333
Mauro,Alvarez,pachecopamela@hotmail.com,8324627349439
Alberto,Solorio,cornejodalia@arellano.com,7485417172302
Alfonso,Magaña,emilia66@yahoo.com,4325476472360
Cristina,Malave,vcotto@gastelum.com,8884196747005
Yuridia,Amador,marisela33@hotmail.com,5700974647439
Julio César,Zaragoza,juan-carlos11@santacruz.org,1428311499095
Carlos,Sánchez,conchita61@gmail.com,2890206754142
Javier,Verdugo,germanlongoria@gmail.com,9797106011150
Bernabé,Alarcón,xtrevino@barrientos.com,3662743138269
Claudia,Quesada,ade-jesus@hotmail.com,0039727413866
René,Armas,lucerojacobo@laboratorios.com,6562873366405
Serafín,Carranza,monicaestevez@hotmail.com,0099035018227
Gabriel,Carrillo,rviera@corrales.com,6138317014756
Angélica,Cotto,alfredo79@casares-calderon.info,5220923031218
Aldonza,Holguín,balonzo@hotmail.com,9079821906628
Abel,Mena,roldanabril@corrales.org,7759894431415
Marco Antonio,de la Rosa,leonorregalado@gmail.com,8322111940346
Jerónimo,Caraballo,cmaldonado@madrid.org,3248951588988
Mateo,Tamez,maria01@pabon.com,2990317091030
María Cristina,Santillán,osamaniego@proyectos.com,2892827482347
Marcos,Mayorga,wendolin68@rocha.biz,1543394338456
Pascual,Miramontes,abelardo06@hotmail.com,6707146712552
Rubén,Chacón,margarita45@yahoo.com,2647608492625
Rafaél,Jiménez,mauricio88@montes.com,5250537284646
Claudia,Puga,yjuarez@lomeli-pabon.info,0079356390974
Perla,Alcaraz,estela12@yahoo.com,3287988881287
Alonso,Castañeda,mayte76@sanchez-caballero.com,6444118762951
María Cristina,Zayas,rreyes@gmail.com,1842052908080
Judith,Negrón,olivasgabriel@gmail.com,2784418117131
Alfonso,Colunga,julio-cesar16@grupo.com,9160636307234
Horacio,Anguiano,reina86@hotmail.com,6998460144628
Gilberto,Negrón,rafaelochoa@gmail.com,3037742967299
Darío,Arenas,adela89@laboratorios.com,8925145754919
Paulina,Tejeda,frida69@arroyo-arroyo.net,1749770147185
Zacarías,Aguilera,abelvilla@nazario.com,7909457348583
Alonso,Amaya,marreroguillermina@yahoo.com,1366019951190
Mercedes,Barreto,elisa04@hotmail.com,1248325064023
Violeta,Linares,rlaboy@hotmail.com,0991687875915
Francisca,Rael,villasenorfrancisco-javier@gmail.com,3037436967819
Darío,Baca,trinidadde-jesus@despacho.biz,3075233430386
Conchita,Narváez,ssalas@hotmail.com,8013421864244
Mitzy,Aranda,clementegamboa@hotmail.com,4109454976429
Javier,Robles,ccarrero@yahoo.com,2969987032573
Ángela,Marín,giglesias@sanabria-alvarez.com,0476405600280
Modesto,Hidalgo,raquel91@laboratorios.info,9231632243763
Itzel,Moya,malavereynaldo@corporacin.com,7143168641542
Rufino,Nájera,leonardo14@corporacin.com,7735754619095
Samuel,Iglesias,cecilia91@corporacin.info,7863984899213
Genaro,Oquendo,zmatos@laureano.com,4446415020204
Sonia,Chapa,castilloisabela@gmail.com,2472805777417
Mitzy,López,reynasilvano@yahoo.com,4046175225524
Blanca,Arce,msalcido@gmail.com,2872344213784
Caridad,Núñez,arreolaelisa@club.com,7341043794712
Leonel,Rico,taniajiminez@yahoo.com,1321122796233
Andrés,Godínez,ricardolugo@cordero-madrigal.com,8140734651510
José Eduardo,Rodarte,luis-manuelmendoza@hotmail.com,8822065073955
Ruby,Trejo,usolorzano@corporacin.com,0792636035373
Héctor,Cedillo,bnoriega@club.com,5602721889654
Lorena,Jaime,teresa20@gmail.com,7377015322958
Juana,Armas,canguiano@despacho.com,8273389306440
Liliana,Pedraza,xchavez@laboratorios.org,0804279975216
Eric,Suárez,gonzalo73@barrios.net,2720650842571
Iván,Espinal,inescardenas@betancourt.com,8574234555902
Rodolfo,Nieves,fmojica@yahoo.com,3450075809954
Elvia,Menchaca,maestasbernabe@gmail.com,9810648104744
Horacio,Lara,jonasquintana@yahoo.com,7084437972618
Trinidad,Ocampo,garicaeugenio@yahoo.com,2969582712139
Araceli,Ortega,abrilpacheco@diaz-benavidez.com,4927409377747
Ariadna,Corrales,antoniavelasco@urbina-salgado.com,0069364206093
Susana,Rubio,rosa22@yahoo.com,0152582833950
Aurora,Fuentes,ozavala@laboratorios.com,2748031752290
Gregorio,Mateo,villalobosasuncion@corporacin.com,1235910403033
Óscar,Almaraz,tzedillo@hotmail.com,0704897749705
Leticia,Escalante,ucasillas@crespo.com,2763866137012
Reina,Ornelas,wsaenz@casillas-escalante.net,2497288955878
Carolina,Gastélum,cruzdiego@de.com,6572985175370
Gabriel,Córdova,montesmartha@olivo.com,1172751483066
Evelio,Frías,dzamudio@hotmail.com,5883172917755
Camilo,Cortés,sara27@gmail.com,4744893456517
Raquel,Linares,menaeugenia@valles.org,8030125799095
Sara,Tórrez,bluevano@yahoo.com,6000513102910
Reynaldo,Meza,dulceestrada@grupo.net,1873005325423
Nadia,Rascón,navayolanda@corrales.com,8261849802862
Reina,Gurule,eortega@gmail.com,8211055834412
Patricio,Chávez,esanabria@hotmail.com,0188784884091
Dolores,Gallardo,angelapuga@yahoo.com,2325465964057
Ramón,Quezada,nfranco@hotmail.com,3633442458358
Roberto,Mondragón,perlaguajardo@corporacin.org,5665208641121
Irene,Matos,oswaldocorona@proyectos.com,2752276063525
Camila,Regalado,mascarenasalfonso@hotmail.com,2126701672789
Lucía,Garza,angelica41@industrias.net,0128939876813
Rolando,Espinosa,hernandezjuana@club.info,4984588233757
Alma,Zepeda,vcampos@club.net,7617651459393
Berta,Melgar,blanca39@gmail.com,6095238232713
Renato,Vásquez,wcandelaria@yahoo.com,0697947958631
Tania,Cabán,soriavanesa@hotmail.com,9394645445490
Linda,Domínguez,serafin13@yahoo.com,1943538896519
Catalina,Mondragón,concepcionpuente@hotmail.com,3052446605090
Marisol,Miramontes,fbotello@yahoo.com,0121370276100
Ángela,Toledo,nbarragan@grupo.info,2881562755012
Teresa,Alcaraz,naranjogeronimo@industrias.com,1238519254695
Héctor,Rosales,monterodolores@esquibel.com,0140778583033
Emilio,Zarate,adelgadillo@maestas-beltran.com,3304282434299
Judith,Jaimes,luisaalfaro@yahoo.com,3687310916571
Francisco,Casárez,xflores@industrias.net,6615649907261
Gilberto,Anguiano,esquiveljeronimo@industrias.com,2588904089408
Hernán,Monroy,tomasespinosa@de.info,1812539774169
Rebeca,Manzanares,aida11@despacho.net,9340524504952
María Cristina,Lozano,fariasmauricio@gmail.com,0550289026018
Samuel,Bétancourt,pugacatalina@rosario-carrillo.net,6435929557369
Dolores,Rolón,baguayo@proyectos.com,3335671705774
Minerva,Fuentes,saucedomagdalena@hotmail.com,9519100082154
Amelia,Pabón,isabelacortez@esquibel-jurado.com,1280128206018
José Carlos,Chapa,natalia09@gmail.com,2786633706283
Marcela,Salazar,jesus95@hotmail.com,4622732983701
Zoé,Bustos,jose-eduardocintron@grupo.net,7204148813347
Benito,Matos,uribeperla@gmail.com,3651486835948
Virginia,Lira,aldo53@gmail.com,7119326882327
Reina,Sáenz,estebancervantez@proyectos.com,2418158294549
Martha,Armas,juan-carlos20@club.com,6434113486243
Marco Antonio,Soto,parraoctavio@proyectos.org,0064448488299
Felipe,Pizarro,esmeralda28@club.com,4817614404896
Samuel,Montoya,armasyeni@gmail.com,1542644406359
Liliana,Aragón,miguel87@gmail.com,9177092802485
Abelardo,Camacho,crespojos@paredes-mondragon.com,8434378352799
Cristobal,Arce,espinojacobo@yahoo.com,5346757544494
Cristal,Riojas,pascual32@hotmail.com,6365649835557
Jorge,Fajardo,usaavedra@baez.org,4725879695284
Serafín,Villaseñor,fabiolacornejo@corporacin.com,8606600787576
Araceli,Nazario,pabloflores@aleman.com,5669557781782
Rolando,Alonso,fernandezolga@yahoo.com,3023952987679
Wilfrido,Valladares,alonso25@grupo.com,2354483310667
Carlos,Espino,humberto05@gmail.com,2842305251926
Minerva,Duarte,strevino@yahoo.com,0360978324299
Irma,Parra,rodrigo95@bermudez-guardado.info,8576962014245
José María,Vallejo,rochareynaldo@despacho.com,7264036306619
Leticia,Villalpando,martin55@reynoso-duarte.com,6927747051312
Rolando,Prado,irma82@muniz.com,0195516101179
Luis,Granado,mitzyvargas@yahoo.com,7238354858877
Tomás,Centeno,gibarra@corporacin.com,3471973488546
Israel,Jiménez,yenimonroy@yahoo.com,6908350192049
Santiago,Solorio,fridarodriquez@industrias.com,2049245242052
Jaime,Garay,agustinvalladares@club.info,6628442567110
Uriel,Rubio,irene03@hotmail.com,6151119925609
Ilse,Alemán,germanalcaraz@hotmail.com,2550493777660
Socorro,Nájera,zrincon@yahoo.com,8019965525682
Jonás,Sauceda,wnieves@hotmail.com,7882638888038
Irma,Nájera,salmaalcala@bonilla.com,1786898836310
Cristal,Amaya,uriel31@lovato-montoya.org,5512948104380
Ofelia,Urbina,franciscaguerra@magana.biz,2190800957342
Porfirio,Vela,karla58@laboratorios.com,2579253189340
María Cristina,Velasco,guillermo71@corporacin.com,5353479942433
Olivia,Almaraz,tsarabia@laboratorios.info,7862436877777
Miguel Ángel,Garibay,arredondosofia@palomo.com,0074597669791
Adriana,Rodarte,francisco84@burgos.com,3523614321085
Marisela,Paz,lemusursula@lucero.net,5545367366513
Raúl,Regalado,paola04@hotmail.com,1460466068050
Marco Antonio,Adame,virginialaureano@grupo.com,2111190324372
Felix,Delgado,abraham94@laboratorios.org,1702322632133
María Elena,Rincón,anel72@martinez.info,3096344531929
Esteban,Gurule,bernardofuentes@yahoo.com,4089438157462
Lucía,Partida,kolivera@yahoo.com,1518457690048
Leonardo,Velásquez,valenzuelajoaquin@elizondo.com,8818674039923
Andrés,Sauceda,alfonsolozada@yahoo.com,1284264357439
Nelly,Molina,kybarra@despacho.com,1069714221889
Leonardo,Medina,riosgeorgina@hotmail.com,8582187549649
Mauricio,Quintanilla,rbenavides@hotmail.com,5802254559889
Luis Manuel,Olvera,wrodriquez@hotmail.com,7222640242533
Luis Miguel,Ortiz,cecilia59@frias-arias.com,1931634700823
Aldo,Valencia,villagomezmiguel@proyectos.com,5120023689109
Elvira,Lerma,omondragon@yahoo.com,4614103422966
Alejandro,Porras,isolorio@yahoo.com,5458659694112
Nadia,Alcala,marco-antonio72@lozada-avila.com,8325741063099
Cecilia,Rosas,mesaleticia@santana.com,3640211334181
Ana,Jáquez,jarguello@yahoo.com,4265698491172
Eloisa,Gallegos,cpizarro@hotmail.com,2915461173164
Victoria,Adame,rbenavidez@proyectos.com,3802193545515
Arturo,Espinosa,amadorespartaco@yahoo.com,3722283648153
Alvaro,Osorio,rcrespo@hotmail.com,2136942800273
Georgina,Alemán,rocio36@melgar.net,4142286855752
Ana,Véliz,lgrijalva@mena-montoya.info,5313492266924
Yolanda,Lovato,chapajuana@hotmail.com,5589424538083
Lucía,Apodaca,carmenmontenegro@yahoo.com,0568023615786
Jesús,Correa,carmen27@yahoo.com,1011592200988
Nadia,Jasso,aurora60@hotmail.com,9394606556050
Espartaco,Laboy,sotonancy@florez.com,2447127878125
Carolina,Terán,mmendoza@yahoo.com,5868763047996
Ramón,Fierro,mnava@mata-bravo.com,5420545958453
Germán,Porras,barrazagilberto@colunga.info,1360237823618
Asunción,Cortés,gonzalezrenato@hotmail.com,4718151679565
Wilfrido,Zepeda,valdesfidel@gmail.com,9192832529400
Ivonne,Nazario,rvallejo@hotmail.com,8453142592412
Isabel,Fernández,antonia49@hotmail.com,0940647841730
Anel,Jaimes,alta-gracia88@proyectos.org,7006022835081
Clara,Mercado,villalpandojose-carlos@yahoo.com,0919739261585
Cecilia,Enríquez,ariadnaavalos@calvillo-cotto.info,7761588836887
Sonia,Mendoza,guardadoaldo@yahoo.com,3035498967303
Verónica,Segura,reyesmaria-cristina@camacho.info,8869046944945
Noelia,Gálvez,uperes@yahoo.com,2927893432726
Raquel,Armendáriz,silvanolerma@industrias.biz,8386762282146
Estela,Meléndez,arturo85@hotmail.com,5975902716752
Mónica,Negrete,marisolalvarez@laboratorios.com,2331438707912
Lilia,Colunga,bermudezcornelio@morales.com,5714340710660
Carolina,Toro,daniellozano@proyectos.com,4795254641103
Marcos,Malave,bernalcaridad@jaime.com,0085613119847
Mercedes,Moreno,bsantacruz@ontiveros-guerrero.org,6111476213890
Rodrigo,Arreola,ppadron@proyectos.info,5503564526630
Angélica,Madrid,hernan62@badillo-contreras.info,1151478277186
Paola,Grijalva,emilio67@gmail.com,4603757737081
Rolando,Espino,concepcion76@yahoo.com,1316386336242
Marisela,Carrasco,samuel27@avila.com,7581974190790
Inés,Esquivel,zaranda@campos.com,9844556634295
Isabela,Reyna,velezangel@yahoo.com,4682843569388
Antonio,Saldivar,alfonso12@hotmail.com,3858111410600
Angélica,Elizondo,jrobledo@laboratorios.com,2839734004190
Evelio,Zavala,virginiaabrego@grupo.com,5269894523007
Emilia,Castillo,covarrubiasjose-maria@ramon.biz,5236421570653
Benjamín,Rosado,elias49@gmail.com,5841877993949
José Luis,Paz,javierceballos@gaytan.biz,7413206514041
Abelardo,Longoria,ernestobotello@hotmail.com,4536278082327
Clara,Balderas,alejandragiron@despacho.com,7618454742733
Benito,Caldera,arandaelsa@laboy.com,0213478957143
Yuridia,Adame,partidaangelica@gmail.com,8088659073251
Miguel Ángel,Olivares,bravoalberto@cotto.com,4532177032494
Mario,Tapia,covarrubiasnorma@garibay-verdugo.com,3864619187208
Amanda,Arguello,uontiveros@grupo.com,8708951384742
José Carlos,Bustos,jalmonte@yahoo.com,4952440538315
Nadia,Soria,sofia27@gmail.com,8952962141532
Luz,Garza,toledorosa@hotmail.com,2097684176421
Dulce María,Galarza,cruzwilfrido@espinal.biz,2996981692347
José Luis,Gollum,biancamedrano@hotmail.com,1676147844573
Catalina,Hernandes,delgadillomayte@gmail.com,0471815586936
Guadalupe,Barraza,vgriego@chapa.com,3034456015512
Josefina,Guevara,vsegovia@yahoo.com,7106867336514
Rocío,Acosta,berriossantiago@yahoo.com,7279002986373
Frida,Almonte,maria-josealcantar@hotmail.com,4633587273784
Rebeca,Blanco,zgarica@garica.com,2314849402478
Ana,Barraza,oliver69@rojo-haro.org,3631526808966
Eloy,Rivero,esperanza41@zayas.com,5152064306860
Adela,Rivera,fvillegas@caraballo.info,8400752349689
Adán,Granado,clementeromo@hotmail.com,6677060319344
Blanca,Villalobos,xcenteno@hotmail.com,8689491937096
Celia,Báez,diana99@yahoo.com,6828389472090
Jaime,Aragón,antoniocalderon@heredia-borrego.org,2637258314504
Eloisa,Esquivel,sanchesrocio@corporacin.com,3011368005077
Ángel,Aponte,vallesserafin@hotmail.com,9350862577174
Felipe,Guajardo,gironsamuel@menchaca.com,8960090359509
Estefanía,Santillán,montoyaangel@yahoo.com,8296112165531
José Carlos,Garibay,mquesada@hotmail.com,5815712237284
Manuel,Berríos,rubyamaya@proyectos.com,2999306425755
Mariano,Echeverría,lpichardo@tijerina-blanco.com,0016107049097
Salvador,García,gonzalo77@roybal.info,8440401952766
Eloy,Bétancourt,qarce@avalos.biz,4931401533911
Javier,Rascón,uriasofelia@gil.com,9667128435557
Horacio,Gómez,saavedrajulio-cesar@hotmail.com,4272582285543
Mauro,Porras,olivoemilia@yahoo.com,0702437577162
Francisco,Rincón,cornejorebeca@yahoo.com,8333725049361
Yeni,Ceja,alejandrabotello@gmail.com,9902358636284
Natividad,Leiva,carolinarendon@carrillo.org,6167983051059
Georgina,Caraballo,inoriega@serna.com,1811365481723
Iván,Ornelas,micaela47@hotmail.com,0168251561198
Alma,Olmos,ricardo16@despacho.com,8250562811728
Alejandro,Aragón,cesar22@blanco.com,0911941201813
Augusto,Barrios,alfredo28@elizondo-corrales.com,1025336287623
Benjamín,Vélez,eduardocorrea@hotmail.com,1961661732171
José Carlos,Raya,sofiagastelum@sanchez.com,4386979605799
Julia,Dávila,maria06@yahoo.com,7378217328751
Leonel,Ortiz,hilda98@hotmail.com,0922761565761
Clemente,Valdés,abelardoalfaro@hotmail.com,2917330122499
Pascual,Cruz,esther18@yahoo.com,3165728333722
Humberto,Valdez,ocarreon@granado-becerra.biz,3560578224688
Renato,Sanches,jose-luis88@yahoo.com,9942690230157
Lilia,Fierro,valadezmartha@club.com,8063233783432
Carmen,Valles,porrasrebeca@yahoo.com,3897150687993
Lucas,Aguayo,susana52@torres.com,7987350575260
Débora,Avilés,irene35@benavides.org,7784299431008
Reynaldo,Orta,esthergranados@sisneros.com,8660467383522
Vicente,Lugo,israelgamez@alarcon-santana.com,8719775687549
Violeta,Sosa,xcarrero@hotmail.com,3233851143279
Gregorio,Montez,oolivo@yahoo.com,2422816651257
Tania,Castro,camilaaleman@yahoo.com,3608097479589
José María,Frías,de-jesusalejandra@yahoo.com,2534156229431
Margarita,Magaña,eloynino@fuentes-bernal.com,6327645147314
Elvia,Orozco,galfaro@gmail.com,4115848216127
Teresa,Vergara,joseaguirre@quintanilla.com,9117069314328
César,Aranda,carla23@club.com,0158661310798
Héctor,Macías,mariana56@hotmail.com,4899227180184
Ruby,Cantú,uzedillo@grupo.com,5705397499361
Yeni,Padilla,bernabe64@armas.biz,9304813094409
Guadalupe,Ibarra,bde-la-o@grupo.com,5174120601605
Emiliano,Montaño,mataana-luisa@laboratorios.com,0413010638190
Mercedes,Roque,villasenorminerva@bonilla.com,3629726957205
Humberto,Mendoza,debora51@gmail.com,9390002790195
Ana,Campos,pedro63@gmail.com,6182400638102
Mercedes,Rosas,lemusliliana@gmail.com,7653675635087
Olga,Castellanos,banueloshelena@arredondo.com,0499639187271
Bernabé,Carrillo,isandoval@corporacin.org,4621478205487
Andrés,Laureano,adalbertovaldes@pina.biz,3426580740145
Miguel Ángel,Valle,saragaribay@hotmail.com,6268838196656
Francisco,Solís,karla26@llamas-sierra.info,2481737097105
Dulce,Cervántez,barriosmarisol@merino.org,2796839865167
Abelardo,Reséndez,jalarcon@munguia-rivas.com,3052967692221
Amalia,Ocampo,josesalinas@tijerina.com,8724630073154
Andrés,Naranjo,luis-miguelsalcedo@yahoo.com,2459206697131
Eva,Tello,gabriela50@gmail.com,8146512839905
Jacobo,Venegas,hlozano@noriega.com,5816065006615
Carmen,Alcaraz,carmen41@hotmail.com,1769581396740
José Luis,Mayorga,graciela50@fernandez.net,4062719475632
René,Arteaga,espartacogurule@zaragoza-bermudez.com,6659455798936
Bianca,Padrón,rodarteangel@padron.info,9806653417785
Lourdes,Loera,alonzozeferino@industrias.com,1518829395025
Eugenia,Ordóñez,ramiromelgar@romo.com,2718351960967
Berta,Aparicio,ibarraivan@yahoo.com,5101067068182
José Emilio,Baeza,bbarrera@ulloa.org,3961989451017
Wendolin,González,paulina67@candelaria.com,6770951937685
David,Castellanos,saldivareugenio@yahoo.com,2416111213828
Lucía,Garay,acasanova@club.com,9408449153205
Eugenia,Vaca,blimon@hotmail.com,6132239346001
Lucas,Montenegro,caridad08@regalado.net,5664614317936
Mercedes,Rodríquez,ricardomontero@proyectos.com,1554927756915
María,Palacios,otorres@reyna.info,2406670474788
Gregorio,Palacios,homero09@gomez-vasquez.com,8840399699985
Jorge,Arias,jacinto95@yahoo.com,0959092062914
Nancy,Duarte,uorosco@gmail.com,4443834776360
Leonor,Haro,clara39@rosado-montalvo.com,7573590547308
Miguel,Martínez,bhenriquez@corporacin.com,2428477842254
Jerónimo,Alvarado,gvilla@fierro-bustos.com,1718860710088
Delia,Cornejo,joaquin50@gmail.com,3346759138714
Georgina,Escamilla,tgaona@yahoo.com,7851961491113
Amalia,Córdova,uribesalvador@hotmail.com,7733735165005
Noelia,Cornejo,apodacamarcela@casillas.biz,6941881196865
Andrea,Pedraza,cornelioborrego@paez.com,7910478733918
Judith,Jaimes,maria-elena64@yahoo.com,5661893015460
María Elena,Escobar,aldonza34@yahoo.com,8421262090252
Wendolin,Briseño,rsaenz@club.com,0413059668307
Isabel,Carrasco,ode-la-fuente@betancourt.com,9269469633354
Paola,Calderón,eloybeltran@hotmail.com,8102534469701
Teresa,Estévez,quintanalucia@gmail.com,0347474471311
Ofelia,Tello,geronimolopez@hotmail.com,0673802608185
Ariadna,Lomeli,francisco-javier28@gmail.com,9054710055652
Emilia,Carreón,guerrerolinda@yahoo.com,4912284224208
Frida,Olivares,emilio49@salgado.com,6067846217626
Estela,Villagómez,leticiamiramontes@hotmail.com,0083954681147
Estefanía,Heredia,krenteria@hotmail.com,3611424194108
Leticia,Quiñones,corneliogriego@hotmail.com,6544834169912
Nayeli,Mateo,hermelinda97@hotmail.com,7343633657757
Santiago,García,hmelendez@yahoo.com,4886534877238
Trinidad,Valadez,josefina13@duran.net,0768773190241
Marisol,Aguilar,julia66@avila.com,7656664692230
Guadalupe,Porras,maria-cristinaloera@gmail.com,6659735811539
Gabriel,Regalado,guillerminaviera@baeza.net,7597103166096
Mayte,Menchaca,robertovaldes@figueroa.org,3305061039071
María Eugenia,Uribe,rmeraz@almaraz-mayorga.com,2789167286703
Martha,Bahena,eliaszaragoza@hotmail.com,1342282495205
Dulce,Melgar,ana-luisa62@yahoo.com,6000747683479
Aurelio,Rodríguez,dcruz@grupo.com,5225971270124
Dalia,Ulibarri,genaroorosco@gmail.com,5656036487447
Indira,Farías,fpuente@hotmail.com,5901573420397
Sonia,Castañeda,dario91@castro.com,9803373244592
Silvia,Velázquez,natividad45@hotmail.com,8687101346808
Liliana,Urbina,sotomiriam@trevino-manzanares.com,9283043154757
Eric,Fajardo,xrael@hotmail.com,0765665415553
Andrea,Brito,alejandro43@hotmail.com,2675096579202
Georgina,Frías,salvador26@yahoo.com,0295732701508
Ernesto,Apodaca,cverduzco@yahoo.com,1145289532196
José Manuél,Roque,velezbianca@bonilla-balderas.com,4709761877073
Antonia,Berríos,ballesterosmaximiliano@gmail.com,9293648188262
Hermelinda,Zaragoza,angela08@proyectos.com,3794141036896
Camilo,Valenzuela,aguayorosario@valdez.com,3862221470661
Eloy,Solorio,pavila@alejandro.com,0172772984396
Natalia,Moreno,marianoroldan@gmail.com,7784397648562
Guadalupe,Montez,bernabequintanilla@gmail.com,1833624941269
Wilfrido,Gamez,reinasalas@cordova.com,1040159717738
Ana Luisa,Varela,guillenamador@despacho.com,3412153577877
Fernando,Véliz,vicente30@lerma.info,4517797955781
Miguel,Sierra,renteriaabelardo@gmail.com,4709450485133
Aldonza,Tamez,jesuslovato@gmail.com,6620212727475
Horacio,Barraza,solizbenjamin@yahoo.com,7306492255490
Felipe,Esquivel,figueroajose-manuel@gmail.com,4520599111034
Teodoro,Bañuelos,tiradorodrigo@industrias.com,4315505720557
Araceli,Peralta,leticiaalonzo@despacho.com,8437315138672
Sandra,Negrón,armando89@apodaca-irizarry.net,4052368682774
Andrea,Carrillo,julio69@feliciano.net,3321656420849
Trinidad,Rentería,ameliacavazos@mateo.com,0575663526658
Fabiola,Manzanares,asierra@proyectos.com,7506970571000
Bruno,Bustos,chavarriaenrique@nevarez.com,0411706645005
Andrés,Loera,bsolis@hotmail.com,2284363551303
Luis Manuel,Melgar,maciasesmeralda@yahoo.com,0031144616510
Aldonza,Salas,mvarela@hotmail.com,9130435052517
Rufino,Casares,almarazuriel@ontiveros-villanueva.com,5181064900032
Óscar,Dueñas,estherloya@hotmail.com,5589824994414
Horacio,Luevano,francisco-javier93@velasco.com,6024220022995
Sonia,Mota,emireles@gmail.com,7045940326085
Teodoro,Saucedo,nelly08@yahoo.com,0825881391381
Lucas,Gaona,angelcarmona@laboratorios.com,5704832511141
Noelia,Menchaca,bernabelucio@hotmail.com,3687486206634
Marco Antonio,Lovato,leonelzelaya@castaneda-cardona.com,5769914613472
Rubén,Lara,armando38@hotmail.com,0905946533172
Jorge Luis,Acevedo,aldonzachapa@hotmail.com,6098192831650
Camilo,Carrasco,agalvez@canales-villegas.com,4275945135365
Débora,Casas,navarretejavier@grupo.info,3967237055976
Santiago,Valenzuela,nancy68@laboratorios.com,9033685904149
Ramón,Arredondo,ebarajas@gmail.com,7043449835253
Paola,Téllez,guillerminaverduzco@henriquez.com,3257462828089
Georgina,Ávila,uvaladez@club.com,0739903307825
Héctor,Carmona,hgollum@medina-prado.org,7352255442378
Rosario,Palacios,merazestela@grupo.com,5298911479405
Silvia,Santacruz,maria-cristina17@yahoo.com,4405987128154
Javier,Meléndez,yuridiagodinez@puga.com,3264912996383
Juan Carlos,Escalante,esquivelnelly@matias.com,7128503911920
Rosario,Roldán,maria-cristinapabon@hotmail.com,8762514717862
Jaqueline,Lovato,jose-emiliochapa@corporacin.com,5443904644907
Samuel,Terán,bmaya@hotmail.com,7996615962415
Alma,Aguayo,maximiliano05@gmail.com,6932665619967
Eduardo,Casas,pelayorolando@proyectos.biz,6688856523705
Esmeralda,Muñoz,franciscaorellana@hotmail.com,3175139512213
Timoteo,Escamilla,ematias@yahoo.com,4187022680584
Abraham,Olivo,ncordova@feliciano-cortez.com,2841354069808
César,Jasso,pvalles@yahoo.com,3388398570544
César,Gamez,huertauriel@despacho.com,9447566800360
Modesto,Regalado,graciareynaldo@despacho.com,9773204764372
Lourdes,Dueñas,rodrigo64@laboratorios.com,1667643247919
Alta  Gracia,Orellana,polancopascual@hotmail.com,7035051987718
Adalberto,Reyes,zcollado@hotmail.com,5544742485417
Fernando,Vela,amandacastaneda@almanza.com,3597412909144
Genaro,Naranjo,sergiopena@gmail.com,6102400451351
Eva,Collazo,fariasmario@corporacin.com,1467384461726
Elvia,Melgar,ledesmafabiola@despacho.info,8445249044562
Patricia,Corral,ide-la-fuente@hotmail.com,5140156543117
Maximiliano,Alonzo,rolandode-la-rosa@gmail.com,9296456097063
Javier,Benavides,cantuamelia@laboratorios.com,0906686839077
Dalia,Perea,alvarezzeferino@gmail.com,6029808326195
Eduardo,Ayala,amayaestela@arriaga.info,5875602052787
Rocío,Urías,correaclaudia@gmail.com,5589855020651
Josefina,Navarro,deliamaldonado@gmail.com,6846285461325
Emilia,Garay,jrobledo@flores.info,0525086487967
Aldo,Solorio,auroraresendez@yahoo.com,1185533368607
Sessa,Galindo,cabanmonica@baca.org,2466690398026
Abril,Bernal,ocampomaria-cristina@mayorga-montoya.com,1377857431374
Renato,Rosado,espartaurena@hotmail.com,0795765312327
Dolores,Hernandes,nunezgilberto@despacho.com,5403700540104
Ramón,Camacho,svazquez@yahoo.com,5803356593312
Lucas,Aparicio,ivansanabria@yahoo.com,9112398195542
Aldonza,Soto,magdalena07@viera.com,0797610228282
Concepción,Lucero,esalgado@hotmail.com,7044974509151
Zacarías,Lucero,karla50@ruiz.com,6331700302987
Carlos,Ocasio,florencialozada@hotmail.com,8384877099233
Lilia,de Anda,escalantevirginia@holguin-quintanilla.org,1432774883693
Tania,Cornejo,juradovirginia@yahoo.com,6682868848648
Mitzy,Vélez,ploya@industrias.biz,4024829685065
Vicente,Leyva,cornelioescalante@vergara-aguilera.net,9669523428143
Sessa,Alonso,vallesalfredo@meraz.net,0483949505568
Serafín,Arguello,deborahernandes@yahoo.com,4911564353527
Leticia,García,carmen02@collado.com,9851285538182
Darío,Sandoval,joaquin78@gmail.com,9262949003169
José Carlos,Muro,araceli41@ramirez.com,9379390001081
Mercedes,Villegas,khenriquez@hotmail.com,0293070271873
Rubén,Carbajal,serafin93@yahoo.com,2845178730844
Camilo,Verduzco,xcazares@casillas-diaz.org,6996640351072
Federico,Fierro,ude-la-torre@hotmail.com,7771429440696
Irene,Menéndez,pedro75@proyectos.com,2469123862862
Mario,Valentín,fduarte@gonzalez.net,7505220234739
Verónica,Marín,cantuabigail@magana-patino.com,5871237744975
Zoé,Olivo,guillermoolivas@corporacin.info,7481997767136
Lucía,Pizarro,soledad02@yahoo.com,2888327481913
Eduardo,Velásquez,tllamas@hotmail.com,5043161751638
Diana,Quezada,vleiva@almonte-estevez.org,6610464048384
Zeferino,Montes,godinezmicaela@yahoo.com,2628152528332
Alejandra,Berríos,abelardomora@pacheco.com,0937277231274
Mateo,Loera,marco-antonio62@hotmail.com,9742091514146
Florencia,Ferrer,florencia33@gmail.com,0061892655117
Sonia,Olivárez,hde-la-fuente@lira-gollum.info,6982474869661
Lorenzo,Villegas,minervasoto@garza.net,5190584264335
María Luisa,Bermúdez,delgadillowendolin@proyectos.com,7306941854997
Julio César,Reyna,valdiviamiriam@industrias.org,5664961889710
Úrsula,Valdez,aquinonez@gmail.com,6220674269836
Blanca,Madrid,modesto91@meza-de.com,5722756067998
Patricia,Villagómez,blanca53@gmail.com,3577642526471
María,de la Rosa,victoriaesquivel@santana-patino.com,0317765797242
Raquel,Díaz,guadalupearmendariz@hotmail.com,6335545085479
Guillermo,Medrano,hectormesa@saiz-concepcion.com,4777230456404
José Carlos,Gonzales,marisela19@industrias.com,9683188077468
Tomás,Soliz,germanpina@industrias.info,1226199989068
Alicia,Sisneros,qacuna@hotmail.com,3542887050987
Serafín,Alcántar,rodolfoenriquez@hotmail.com,8966958503390
Alejandro,Robles,yolandaaragon@hotmail.com,7188325326251
Estela,Arredondo,ngarica@yahoo.com,9161151616802
Silvano,Lovato,rocio95@gmail.com,1406933010227
Alfredo,Olivas,gabino45@meza-rascon.org,6912477623764
Germán,Nevárez,gerardocordova@yahoo.com,7463185129550
Silvia,Lira,galmanza@hotmail.com,3819423367849
Vicente,Casas,villanuevaarturo@hotmail.com,8056227712043
Diego,Briseño,alicialerma@gmail.com,6636489243431
Agustín,Partida,chavezabel@proyectos.com,8754220632361
Aldo,Chacón,pichardogerman@gmail.com,7239178673231
Gerardo,Medina,maria-cristinacuellar@yahoo.com,3214088317899
José María,Bernal,deborapaez@sauceda.com,6348526684229
Wilfrido,Ledesma,mariolemus@florez-barreto.com,2154259779535
Rocío,Ybarra,ana-maria85@florez-alva.com,3977070292443
Graciela,Pérez,htello@yahoo.com,1969229242605
José Luis,Olivera,valenzuelamarisela@hotmail.com,6492670262475
Eduardo,Collazo,maria19@grupo.net,1723730467533
Alejandro,Quiroz,portillogustavo@hotmail.com,2910631420986
Ernesto,Hernández,francisco95@gmail.com,3608129460988
Rocío,Amaya,renteriakarla@salcedo-velazquez.biz,4615256602339
Samuel,Elizondo,lealjacinto@nino-alarcon.org,6442749167271
Carlota,Urías,berta60@industrias.biz,4744615520185
Yeni,Páez,itzelorellana@mascarenas-vera.org,3600147938902
René,Báez,jrojas@grupo.com,0662246535196
Karla,Villa,mascarenasconcepcion@mesa.com,9606243873889
Germán,Flores,irenealeman@varela-aranda.com,3802485955994
Lorena,Muro,reynaldohurtado@hotmail.com,1533422093204
Omar,Casanova,angelaveliz@bermudez.com,4197536615114
Cynthia,Rosado,hcamacho@gmail.com,6097298970313
Bianca,Candelaria,acostamaria-del-carmen@yahoo.com,7121142212299
Nancy,Correa,posadapascual@yahoo.com,1510031528607
Beatriz,Garica,arguelloabraham@madrid.com,0733819192112
Perla,Mateo,maderareynaldo@gmail.com,2610565649448
Silvia,Olivas,rubyalcaraz@verduzco.net,2631450120072
Amelia,Gallardo,liliaarce@grupo.info,0156313021774
Diana,Pedraza,jaquelinebetancourt@valladares.com,7722673274745
Sessa,Elizondo,eotero@davila-rivera.com,7762817978784
Mariano,Carrasco,amadorcordova@gmail.com,2162682938637
Concepción,Valle,samuelpedroza@yahoo.com,6812932260291
María Teresa,Perales,concepcionnoemi@burgos-valdez.net,9592911620415
Antonia,Zaragoza,marthagallardo@yahoo.com,6143404135674
Marco Antonio,Rosales,lebronconcepcion@yahoo.com,0550998416833
Gonzalo,Bonilla,lalmaraz@despacho.biz,4523688706019
Citlali,Guajardo,ysevilla@hotmail.com,7801269140040
Gerardo,Gamboa,antonio79@urrutia-leiva.org,3777292198250
Bernabé,Espinal,veraadela@industrias.com,4424349157226
Leonor,Noriega,gomezabigail@yahoo.com,2419025245269
Salma,Acosta,espartaco34@alonso-sisneros.com,8583892568402
Pedro,Vela,caridaddelgado@yahoo.com,9572793995353
Flavio,Guerra,elizondoarcelia@bonilla-barela.info,6582998349373
Silvia,Venegas,cantucamilo@gmail.com,0810687282208
Angélica,Montoya,jesus31@hotmail.com,3260120456203
Flavio,Soria,nalcantar@despacho.com,4602063457040
Margarita,Armendáriz,alonzodebora@roque.biz,9074675180539
Violeta,Frías,gerardo70@laboratorios.com,5313121346789
Fidel,Camarillo,tejadamonica@yahoo.com,9368126450402
Natalia,Montenegro,maldonadoyolanda@yahoo.com,5644140384696
María Luisa,Yáñez,paulinachapa@sauceda.org,4932007289188
Elvira,Méndez,victormedina@yahoo.com,1014855184199
Ofelia,Pizarro,wendolin68@ybarra.net,3197809380790
Patricia,Malave,arcelia98@cotto.com,8904007991324
Ramón,Rodrígez,cesarbecerra@yahoo.com,3443409250934
José,Griego,flavio05@gmail.com,0132490096196
Ivonne,Garrido,clara14@barajas.info,3185599120164
Pascual,Carrera,jose-carlos45@hotmail.com,6802183626335
Luisa,Téllez,ricardo00@gmail.com,9808796383700
Jorge Luis,Urbina,jaramillomargarita@gmail.com,8730411143571
Flavio,Beltrán,santiago69@proyectos.com,6095835557294
Antonia,Escobar,ipichardo@fierro.com,3680894270324
René,Dueñas,rinconana-maria@munoz.net,2268130500136
Eva,León,gurulericardo@estrada-ocasio.com,5207722965518
Reina,Suárez,noemitorres@hotmail.com,8075978272424
Lucía,Escobar,hguerra@club.com,4283132601040
Verónica,Corona,gmercado@corporacin.com,0928922924606
Bernabé,Arguello,btoro@rodriquez-tejada.com,4948414098710
Salma,Aguirre,ogonzales@baca.com,5846356635178
José Luis,Casas,alejandramireles@club.com,1931903943353
Luis,Orta,vrivero@corporacin.org,3128384109075
Timoteo,Montez,uterrazas@carrillo-briones.com,1574948500524
Carmen,Fonseca,garzaalfredo@gmail.com,9181082494277
Clara,Ramírez,anavalencia@club.com,0985246749937
Pamela,Rubio,nicolasmadera@gmail.com,8406459238670
Norma,Pabón,sonia96@yahoo.com,6191042158124
Magdalena,Treviño,isaac62@laboratorios.net,7337982417058
José Manuél,Aguirre,gerardoocampo@yahoo.com,5050562726888
Juana,Paz,jorge-luisolivas@ybarra-aguilera.info,8047193989625
Tania,Valdivia,pedrocaballero@yahoo.com,0646366130773
Jaqueline,Roque,salejandro@tijerina.info,6101769619808
Fidel,Cabrera,teodoro77@yahoo.com,9271264624681
Reina,Lovato,casascristobal@hotmail.com,0509474648799
Arturo,Noriega,jesus54@yahoo.com,2239140494323
Soledad,Corona,citlali11@gmail.com,0510481007297
Ramón,Padilla,palonso@yahoo.com,9138932388228
Eduardo,Jaime,yolanda24@cornejo-rodarte.org,2383178637824
María Eugenia,Caraballo,alonso25@proyectos.com,5939782142833
Alvaro,Valenzuela,jesuscervantez@gmail.com,6110107122919
Ramón,Correa,garciaperla@grupo.com,3101326288324
Nicolás,Aguayo,lourdes26@yahoo.com,4966253577607
Luis Miguel,Frías,bquezada@quintero.com,0560188337182
Aurelio,Aguayo,fcastaneda@vargas.info,5966456358711
Esther,Aguayo,amelia76@despacho.org,1861231268515
Susana,Echeverría,antoniamadrid@gmail.com,9585688959489
Bernabé,Garay,clementecarrion@hotmail.com,4975756430487
Amelia,Aguirre,saucedofelix@grupo.com,7917263180265
Abelardo,Valles,dulce-mariaduran@yahoo.com,7649380845608
Diego,Fonseca,alejandraduenas@dominguez-pizarro.com,2669350560424
Juan Carlos,Saiz,leonardoflores@hotmail.com,4437574131793
Clara,Valentín,mario03@gmail.com,0642630630161
Cristal,Pulido,pascualespino@arriaga-rocha.info,2412973312048
Rubén,Manzanares,espinosaelsa@hotmail.com,7131689814536
Víctor,Viera,irizarryaida@gmail.com,3227002535178
Victoria,Baeza,leonardo55@industrias.net,9419247948904
Cristal,Apodaca,andresfeliciano@flores.com,1201716999644
Hilda,Briones,bruno40@gmail.com,0710869106689
Alonso,Briones,sserrato@hotmail.com,6705433797880
Alfonso,Pichardo,aurora76@grupo.com,8855641142516
Catalina,Gálvez,cristalgiron@valdivia-oquendo.com,9301888873191
Silvano,de Anda,aldonza81@yahoo.com,8812915654067
Gonzalo,Rosado,martha24@carvajal-abreu.net,0530620388191
Alicia,Toro,velizariadna@gmail.com,5896091225449
Jacinto,Saucedo,maria-luisa69@nazario.com,2245100414423
Teodoro,Jaimes,kleyva@jaquez-lopez.info,2674623436021
Aurelio,Cintrón,diegopaez@corporacin.com,6147126286838
Juan,Sosa,eperea@corporacin.com,6822979609832
Reina,de León,adalbertoecheverria@corporacin.org,8193029237462
Ariadna,Mondragón,josroldan@hotmail.com,7349599785926
Francisco,Durán,sgalarza@yahoo.com,3326991044686
Carla,Rangel,elisa35@hotmail.com,4419762671551
Mitzy,Cotto,berriosjulio@corporacin.com,7841972776265
Francisca,Gamboa,cabannatalia@yahoo.com,1777022697785
Tania,Mora,teranhugo@grupo.com,6941072598884
Emilio,Corona,usaavedra@hotmail.com,5542876907369
Leonor,Valladares,roberto57@quiroz.com,6066749176152
María Luisa,Cazares,beltranrolando@hotmail.com,8012231614610
Florencia,Vásquez,buenoelsa@yahoo.com,1795120777713
Celia,Miranda,mayamonica@hotmail.com,1915713864841
Luis Manuel,Merino,fquinonez@proyectos.biz,2989879768319
Irma,Amador,lorenzoorta@quesada.com,4184080889389
Nancy,Melgar,sanaya@club.net,4537783270758
Manuel,Madrid,dulce-mariaolivares@hotmail.com,3191026865233
Isaac,León,pizarrosessa@carvajal-cedillo.com,8676555196067
María Cristina,Almonte,vcaldera@yahoo.com,1874305180894
José Manuél,Salcedo,pinedanancy@hotmail.com,5500017538315
Sandra,Alfaro,ecano@corporacin.info,1578271777206
Juan,Laureano,torreskarina@florez.com,1242537696895
Arcelia,Barela,beatriz05@yahoo.com,9413106395680
Aurora,Dávila,guillermovaladez@gmail.com,6423804014096
Emiliano,Quezada,abelardo39@gmail.com,1641727974271
Marcela,Ramón,pinedatomas@perea.com,8720081166360
Luisa,Crespo,ysaiz@yahoo.com,6760087718398
Horacio,Arellano,lucasguerrero@proyectos.com,3644402519765
Marco Antonio,Ortega,renato10@sauceda.biz,6967825324990
Abelardo,Leiva,zsevilla@gmail.com,3538609569545
Oswaldo,Montes,stellez@hotmail.com,1699811224292
Luis Manuel,Corral,aida98@industrias.info,0697337266123
Judith,Ceballos,nicolas66@hotmail.com,8043461117841
Eva,Holguín,claudioporras@mata-gurule.net,7510251433438
María Elena,Barrios,elviraduarte@yahoo.com,1838086796120
Lilia,Terán,lealoscar@crespo.net,6989718318275
Lorenzo,Arroyo,armando73@industrias.net,2331407574123
Emiliano,Esparza,rayafelix@gmail.com,4509731287242
Jos,Badillo,clemente26@medrano.com,5536731276135
Carlos,Lerma,alta-gracia11@alvarado-mireles.com,5970439606885
Jonás,Roybal,amaliamelendez@corporacin.com,7299708905926
Arcelia,Casares,jescobar@amador.com,3115813014223
Mitzy,Otero,graciela77@yahoo.com,4194024354191
Javier,Ulibarri,anarosales@barrera-irizarry.org,4413265906365
Alfonso,Nava,estelaaguirre@yahoo.com,3854036685988
Cristobal,Gamboa,miguel-angel54@yahoo.com,0378469831221
Miguel,Vélez,pbermudez@yahoo.com,1496859445527
Esmeralda,Castellanos,xcuellar@hotmail.com,1280950390192
Lorenzo,Abrego,opolanco@hotmail.com,6687949282638
Jos,Garrido,granadosalta-gracia@corporacin.com,7934277251578
Mateo,Zapata,israelgalvan@bustamante.com,3670479202231
Nancy,Apodaca,luisaaltamirano@nieves.com,2701718034050
Cynthia,Puente,felipevaldes@cadena-espino.org,4251386917110
Mónica,Rascón,acunaalma@de.org,3170793803124
Itzel,Lovato,abelardo55@yahoo.com,9571978063933
Hugo,Toro,contrerasjeronimo@yahoo.com,3116462127255
Francisca,Téllez,alejandrojonas@fernandez-jaramillo.com,3853586243866
Alicia,Villanueva,ortegamauricio@porras.com,5110285497329
Jesús,Padrón,ucalvillo@hotmail.com,6559980740107
Mayte,Sanches,rolando51@gmail.com,9268221651794
Norma,Alba,angelica25@hotmail.com,6817556068913
María Teresa,Vanegas,amadoryolanda@osorio.com,0087851396448
Lourdes,Riojas,ramosariadna@del.org,2613708903723
Francisca,Malave,pulidoclemente@monroy.info,2925231786092
Yeni,Centeno,ordonezcelia@castro.net,4909360202893
Laura,Velasco,indira84@barrios-arguello.com,0286566648129
Julia,Rivera,apariciojavier@corporacin.com,7089181629176
Cynthia,Yáñez,pilarmontero@hotmail.com,0341060853721
Amanda,Alcántar,ltejada@gmail.com,7855016145592
Ariadna,Villaseñor,zamudioanel@yahoo.com,1823287825775
Alejandra,Pizarro,ucotto@gmail.com,6649988158989
Óscar,Villalobos,ivargas@club.net,2222561815490
Lucía,Ramón,cristian65@yahoo.com,0899837718851
Rufino,Reyna,nguillen@tejeda-puente.org,1599719020297
Ana,Fierro,alejandrosanabria@yahoo.com,5875960072568
Rolando,Zavala,geronimo14@yahoo.com,6299657315809
Micaela,Benavides,eugenialeal@nino.com,5200058549073
Aida,Rael,barbara91@montemayor.com,3525495126376
Francisco,Anguiano,clementecasillas@prieto-fernandez.com,6120058552380
Norma,Salas,marisol27@yahoo.com,5879854573183
Nicolás,González,pamela74@guardado.com,4011597978590
José Luis,Paredes,casaselsa@gmail.com,3786479759613
Abraham,Osorio,nbarela@hotmail.com,0507824505126
Camila,Godoy,leonmercedes@beltran.com,1913967819397
Carlos,Lomeli,vgriego@yahoo.com,3836150047941
Marisol,Palomo,orico@hotmail.com,7626889325737
Paulina,Almaraz,magdalenapalacios@yahoo.com,6591936650809
Rosa,Roybal,eduardovallejo@corporacin.info,0398827262581
Mauricio,Ballesteros,villalpandofidel@hotmail.com,0190419485904
Fidel,Mendoza,odelgado@proyectos.com,0227568292828
Socorro,Bravo,peresana@giron.com,2259065563117
Horacio,Rosales,pilar28@cavazos.org,2098679968198
Noelia,Echeverría,naranjoguillermo@gmail.com,6082127232245
Virginia,Reynoso,zeferinogaribay@yahoo.com,2599991042689
Marcela,Arreola,abelardolozada@laboratorios.biz,0791705128503
Rufino,Soria,rafaelcarrillo@hotmail.com,9721641319215
Celia,Aranda,bpaz@club.com,4168095532628
Adriana,Caldera,mcedillo@gmail.com,2133575354355
Guillermina,Escobedo,rafaelolivares@malave.com,3526965534477
Yeni,Merino,amalia50@gutierrez-contreras.net,4597334101548
Julio César,Rocha,vvazquez@gmail.com,2933768122575
Alicia,Galarza,noriegaclara@barraza-pineda.org,4590777237059
Rosario,Bétancourt,linda77@proyectos.com,9782062844965
Ricardo,Gutiérrez,adriana32@industrias.info,3780426632815
Silvia,Bustos,villegasjulio-cesar@gmail.com,5433632446835
Irene,Ferrer,enriqueguzman@hotmail.com,9441702836970
Rodolfo,Aranda,dzuniga@yahoo.com,6726212995912
Eduardo,Amaya,ivanrendon@yahoo.com,2857866161970
Isaac,Vélez,olivarescaridad@corporacin.com,5363631993705
Cristina,Cervantes,indiracamarillo@salas.biz,5265586754337
Rosa,Alcala,aontiveros@puga.com,0669685227272
Juana,Monroy,gastelumsessa@laboratorios.com,2641616579371
Nancy,Sanabria,ivanmonroy@barreto.info,4269949392773
Alfonso,Ceballos,bgalindo@yahoo.com,2122573326882
Octavio,de la O,aldo87@yahoo.com,1390529224224
Rocío,Hurtado,anel68@grupo.com,2461610617980
Ramón,Amaya,rosalia30@giron.com,7646159383116
Arturo,Arias,jos56@botello-estrada.org,1864609051004
Jacinto,Arellano,salasbeatriz@escobar.com,2157478679358
Sandra,Palomino,gregorio14@gmail.com,1226547419711
Antonia,Prado,cristobalarroyo@gmail.com,1153178079014
Catalina,Rosado,jorgeacuna@yahoo.com,9086737827075
Teodoro,Valladares,nicolas20@proyectos.com,9751573444633
Hermelinda,Patiño,icandelaria@armenta.org,4230568174759
María Teresa,Madera,maria-cristinavega@nava-duran.com,1853455047429
Patricio,Velásquez,maria-cristina72@yahoo.com,0116416617424
María Eugenia,Villa,kcolon@hotmail.com,6777748184168
Esteban,Nájera,adalberto75@yahoo.com,0696701149842
María Teresa,Carvajal,esmeralda07@villanueva.com,6106033161868
Abel,Paredes,naguayo@gmail.com,0992517785323
Esperanza,Alfaro,ochavez@corporacin.com,6638609931267
Ignacio,Carranza,diana80@lucio.org,7247353472750
Cristobal,Ornelas,emilio74@yahoo.com,2246005162099
Julio César,Caballero,francisco-javier10@jurado-ulibarri.net,2999075684308
Martín,Domínguez,bgaitan@morales.com,9462833720361
Socorro,Zavala,jonas81@paez-corral.info,2375515159269
Gilberto,Toledo,xolivares@hotmail.com,1426924648932
Josefina,Sauceda,guzmanarmando@hotmail.com,0352618422590
Alma,Ibarra,wendolinpalomo@hotmail.com,5637774975400
Mercedes,Muñiz,salvador07@espino.com,9112237272164
Blanca,Adame,bzayas@alejandro.com,5644440705804
Jos,Salinas,hugoestrada@hotmail.com,0075782373281
Conchita,Rodarte,fmadrid@hotmail.com,2596422063296
Inés,Alcala,aespinal@yahoo.com,7826877852642
Isabel,Tapia,moquendo@yahoo.com,8550523656222
Aurora,Nájera,lourdesaponte@proyectos.org,1433425785681
Pilar,Lucero,cristiangarrido@hotmail.com,7884927024385
Eloisa,Sevilla,pantojaluis@yahoo.com,2253182169312
Lucas,Soria,anel61@gmail.com,7518151184450
Isabela,Hernández,amalianajera@club.com,5873278657770
Lucas,Villanueva,alta-gracia24@yahoo.com,6919916800322
Lucía,Armenta,jmadrigal@grupo.com,0143389225204
Elisa,Rubio,german56@yahoo.com,2667100585778
Concepción,Rodríguez,zeferino10@despacho.biz,0522186489471
Armando,Caldera,benjamin53@yahoo.com,8258226013564
Leonel,Pérez,armandoalvarez@hotmail.com,5467516172263
Emiliano,Valverde,leonel57@hotmail.com,8420150968820
Lucas,Garibay,beatrizpaez@gmail.com,0573109991641
Carmen,Porras,ngarcia@calvillo-batista.com,0219017460121
Eva,Naranjo,irmagaona@gmail.com,2785853769033
Adriana,Rosado,dalialaboy@yahoo.com,0470937673887
Juan Carlos,Salcido,jose-eduardojaime@archuleta.net,3530339389023
Fidel,Tafoya,saizmauro@yahoo.com,6685363764811
Israel,Matías,regaladojudith@hotmail.com,5667894621066
Débora,Lucero,dulce-mariavillalobos@gmail.com,8728688926569
Salma,Calderón,xposada@yahoo.com,9790435422398
Catalina,Mojica,dulce-mariaosorio@yahoo.com,2277768325876
Nancy,Segura,paolaestrada@despacho.net,0510271042628
Mario,Rael,saenzangel@gmail.com,4527233511026
Carlos,Burgos,uesparza@yahoo.com,6533993979502
Amanda,Armenta,carlota08@henriquez.biz,8864231675644
Cristina,Hernández,hesquivel@alcala.info,8993802415487
Eva,Palomino,sanchesanabel@hotmail.com,4778655256104
Fernando,Maldonado,ggallardo@hotmail.com,0095838697148
Zeferino,Fajardo,luisorosco@despacho.org,9114768654818
Norma,Godoy,vmagana@proyectos.com,6475034207180
Margarita,Guzmán,patricia63@duran-banuelos.info,1298214086736
Ricardo,Griego,almarazesteban@corporacin.com,9666442987229
Wilfrido,Salas,miramontespascual@hotmail.com,0186266548694
Claudia,Jiménez,urielcovarrubias@hotmail.com,7953666087988
Elena,Nevárez,usoto@yahoo.com,1833458971248
Evelio,Badillo,esperanza38@gurule.com,9413537372409
Gabino,Guardado,yvillarreal@cardona.biz,1648596662167
Helena,Muñoz,mariselaperes@club.com,9786563412110
Abraham,Soliz,saenzdiana@gmail.com,7208911276397
Cynthia,Anguiano,fcolon@hotmail.com,6712197406894
María Luisa,Galindo,diego52@cardenas.com,7894613383225
Blanca,Quintanilla,gaitannorma@gmail.com,6743348680279
Ramón,Lerma,guillerminaparra@hotmail.com,3861049944070
Samuel,Casárez,monicacasas@centeno-osorio.com,7572545026814
José María,Santacruz,aguileraalberto@hotmail.com,1329438146199
José Manuél,Padrón,casillaselena@gmail.com,3992581742872
Julia,Yáñez,vvelasco@bueno.com,3206663899497
Aldonza,Cardona,cesar15@despacho.org,9992861066599
Cynthia,Contreras,jeronimopabon@club.net,0769613774430
Hermelinda,Zedillo,camiloguevara@santacruz.org,8280409882635
Bruno,Olivas,tania38@industrias.net,1911487963432
Julia,Peres,pinamateo@hotmail.com,1108677530164
Claudia,Gómez,srenteria@abreu-corrales.info,2536257321289
Alicia,Maestas,ponceesparta@hotmail.com,2060923672254
Leticia,Benítez,elenamercado@baca-saavedra.com,1866091612537
Yolanda,Maestas,ballesterosmarisol@romero.net,4407594038994
Gustavo,Roldán,xberrios@abreu-sauceda.com,0244791895809
María Teresa,Véliz,leonardomoreno@hotmail.com,8391624913965
Alfonso,Domínguez,maria-elenaviera@carrillo.com,0208180758971
Juan,Collado,ceciliasoliz@yahoo.com,9108483766581
Asunción,Morales,octavio00@romo-dominguez.com,4361526577165
Serafín,Cepeda,serafin24@hotmail.com,2254984071444
Santiago,Quiñónez,villalpandojorge-luis@camacho.com,9664602001024
Estela,Delgado,alvaro21@hotmail.com,8106105490086
Minerva,Domínguez,clemente95@yahoo.com,3735675541856
Alma,Guardado,limonana-luisa@laboratorios.biz,4615447584337
Sara,Ordóñez,rosarioblanco@gmail.com,1792474996672
Rosario,Sisneros,olivia76@industrias.com,5936352981873
Amador,Lerma,ramirezgabriel@hotmail.com,1332765969714
Marco Antonio,Negrete,guruledaniela@orosco-robles.com,4524785491527
Gabriel,Mondragón,yolanda18@hotmail.com,5306988585962
Esther,Beltrán,gonzalesbenito@gmail.com,7472029991133
Florencia,Zamora,victor79@orellana.org,8944088827893
José Carlos,Lomeli,ninoalfonso@gmail.com,5263357473632
Fabiola,Vigil,nmedrano@hotmail.com,2413781013737
Carla,Frías,mateo44@yahoo.com,0950813220397
Patricio,Mojica,abelalcantar@industrias.net,5652698354271
Luis Manuel,Quintanilla,arenasbernabe@zavala.biz,1868001569940
Diana,Ontiveros,juan-carlos64@grupo.biz,7645909071100
Gabriel,Muñiz,garciaolivia@hotmail.com,9808932655845
Jorge Luis,Loya,cristianserna@club.com,6633085692624
Lucía,Abreu,eliasbravo@gmail.com,1343325421635
Salma,Espinoza,bonillayolanda@yahoo.com,7787825913344
Arcelia,Preciado,wcordero@gmail.com,1908333277304
Bruno,Zamora,hidalgoamelia@yahoo.com,5580446660550
José Eduardo,Villegas,rosaarreola@hotmail.com,0121979174533
Darío,Estévez,pilar51@ochoa-guillen.net,0317932025287
Graciela,Gálvez,uchacon@hotmail.com,1008303398371
Enrique,Gómez,longoriaalma@gmail.com,9442994848105
Jaime,Nazario,clementepantoja@pacheco.org,6870745401894
Ana Luisa,Griego,gpalomo@gmail.com,2490139778014
María Elena,Villalobos,claudia50@gmail.com,3759680942331
Margarita,Lomeli,spalomino@hotmail.com,9762091361499
Vanesa,Vázquez,blancorafael@hotmail.com,0390177724032
Camilo,Montez,claudia13@gmail.com,2514713459799
Cristina,Archuleta,augustocaballero@urena-duarte.com,6948621123199
Zoé,Barajas,agustinuribe@yahoo.com,9674400403850
Francisco,Sauceda,fybarra@grupo.biz,2696164270599
Bernardo,Baeza,saucedaanabel@herrera.com,5768072835497
Camila,Mata,maria-eugeniafranco@gmail.com,2419695080401
Esteban,Domínguez,hrobledo@hotmail.com,4474706505740
Camilo,Matías,veronicagalvez@club.info,8500868575662
Eric,Solís,quezadapaulina@de.com,6321757854212
Rosalia,Montañez,zmatos@reynoso.com,1611342325952
Carlos,Altamirano,uestrada@negrete-aguirre.com,1287454905279
Ariadna,Batista,jmota@gmail.com,7074225340781
Darío,Yáñez,elenamiramontes@yahoo.com,7195316736258
Jerónimo,Collazo,leonorbeltran@hotmail.com,8375255937926
Rufino,Quintero,inesflores@hotmail.com,9948166963522
Darío,Cano,jbarrera@hotmail.com,2145889442016
Teodoro,Cardona,quinonesamador@lebron-del.com,3293720937025
Patricia,Mares,juan-carlos98@gmail.com,7928271246934
María Teresa,Estévez,nbarajas@gmail.com,3811717302302
Dulce María,Collazo,bermudezraquel@yahoo.com,6853046774131
Oswaldo,Ortega,barraganberta@gmail.com,1028396131675
Gloria,Meléndez,sgonzalez@industrias.com,0204137305247
Alfonso,Mejía,djasso@hotmail.com,6237931002877
Débora,Montero,hidalgopaulina@yahoo.com,7737778646584
Jesús,Aragón,conchita08@hotmail.com,3651001614700
Lorena,Zarate,alberto46@barreto-maestas.com,7938858827321
Ivonne,Godoy,blanca80@yahoo.com,1836477273824
Citlali,Espinal,amelendez@parra-padilla.com,7842301141125
Renato,Bustamante,uestevez@cadena.org,1384772237924
Salvador,Peña,trodriquez@villagomez-otero.com,0509497002238
Felix,Meraz,samuel79@gmail.com,2563537429746
Irma,Reyna,nicolasde-leon@hotmail.com,8329652637287
Mónica,Lomeli,upena@meraz.info,4762086859693
Catalina,Corrales,elizondocatalina@hotmail.com,6389813971200
Norma,Estévez,agrijalva@riojas.com,4261173740418
Ángel,Amador,mojicamarcos@yahoo.com,0501763440717
Barbara,Galindo,angelnavarro@hotmail.com,1599885315215
Fidel,Segovia,garzamaria@proyectos.com,6815208679210
Linda,Lomeli,taniaaguirre@paredes-rodriguez.com,7340223749088
Cristobal,Santillán,kroldan@hotmail.com,5331138188136
Benito,Duarte,clemente82@herrera.com,1060986501081
Daniela,del Valle,andres73@gmail.com,2647938850263
Amanda,Partida,cortezguillermina@trevino-jasso.com,4601921129752
María Elena,Crespo,ybatista@vega-arguello.net,8510374020851
Ramiro,Reyna,darioacuna@despacho.org,0024847936906
Nelly,Cisneros,abraham95@hotmail.com,0064721251215
Armando,López,narvaezcynthia@gil.org,1719225496875
Tomás,Botello,andreamadera@hotmail.com,9210746383872
Abigail,Maya,mgrijalva@hotmail.com,5167970591384
Araceli,Mercado,luisafuentes@hotmail.com,6458370077320
Hilda,Toro,antonia32@club.com,0950802803986
Concepción,Mateo,abelardo56@colon-salas.com,0921091622982
Jaqueline,Estrada,aracelialmonte@moya.com,6034364208481
Gerardo,Mena,elviaberrios@arteaga.com,4851256357115
Aldonza,Pantoja,olivareztrinidad@roldan-banuelos.com,1952416148260
Omar,Ortiz,leivadiana@acuna.com,3375006536779
Soledad,Padrón,bernardo61@arce.com,2615271645709
Patricio,Méndez,estefaniagrijalva@hotmail.com,5816280495068
Indira,Castellanos,estefaniamorales@ramon.biz,9714826539355
Hugo,Ojeda,alfredo31@hotmail.com,4180811730691
Asunción,Barrios,jalcala@venegas.com,7638728725007
Lilia,Archuleta,serratoamalia@almanza.biz,8726153546636
Víctor,Trejo,auroracarrion@granado.biz,5371301538259
Dolores,Gaytán,evelio30@gamez.biz,0058126566112
Ernesto,Trejo,guillermobustos@noriega-corral.info,4897284888764
Dalia,Palomino,andrea38@yahoo.com,4955431375980
Octavio,Madera,nietoarmando@corporacin.com,8039818094149
Bianca,Martínez,rayarosalia@gmail.com,3877760301027
Yuridia,Saavedra,montemayoritzel@gmail.com,4666756517324
Nayeli,Jaime,munizrodrigo@grupo.org,9703658645228
Gilberto,Campos,beatriz31@nieves.com,9460941856022
Luz,Olivas,beatrizchavarria@miranda-suarez.com,3942004119822
Ramiro,Guerrero,ocepeda@yahoo.com,5543952978984
Humberto,Canales,casanovaliliana@yahoo.com,9553744248208
Nadia,Cardenas,rcamacho@yahoo.com,8939203302277
Aurelio,Armas,alfredojaimes@duenas.com,9895294689833
Susana,Barela,fidel43@grupo.org,9153261553021
Gerónimo,Durán,uledesma@almonte.org,8454993629183
Jacobo,Ibarra,lugojacinto@soliz.org,6787716642275
Elvira,Cortés,vmelendez@gmail.com,0101387864744
Teresa,Saiz,nicolasgaray@leon-valverde.net,6115519705347
Alfredo,Muñoz,laura07@gmail.com,9028048410052
Pilar,Tovar,terrazastrinidad@preciado.org,6034872813738
Juana,Varela,marianoparra@laboratorios.com,8544455077837
Horacio,Treviño,castroasuncion@hotmail.com,2868207110649
Fidel,Rincón,qibarra@gmail.com,2223466103830
Octavio,Bueno,palomoesparta@proyectos.com,3494498335344
Zacarías,Palacios,msalgado@hotmail.com,9824236258697
Juan,Franco,luis-manuel94@grupo.com,0126720246346
Helena,Raya,trevinoanabel@gmail.com,1627065112460
José Eduardo,Tello,jguzman@aleman.com,2750188037543
Yolanda,Bernal,oespino@corporacin.net,9964175527172
Eva,Maldonado,cjimenez@industrias.net,0811829624834
Mariano,Rojas,oteran@yahoo.com,6055500583787
Luz,Jaramillo,ramon82@munguia.com,7438253358111
Anel,Pulido,karinaguajardo@gmail.com,1583580074057
Karina,Soto,omerino@gmail.com,1522932433061
Jorge Luis,Urrutia,longoriahugo@yahoo.com,0683634925026
Camila,Menéndez,epulido@portillo-cadena.com,9633135941755
Emilia,Heredia,dmalave@proyectos.info,6584808003683
Raúl,Ortiz,ycervantez@cotto.org,3166124017032
Alvaro,Olivo,vargasmauricio@gmail.com,5576675315061
Catalina,Zarate,oavalos@hotmail.com,1010159915174
Clara,Arroyo,emiliodelgadillo@hotmail.com,7255310926079
Flavio,Alejandro,oswaldo11@hotmail.com,9720702051265
Alfredo,Prado,graciela28@hotmail.com,5550531700137
Soledad,Meraz,alvarorivero@grupo.org,4900885585513
Jacinto,Barrera,navarrofrancisco@lozada-peres.org,8022955692205
Cristina,Lemus,gerardo15@matias-navarrete.com,9332792866012
María José,Fernández,nataliaviera@yahoo.com,2522422717628
Juan Carlos,Díaz,beltranernesto@romero-badillo.biz,2202363034689
Claudio,Polanco,hvaldes@caballero.info,3089697757695
Porfirio,Moreno,maria-eugeniavillanueva@gmail.com,8973817735691
Yeni,Arredondo,ncarranza@yahoo.com,9309052444119
Alicia,Guajardo,claudiocastro@industrias.biz,7527920592992
Alfredo,Mora,claudioalonso@yahoo.com,4698795475222
Barbara,Muñiz,armendarizricardo@gmail.com,2748271815685
Omar,Cardona,jescobar@hotmail.com,5692971378603
Patricio,Nájera,ezavala@gmail.com,4794495781883
Ricardo,Bañuelos,eva35@yahoo.com,4843263027671
Mariano,Murillo,aurora58@yahoo.com,1335108009493
Inés,Sandoval,pbotello@gmail.com,5142928088826
José Emilio,Mejía,adalbertozayas@guillen.com,4616682821786
Jesús,Vásquez,laura56@yahoo.com,4391359904404
Lucas,Loya,hlozano@club.com,5926852452985
Abraham,Casanova,davilacelia@gmail.com,7031559781978
Omar,Carbajal,spena@proyectos.com,7165440728835
Luisa,Alcala,cristian13@hotmail.com,7209836777828
Marco Antonio,Verdugo,andresruelas@yahoo.com,9523600385181
Mayte,Centeno,bernardo55@hotmail.com,1232745011564
Paola,Ulloa,adalbertocadena@yahoo.com,8061143316852
Sofía,Escamilla,lauragallegos@quezada.com,9621665725761
Luis Miguel,Méndez,mirandaalma@pedroza.com,2319770882516
Nadia,Rodarte,maria-cristinamayorga@yahoo.com,1269619932617
Modesto,Corral,horaciorivero@gmail.com,8993323197028
Clemente,Ocampo,aurora66@yahoo.com,5247757742080
Enrique,Peres,ununez@hotmail.com,1094034648383
Samuel,Almaraz,evenegas@laboratorios.com,8558219042404
Barbara,Dávila,mendozaemilia@yahoo.com,9039243235090
Bruno,Jaimes,balderasjacinto@hotmail.com,6038509838611
Guillermo,Bañuelos,amayamario@gmail.com,4884565738218
Dulce,Gonzales,wacosta@sepulveda-espino.com,1968790917171
Abel,Rodarte,rponce@hotmail.com,1824350914868
Silvano,Madrid,renatogamboa@hotmail.com,2722612913340
Federico,Valdivia,saucedaraquel@roldan.com,0147940987580
Raquel,Saiz,spedroza@yahoo.com,2539869084138
Dolores,Longoria,david76@quintana.com,1901967845672
Vicente,Hernandes,kflorez@yahoo.com,4180862327454
Rosa,Cortez,dariocordova@yahoo.com,2757932268171
Juana,Apodaca,nfuentes@batista.biz,3754349837317
Virginia,Ballesteros,zsegovia@hotmail.com,3437869482792
Andrés,Martínez,aldo88@gmail.com,8771497990058
Ana Luisa,Alcala,susanaparedes@hotmail.com,4017054744271
Vicente,Llamas,eva05@aponte-aparicio.org,4808873791621
Leonor,Carrión,hcordero@despacho.net,4821436596393
Julio,Ponce,soledadyanez@yahoo.com,9541654537035
Eric,Villareal,solanoalberto@despacho.com,5249447169751
Roberto,Noriega,georginamota@yahoo.com,2115051318059
Gabino,Cantú,germanmeraz@gmail.com,1825978459500
José Eduardo,Partida,raquelcortez@yahoo.com,2376404463404
Josefina,Limón,irmasaenz@gmail.com,4358622970030
Luisa,Romero,araya@valverde-anaya.com,6143743043441
Mauricio,Bermúdez,magdalena74@yahoo.com,2051804888622
Marco Antonio,Palacios,elena71@herrera.com,2070571005146
Judith,Cortés,folivares@yahoo.com,4455294480826
Catalina,Brito,elvia93@yahoo.com,5918727844835
Sonia,Segovia,ypabon@hotmail.com,3979947866371
Celia,Verdugo,concepciongalindo@meza.com,9248708008876
Jonás,Ocasio,nancycasanova@segura.com,2696658160313
Aldo,Cornejo,miguel-angel99@hotmail.com,9392157954676
Espartaco,Rincón,pazsandra@delgadillo-verduzco.com,7883988261526
Carolina,Cruz,rosalialuevano@gmail.com,0134183759707
Óliver,Quesada,minervacarrera@gmail.com,7697345570021
Diego,Balderas,arcelia52@yahoo.com,0929024123620
Lilia,Adame,marcos79@hotmail.com,7443243184482
Esmeralda,Badillo,gabriel56@jurado-gaytan.info,2616821358445
Augusto,Ojeda,emilio12@gmail.com,5683427384683
Óscar,Madera,xdiaz@gmail.com,7104406425673
Graciela,Villalobos,ugallegos@jurado.com,6365823358294
Alta  Gracia,Grijalva,naranjoana-maria@club.com,0430616941234
José Eduardo,Maya,luzyanez@hotmail.com,3637681214496
Alonso,Orosco,drivera@quiroz-tejada.com,3304329535812
Nancy,Ocasio,samaniegosara@yahoo.com,2641850944724
Elsa,Báez,carlosaguayo@yahoo.com,8511552910501
Laura,Maya,covarrubiasnelly@hotmail.com,2254250831844
Federico,Dueñas,sandra62@club.org,1101508524672
Minerva,Benavides,maderaalejandra@colunga-esparza.com,5571763831418
Magdalena,Ballesteros,mgonzales@de.com,0125319426631
Augusto,Segura,maria-luisacruz@proyectos.com,4703641970600
Pilar,Hurtado,lalva@alvarez-cotto.org,0872096802450
Lourdes,Casas,rinconmariana@nunez-camacho.com,9309467240976
David,Ybarra,garzagregorio@yahoo.com,3820372715530
Luis Miguel,Villareal,rosasesther@despacho.org,1182606714825
Leonel,Montemayor,estradareynaldo@yahoo.com,1989844673467
Óscar,Zavala,flavioquiroz@montes.biz,0227246500325
Fabiola,Murillo,fgaytan@yahoo.com,7666212453320
Patricio,Figueroa,barbarajuarez@laboratorios.com,5236363735425
Vanesa,Beltrán,uhernandez@hotmail.com,0035464366161
José Carlos,Peres,arosario@gmail.com,5423449540950
Fernando,Santiago,juanade-la-rosa@club.com,1804369787998
Mónica,Romero,armando77@yahoo.com,4456287051384
Guillermina,Cervantes,catalinaalarcon@malave-bermudez.org,5987503389304
Santiago,Gracia,lpina@hotmail.com,2584095875850
Verónica,Rascón,raqueltrujillo@yahoo.com,6180460856763
Cornelio,Granado,mateopulido@hotmail.com,5835425634006
Esther,Huerta,scordero@hotmail.com,9527516434037
Gerónimo,Morales,eloyfuentes@gmail.com,5029611525323
Carolina,Sanches,rarmendariz@segovia.com,8906710857719
Reina,Rodarte,gsuarez@corporacin.com,8576117837566
Adriana,Archuleta,fescobedo@nevarez.biz,2671887152659
Emiliano,Carrero,zpineda@gmail.com,1235255827356
Porfirio,González,emilia83@gmail.com,9016577877715
Concepción,Villaseñor,marthacollado@gmail.com,2017610928101
Emilia,Luna,chapaenrique@industrias.com,7325851804404
Timoteo,Negrete,santiagobenavidez@hotmail.com,2925142306126
Noemí,Tórrez,patricioelizondo@yahoo.com,0278700231520
Nadia,Granados,fridaduran@melgar-herrera.com,1930305841143
Anel,Sotelo,silviacortes@hotmail.com,6733608912383
Anel,Velázquez,posadamayte@yahoo.com,9053441975465
Daniel,Espinosa,olverabenito@granado-mondragon.com,1589279117750
Eloisa,Alva,yponce@hotmail.com,0938501929098
Emiliano,Alejandro,rocioolivarez@ortiz.com,2500226492717
Concepción,Cabrera,miriamgrijalva@gmail.com,2277352525417
Araceli,Ulibarri,msolorio@hotmail.com,6862808031555
Gustavo,Sánchez,catalina48@mendoza-rodriguez.net,8391559456138
José María,Jaime,guillermomontemayor@yahoo.com,8802989963173
Andrés,Sánchez,taleman@gmail.com,7495073250077
Ramón,Guerrero,daniel99@cuellar.com,4590821769373
Lucía,Montez,jeronimo78@laboratorios.org,6719826189862
Andrés,Benítez,eric44@zapata-naranjo.info,5942250325236
Silvano,Rentería,luis-miguelvalentin@despacho.com,7988102181087
Hermelinda,Figueroa,catalinaalmaraz@gmail.com,5233532240831
Pascual,Manzanares,conchita55@hotmail.com,2514959058245
Amalia,Urías,rosalessalvador@grupo.biz,1030417374908
Paola,Bravo,xbarrera@hotmail.com,0673767065962
Camilo,Candelaria,urielnajera@gmail.com,6228346731451
Celia,Casas,anel37@collazo.com,0013872436995
Margarita,Padrón,cornejoanabel@proyectos.com,7844229607568
Óscar,Rico,zoemarquez@grupo.net,9474747260165
Clemente,Iglesias,colmos@yahoo.com,1280006345508
Arturo,Colón,mateocristian@gmail.com,9236703995893
Cornelio,Chacón,zferrer@yahoo.com,8704868131792
Elvira,Botello,alonso39@palomino-ybarra.com,4311732256711
Esperanza,Mercado,oscarlemus@yahoo.com,0421413379086
Fabiola,Gamez,mgalindo@luevano-valles.com,0157264531968
Rodrigo,Alba,ortanadia@padron-sarabia.com,5641982529944
Emiliano,Camarillo,leonelheredia@gmail.com,1861250610678
Pedro,Tórrez,eduardo52@gmail.com,5790842508522
Luz,Amador,bcardenas@hotmail.com,5601614408267
Yolanda,Collado,raponte@hotmail.com,3174328603659
Nancy,Villa,bernardosoliz@serna.org,3026790146183
Santiago,Palacios,gonzaloserrato@yahoo.com,9080818038432
Raquel,Vázquez,creynoso@gmail.com,4798876445150
Natividad,Aponte,renatovalentin@hotmail.com,1174324309835
Alicia,Casares,jnegrete@salas-mojica.net,8057248499111
Susana,Chavarría,augusto14@despacho.com,8678207803054
Arturo,Toro,gregoriovenegas@laboratorios.info,0321311368389
Marisol,Esparza,minerva91@industrias.com,2840034944338
Conchita,Macías,julio-cesar01@gmail.com,3760500515431
Jorge,Godoy,mercedesfierro@grupo.com,0856393552232
María,Guerrero,maria-elenacaban@hotmail.com,0427953669546
Mitzy,Bravo,estevezjulio-cesar@corporacin.com,8044412919481
Eugenia,Balderas,naranjomarisela@hotmail.com,1220379150258
Claudia,Soria,emilio27@corporacin.com,6423570098674
Rodrigo,Rodarte,camiloespinal@arguello-ulibarri.com,1406156204105
Arcelia,Villalpando,nayelihernandes@olivares.org,5340037195092
Leonardo,Saiz,wgranado@gmail.com,4627093625034
José Emilio,Rivera,oliver71@florez.com,8575742309813
Juan,Aguirre,lomelifrancisco-javier@gmail.com,2622717310333
Zacarías,Avilés,ppelayo@yahoo.com,9857323529508
Ángela,Gutiérrez,normaramirez@proyectos.org,2158382465036
Bernardo,Zapata,claraporras@laboratorios.info,8658184461453
Adela,Córdova,ccarrera@despacho.org,5660141542508
Hugo,Mireles,esperanza02@yahoo.com,4594562972077
Gabriela,Trujillo,silvano62@hotmail.com,7446036277658
Anabel,Mora,gregorio69@marroquin.com,3575560712612
Eugenia,Cabrera,olgareyna@calvillo-valladares.org,9849009627356
Cecilia,Pelayo,mateoalejandro@regalado-galvan.biz,7075475561450
Judith,Cano,alta-gracia93@riojas.com,1902809560145
Celia,Quiroz,ruby40@hotmail.com,5051832666913
Modesto,Alba,elias95@gmail.com,6855120989385
Francisca,Castillo,lcuriel@hotmail.com,5668503206107
Mariana,Solorzano,bernabe54@gmail.com,9826292727167
Wendolin,Rivas,hsalas@corporacin.com,5385494904229
Omar,Jaimes,eloisarolon@hotmail.com,8929824301723
Ángel,Lara,franciscoespinosa@grupo.org,5983067088773
Nicolás,Acevedo,irmacasares@yahoo.com,3650368763805
Aurelio,Laboy,scotto@hotmail.com,2374581031609
Jacinto,Pizarro,maria-del-carmensarabia@yahoo.com,7330773415887
Óscar,Berríos,zeferinoleyva@crespo.net,9414089490968
Gerardo,Cordero,dholguin@gmail.com,3235791134309
Marcos,Durán,emilia21@garza.com,3012099940535
Bernardo,Portillo,sergiocandelaria@hotmail.com,1472420866312
Alberto,Jasso,carrascominerva@arroyo-benitez.biz,9029572935639
Zacarías,Paz,ajaquez@ortega-saenz.org,0597982828135
Jaqueline,Noriega,eloyvaldez@yahoo.com,7594641967623
Concepción,Alba,maria-eugeniamora@rendon.info,7064048406912
Pedro,Alcántar,josefina35@hotmail.com,5206247028515
María Elena,Arroyo,wbarreto@gmail.com,7763039408329
Adela,Serna,wgaitan@hotmail.com,0941859548994
Luis Manuel,Alonzo,clemente79@grupo.com,5367093731251
Lorena,Portillo,vaguilera@saucedo.com,0815693817640
Verónica,Guzmán,ebriones@corporacin.com,9958169053893
Helena,Olvera,mercedessevilla@laboratorios.com,3323353997093
Zeferino,Fajardo,conchitaespinal@segura.net,3483086524715
Elisa,Negrón,corderoricardo@gmail.com,0385455921768
María Eugenia,Cordero,sborrego@gmail.com,8522902595967
Isabel,Aguayo,anayafrancisco-javier@club.com,3517727140143
Rolando,Linares,teresa75@despacho.info,3574201921198
René,Centeno,marisol88@yahoo.com,2456599932991
Alejandra,Estévez,lermamaximiliano@limon-ornelas.com,9182584292436
Marisol,Ballesteros,aldo86@yahoo.com,0134473524587
Patricia,Chávez,itzelbahena@gmail.com,8044082552891
Emiliano,Rico,vigilzeferino@hotmail.com,0531573473943
Elisa,Bustamante,cristian82@hotmail.com,4169000937126
Fernando,Calderón,corneliorodriguez@ramos-casares.com,4967409147687
Salvador,Lozano,manzanaresmarcos@robles.com,2749145423832
Emilio,Cantú,yluna@yahoo.com,0332070434228
Cristobal,Meraz,hvalverde@lucero.net,6038260088186
Rodrigo,Regalado,marcossolorzano@hotmail.com,0664448021131
Aida,Guevara,gustavo49@gmail.com,1841056260038
Salma,de la O,ecervantes@hotmail.com,0152467914013
Bruno,Montes,carmen34@salas.biz,9438044608751
Berta,Orta,rquintanilla@grupo.com,2728828770544
Evelio,Collado,jose-luisolmos@resendez.com,5613982531378
Rocío,Briones,camilolerma@nava.com,7866467049295
Bruno,Romero,estradaisabel@gmail.com,1959030198040
Óscar,Tello,esperanzasaucedo@gmail.com,3887468749777
Ivonne,Cedillo,diego26@yahoo.com,5758764334068
María Elena,Mireles,isaacfranco@gmail.com,9475507842584
Clara,Puente,olivercamarillo@solis.com,4499270924629
Cristina,Cordero,hugorivas@corporacin.net,0823651789699
Esmeralda,Ruiz,jose-emiliootero@gmail.com,5078977500430
Esparta,Alonzo,sernaisaac@gmail.com,1834263408066
Marisol,Otero,santiago36@montanez-alarcon.biz,8524141512311
Daniela,Palomo,zmanzanares@gmail.com,8593561636749
Teresa,Pacheco,dtrejo@amaya.com,3119651750355
Susana,Zamora,alarconnayeli@avila.org,8162030384976
Espartaco,Ceballos,perla99@cedillo.com,8806099480126
Ivonne,Velasco,carmenaguayo@yahoo.com,1966239086895
Mariano,Carrera,nramon@gmail.com,9325391372148
Camila,Nieto,egarica@yahoo.com,8987320101515
Raúl,Cruz,jose-eduardovaldez@hotmail.com,5162778903774
Isaac,Garrido,eduardo51@hotmail.com,0616408587313
Catalina,Benavides,qmenendez@hotmail.com,6866004066436
Yuridia,Samaniego,barrazadario@montez.com,8485326706028
Cecilia,Ríos,federicopolanco@delgadillo-montero.com,7368015188470
Silvano,Sosa,federicovillarreal@despacho.net,0913221025171
Débora,Escobedo,nunezlucia@yahoo.com,8951397099196
Ernesto,Zaragoza,carredondo@grupo.com,5866473472926
Abel,Orosco,maria-del-carmenarchuleta@rocha-mercado.org,0784708381014
Andrea,Preciado,raul57@yahoo.com,5988916918371
Magdalena,Feliciano,irene85@huerta-bonilla.com,1762851602715
José Luis,Galindo,lucas61@laureano.com,8927732972340
Genaro,Centeno,abraham61@ferrer-trujillo.org,9414103544539
Silvano,Sepúlveda,luis-manuelmedrano@corona.com,7255627986031
Sessa,Romo,drico@gmail.com,3860611515514
Genaro,Ocasio,hvillegas@mejia.net,8270882578853
Úrsula,Urrutia,guillenmonica@hotmail.com,0904005760715
Rosa,Lozada,porrasyeni@gaitan.com,9964319439122
Mercedes,Escobedo,xcarrero@grupo.org,0946874276778
Modesto,Gil,jaimecardenas@despacho.com,3319355833626
Zoé,Rivera,ramirocorrea@hotmail.com,1347402942815
Beatriz,Madrid,lucioasuncion@despacho.biz,5420285982808
Elvira,Badillo,iolivarez@yahoo.com,3351857029370
Alonso,Méndez,riveroreina@de.info,7023025857458
Berta,Castillo,rbarrera@yahoo.com,0372033165953
Abelardo,Caldera,graciaivonne@yahoo.com,9981880464774
Antonia,Valencia,uribejonas@hotmail.com,0022283817368
Beatriz,Madera,velezgonzalo@becerra.com,5842221855269
Ricardo,Aparicio,olivasroberto@gmail.com,4875693667784
Julia,Alejandro,mariode-anda@lara.net,4349874130006
Daniela,Aparicio,paolajiminez@hotmail.com,7261706214127
Jorge Luis,Botello,fsanches@yahoo.com,7467462353897
Ángela,Carrillo,zamudioanabel@hotmail.com,6423948442338
Noelia,Rael,ulloamaria-eugenia@ocampo-guardado.com,4897387692395
Concepción,Tirado,itzel49@laboratorios.net,6282468516575
Abigail,Botello,farriaga@hotmail.com,1820100430507
Silvia,Varela,julio06@garica.com,4964774390394
Adriana,Vigil,ruben99@saucedo.info,5145079997952
Pamela,Castellanos,aguirreberta@baca.info,8707600615830
Hermelinda,Osorio,sandrahidalgo@industrias.biz,0804944506786
Marisol,Terrazas,esperanzajaramillo@club.com,6655716124528
Sofía,Cepeda,baezaelias@yahoo.com,9341007109391
Judith,Pantoja,usanchez@gmail.com,7891882134352
Tania,Pichardo,gmenendez@gmail.com,5627626361825
Alonso,Almanza,regaladomarisela@yahoo.com,8372745458942
Amanda,Concepción,timoteo23@melgar.com,5914523452383
Reynaldo,Magaña,rocioquinonez@hotmail.com,2598039927510
José Eduardo,Varela,ezuniga@hernadez.info,7086418675341
Alonso,Jaramillo,liliaborrego@camarillo.com,1222752230926
Alma,Mascareñas,ana-luisa27@grupo.biz,3170003445338
Nicolás,Baeza,tquinones@renteria.com,8101736012495
Martín,Brito,jesus29@bustamante.com,4745130182496
Anel,del Río,modestodiaz@industrias.com,5365001744151
Rocío,Guevara,renatocanales@yahoo.com,1608975602045
César,Villareal,gonzalosegura@club.com,6371658369069
Armando,Véliz,amalia93@gmail.com,4552861977737
Eugenia,Medina,abrahammontero@nava.biz,4689517700633
Óliver,Maldonado,catalina69@hotmail.com,7524861201804
Amanda,Cantú,fvelasquez@laboratorios.biz,7494098703646
Úrsula,Yáñez,esquibelalvaro@jaquez.com,5778338276017
Paulina,Arguello,abreuarturo@heredia.com,7509091334516
René,Salcido,caballerotania@quinonez.biz,7867341823094
Julio,Mercado,avilayuridia@davila-bueno.org,3474478954606
Yeni,Flórez,victorjasso@gmail.com,3013708553909
Jacinto,Muñiz,ygarrido@zamudio.com,4065005416835
Hilda,Baca,ulloasilvia@gmail.com,5349231528722
Irene,Lomeli,cristinacaldera@rubio-torres.org,3957849499110
Karla,Domínguez,pedrozacornelio@hotmail.com,1846499491336
Ramiro,Castellanos,nadia51@gmail.com,5740815869988
Susana,Macías,mezahermelinda@yahoo.com,5331663420542
Gloria,Centeno,berta93@gmail.com,0846408589143
Irma,Mendoza,veraasuncion@gmail.com,9866769840164
Anel,Barrera,npolanco@hotmail.com,9664017121503
Anabel,Caraballo,quintanajose@grupo.com,0668191362362
Dalia,Hernandes,munozdavid@hotmail.com,8595205022363
Raúl,Camarillo,hbravo@industrias.com,8068126411586
María Teresa,Bonilla,aureliosalazar@alonso.info,0231771937577
María Elena,Guevara,ornelaseloy@guillen.com,6741732677693
Camila,Mojica,rafael68@gmail.com,4325440279628
Esmeralda,Anaya,maria00@industrias.com,5970661461599
Ivonne,Maestas,kchacon@maestas.com,1323317240001
Salma,Garibay,bmondragon@gmail.com,3104132350361
Roberto,Mena,djurado@industrias.com,1976707388285
Ángel,de la Torre,mercadoana-luisa@gmail.com,3992365888541
Fernando,Rosales,vcavazos@laboratorios.com,9946599687989
Samuel,Tejeda,jaime72@hotmail.com,4254374903102
Micaela,Valencia,miguel-angelgaray@hotmail.com,5549669575769
Sergio,Toledo,concepcion97@jaramillo.info,2992712693727
María Luisa,Valles,natividad17@zamudio.com,6905731561601
Esteban,Velázquez,franciscoalva@solorzano-polanco.com,3709867232484
Alberto,Ulibarri,abelserrato@nunez.com,9299042375040
Elsa,Ochoa,valenciamaximiliano@gmail.com,8804794088903
Claudia,Delgado,silviamacias@industrias.com,6541415548449
Zacarías,Apodaca,liliamontoya@club.com,3790332776775
Isaac,Lozano,ilse33@hotmail.com,9637314939261
Frida,Longoria,shurtado@hotmail.com,5759699591031
Citlali,Holguín,israelescalante@solorio.com,0925117261357
María Luisa,Meza,sandra10@yahoo.com,6367950337490
Felipe,Reyna,vrivas@prado.com,5599243927939
Bianca,Barraza,wvarela@laboratorios.com,8112302667936
Alejandro,Madrigal,ursulapichardo@gmail.com,4341752459417
Hernán,Ceballos,bernardo69@hotmail.com,1424495996456
Wilfrido,Jiménez,jacinto98@cedillo-verduzco.org,3261053654401
Abraham,Noriega,bloya@urena.com,6951975762732
Salma,Quiñones,mayte22@hotmail.com,1195290681349
Florencia,Armenta,melgarcarla@gmail.com,7369539067651
Manuel,Mares,vierabeatriz@gmail.com,7089089148036
María Luisa,Salgado,tde-anda@gmail.com,3324538291324
Rubén,Alvarez,ricardo36@gmail.com,5032284731976
Pascual,Yáñez,berriosestela@quintana.com,9009616030523
César,Godínez,asuncion90@yahoo.com,7496005834228
Gilberto,Olivo,abigail38@yahoo.com,3208920156073
Sonia,Fierro,zde-anda@nieto-roldan.com,7586050341917
Norma,Nazario,bacaarcelia@mota.com,6558156337901
Jerónimo,Mendoza,serafin14@yahoo.com,8660578823111
Mauro,Zedillo,tresendez@rodarte.com,3234647788826
José Emilio,Barrios,gaytandavid@grupo.com,4698768852958
Delia,Maya,modesto22@jimenez.com,7819109729640
Gerardo,Caballero,berta35@yahoo.com,0828581565680
Eloisa,Verdugo,qgalindo@hotmail.com,6862561638716
Andrea,Linares,evalles@yahoo.com,0019128927342
Ana,Montaño,umontenegro@gmail.com,9728729992065
Camila,Quesada,rosariorobles@corporacin.net,3828964676839
Darío,Verduzco,jaramillofabiola@hotmail.com,3792393788426
Mateo,Solís,patricia24@amador-miramontes.com,6593114356782
Esteban,Noriega,paulinamelgar@hotmail.com,4531402804572
Karina,Alba,ymontenegro@anguiano.com,7205138518226
René,Valdez,nadiaocampo@cruz-sepulveda.com,9789993005434
Yuridia,Robledo,jose-carlosacuna@club.com,7944521092192
José Eduardo,Meléndez,liliapulido@saldivar-esparza.info,9496875872581
Noelia,Orta,barraganisrael@gmail.com,1089071877575
David,Alonzo,angellinares@salazar.com,1721002817306
Ruby,Ponce,cristobaljaimes@yahoo.com,4700178068571
Luisa,Sarabia,esmeraldavalladares@grupo.com,5277879860462
Nayeli,Menchaca,lourdesperalta@gmail.com,3142510581761
Amalia,García,ugutierrez@hotmail.com,7564325878802
Carmen,Fuentes,portillohumberto@hotmail.com,8279261399395
Ana Luisa,Rosas,alfredogracia@gmail.com,3576139037535
Vanesa,Chacón,alonsojimenez@zedillo.com,6376855516812
Eric,Montoya,jacinto40@hotmail.com,1624744152314
Amalia,Segura,eric66@hotmail.com,4029982969036
Violeta,Jiménez,leonardoriojas@gmail.com,4601465368610
Isabela,Zavala,gzarate@valentin.net,8297124021367
Bianca,Pizarro,gabinogastelum@yahoo.com,1502861659662
Camilo,Bonilla,valdesnancy@corporacin.com,8017714104037
Silvia,Ávalos,romocarlota@yahoo.com,1234669260438
Eloisa,Botello,lmaestas@gmail.com,9617636099739
Luis,Treviño,georginamartinez@proyectos.net,6802287928064
Rodolfo,Zepeda,angelicazedillo@hotmail.com,3447988474631
Humberto,Leal,tvaca@gmail.com,6750571044782
Jorge,Anguiano,liliana89@yahoo.com,3462797576995
Estela,Uribe,alcantaritzel@carranza-arriaga.com,1544335702118
David,Zambrano,antonio79@corporacin.info,0500602738336
Alonso,Badillo,mitzy54@zayas.com,3881849374028
Zeferino,Malave,helena76@hotmail.com,3589891225292
Genaro,Muñiz,nadiazarate@yahoo.com,3178399427885
Cristian,Cotto,victoria96@berrios.biz,2435903939791
Ricardo,Bravo,sergio47@betancourt-barragan.com,9242649582670
Yeni,Cano,dnieto@molina-alfaro.org,8051274909911
Andrea,Guerra,nalmanza@contreras-pena.biz,5304097881695
Aurelio,Madera,vanegasrene@gmail.com,5182800766462
Lilia,Vera,xgranados@alcaraz-urena.org,8185599863261
Esperanza,Tamayo,jdiaz@tafoya.com,7678442920551
Paola,Vera,fduran@gmail.com,4814784895384
María Teresa,Negrón,wvarela@munoz-vallejo.biz,2359558690058
Linda,Espinosa,mauricio82@hotmail.com,1103076785258
Delia,Leiva,hmarin@grupo.com,0449525920143
Octavio,González,tcarranza@yahoo.com,0664721312854
Guadalupe,Quintanilla,ccuellar@yahoo.com,5769322762083
Pascual,Amador,esparta15@lovato-arteaga.com,6898715509426
Juan,Villegas,nunezestela@yahoo.com,5020637866349
Carmen,Carbajal,gonzalo27@hotmail.com,8875522877789
Mitzy,Rivera,cristobalmiranda@gmail.com,3237851327178
César,Arellano,hildavalladares@leal-almaraz.com,8599857653345
Yuridia,Pedraza,judithbustos@martinez-ramon.com,1723820679925
Sandra,Valenzuela,teodoroespinal@hotmail.com,4616165732534
César,Meraz,rosario02@industrias.com,8322458379367
Sandra,Cavazos,gregorio08@baez.com,6420658794754
Hernán,Gómez,martha55@gmail.com,9272244054333
Clara,Espinosa,villarrealangel@muro.net,2533335845117
Teresa,Baca,tomas39@estevez-betancourt.net,8169220976047
Octavio,Samaniego,noelia17@yahoo.com,1686076608912
Juan,Gutiérrez,caridad52@hotmail.com,3561391152731
Rosario,Camarillo,fchacon@dominguez-puga.com,3830815720047
Gerardo,Molina,felipepadilla@hotmail.com,1345059276438
Abel,Melgar,abaez@yahoo.com,9455584574620
Elena,Solorio,suarezitzel@gmail.com,3299052704074
Ramiro,Lara,mercedes36@yahoo.com,9663939469611
Francisco Javier,Soria,flavio51@despacho.com,7382419566965
Ernesto,Echeverría,alejandra92@hotmail.com,2497242536114
Sofía,Prieto,acarranza@aguilar-caban.com,3920597732870
Felix,Jaimes,israelmedrano@industrias.info,7998157111722
Federico,Carrera,andrea34@industrias.org,4629641808888
Benjamín,Calvillo,marisol56@yahoo.com,9152080645671
Beatriz,Solís,abraham41@yahoo.com,7552039104099
Salvador,Rosas,crobledo@cordova.com,5686534932387
Jorge,Alcántar,gabrielamoya@gmail.com,8539970026348
Luz,Leiva,veronica74@hotmail.com,3382803908360
Laura,Garrido,ovillalobos@altamirano.com,2425741185703
Eduardo,Galarza,gcanales@ontiveros.org,2914027196641
Amelia,Grijalva,bianca99@gmail.com,5328368946539
Eloisa,Granado,luis-manuelvilla@nazario.com,1340793848712
Asunción,Pantoja,franciscoalarcon@gmail.com,1845434334162
Abigail,Monroy,qrolon@yahoo.com,6400757341609
Francisco Javier,Gaytán,venegasgraciela@gmail.com,2303959017698
Caridad,Santacruz,pedrazajesus@hotmail.com,2103952568700
Mauro,Brito,emiliosegovia@gmail.com,7058648598390
Carmen,de la Crúz,zhernandes@proyectos.biz,4818872316252
Leonel,Ríos,mauro40@yahoo.com,4238529338226
Alejandra,Palomino,eduardogonzales@laboratorios.com,6960590959560
Federico,Méndez,cguerra@gmail.com,0183267251033
Emiliano,Gastélum,alma86@yahoo.com,3703680757639
Eva,Tello,carolina15@tello.net,6917994055244
Gloria,Rivera,mariano39@elizondo.com,9275335621572
María Eugenia,Garrido,saucedoamador@yahoo.com,8732521127134
Salvador,Cavazos,amalia56@yahoo.com,7604539184052
Enrique,Ramón,rodrigoquinones@industrias.org,3396161567088
Marcos,Briones,garridolourdes@gmail.com,1826269614575
Alta  Gracia,Rivero,gmontero@hotmail.com,7944840593586
Mariano,Roybal,serafinnoriega@hotmail.com,7192905354141
María Eugenia,Palomo,alcantarsantiago@yahoo.com,6006534939899
Teresa,Mireles,maderapamela@gmail.com,6330275975517
Lucas,Lebrón,israel65@hotmail.com,0159873455411
María Luisa,Sarabia,felixzarate@carreon-jimenez.com,4379175767926
Camilo,Puente,abelroldan@gmail.com,9926230953571
Guillermo,Rodrígez,pedrocalvillo@de.com,7708352520576
Antonio,Mena,escobarnatalia@club.com,7983348360968
Samuel,Almanza,dulce-maria50@yahoo.com,8464008387507
Jaqueline,Amaya,luz63@laboratorios.com,3884364122548
Iván,Casas,deliasalazar@gmail.com,2154297949244
Fernando,Aragón,znegron@razo-fonseca.com,9841728639968
Teodoro,Báez,angelmorales@hotmail.com,2434614214900
Miriam,Quezada,jcontreras@irizarry.com,5596993032422
Ariadna,Magaña,opabon@hotmail.com,4387436860060
Modesto,Ruelas,ibarraeloy@corporacin.com,8290048263423
Pascual,Bravo,montalvogenaro@yahoo.com,2239351817453
Humberto,Sanabria,francisco42@yahoo.com,5320744321883
Francisca,Rocha,arguellozoe@hotmail.com,4070031068977
Tania,Delgado,friasaldonza@godinez.com,7075068989393
Samuel,Acosta,hbarrientos@despacho.com,1688053583256
Alberto,Saldivar,urielquintana@club.com,1544214983305
Armando,Reyna,jestevez@corporacin.com,2509335153603
Fabiola,Ramón,xescalante@ramirez-vasquez.com,2317044665293
Wendolin,Bermúdez,miguel06@gmail.com,6266863468505
Linda,Gurule,soledad93@hotmail.com,3513779397009
Blanca,Mota,nayeli93@gmail.com,8127977848763
Horacio,Peres,rebecavalladares@industrias.org,8841072177895
Miriam,Cantú,rufino69@proyectos.com,4165754044059
Joaquín,Hidalgo,diana58@tejada.com,3240214136917
José,Aguilera,duenasruben@gmail.com,1260525852917
Marco Antonio,Quesada,andres16@yahoo.com,8955356349228
Zoé,Arguello,gabinosoria@yahoo.com,4885294065410
Eugenio,Perea,tejadageorgina@yahoo.com,0719450657755
Rafaél,Caraballo,ana69@yahoo.com,8489956026841
Rafaél,Hernández,marcossuarez@perea.net,9501994088174
Tomás,Núñez,maximilianomatias@gmail.com,0112720147275
Blanca,Orozco,ramirovillarreal@hotmail.com,4428891872529
Andrea,Rosado,isoto@gmail.com,3486408005006
Estela,Ulibarri,franciscocuellar@olivas-razo.com,7197437012528
Abel,Ramón,margarita23@cortez.com,2839223427803
Laura,Candelaria,ericbarrios@mateo.com,6204484066562
Anabel,Saldivar,salcidosergio@despacho.com,7738040500299
Arcelia,del Valle,alfredolemus@gollum.biz,7021014402015
Felipe,Vaca,tafoyaadan@lopez.com,6608461934955
Timoteo,Barrera,hectorrodrigez@corporacin.com,4301473005475
Uriel,Maestas,nesparza@hotmail.com,4505228388395
Ricardo,Tejeda,helenalopez@club.com,0401856703203
Carmen,Alejandro,camilamontenegro@yahoo.com,7939805252952
Verónica,Muñoz,esmeraldadelgadillo@club.com,1091440293760
Berta,Prieto,bernaleric@alva-apodaca.com,1330336069058
Jorge Luis,Mora,diego90@yahoo.com,1992886345244
Conchita,Camacho,sandra12@hotmail.com,1901080140285
Arturo,Borrego,tovareloisa@urena.net,9364152858406
Guadalupe,Serrato,gabrielagaona@aguayo.com,5285572417086
Graciela,Tejada,frida77@yahoo.com,4955877806452
Leonor,Rendón,cardonanatalia@laboratorios.com,9259509321558
Tomás,Jurado,arroyoeloy@gmail.com,9492655963860
Abril,Verdugo,alfredo82@despacho.com,2010963871616
Úrsula,Briseño,frobles@hotmail.com,8153905108299
Yolanda,Fierro,acunahelena@despacho.com,1105559127857
Laura,Rendón,santiagocorrales@paredes-montez.com,8755595750288
Sessa,Ramírez,armentamayte@puga.com,2633483959884
Miguel,Montero,ricardo80@gmail.com,9137895854638
Rosario,Loera,nrascon@lucero.com,6558871437895
Perla,Esquibel,nicolas81@valentin.com,8159885246505
Horacio,Tejada,silviaprieto@ayala-de.com,1878428697482
Ignacio,Velásquez,banuelosliliana@gmail.com,8425129426125
Aurelio,Montalvo,gonzalovazquez@proyectos.biz,0871484437901
Pamela,Roldán,lucas11@hotmail.com,8243200328931
Beatriz,Mercado,dariovenegas@yahoo.com,8913663744863
Andrea,Díaz,paolagalarza@rodarte.com,5099493330949
Rufino,de Anda,munguiaisabela@despacho.com,6181426790127
Iván,Mojica,taniabarajas@proyectos.net,2990736268921
Horacio,Serrato,dulce-mariamatias@angulo.com,7776291461353
Natividad,Salcedo,elisa78@hotmail.com,2161218316879
Adriana,Carrera,velascoestefania@corporacin.com,4829652094393
Tania,Roybal,conchitasierra@laboratorios.com,2857681215737
Tania,Muñoz,bcolon@esquibel-granado.com,8334147734640
Mario,Robledo,anelvillareal@hotmail.com,8609255353424
Felix,Santacruz,klopez@gmail.com,5887067228998
Alonso,Meraz,atamez@gmail.com,8511599131661
Eduardo,Martínez,sanabriaramon@gmail.com,7424846469292
Arturo,Roldán,albapilar@yahoo.com,2029093847208
Marisela,del Valle,alvaradomanuel@laureano.biz,3994005389705
Rosalia,Cavazos,jos40@gmail.com,9280893230791
Eugenio,Archuleta,lucia64@valle.com,0140557038183
Benito,Rivero,lcamacho@gmail.com,9411143353775
Víctor,Godínez,patricia60@hotmail.com,4436299665705
Humberto,Narváez,paulina88@hotmail.com,6575456142115
Renato,Mejía,cristal21@abrego-lozano.com,3513329499914
Raúl,Méndez,clemente01@toledo.com,9578109690439
Rufino,Villarreal,violetasaiz@corporacin.net,2748399487254
Salma,Chapa,vallejorodrigo@rincon.com,4630782077998
Margarita,Marrero,josefina80@yahoo.com,8510166511260
Homero,Cortez,silvano82@gmail.com,5710640657338
Florencia,Aguirre,arenasbernabe@industrias.com,4026567853581
Sessa,Arias,florencia91@saucedo-lovato.com,3185587746032
Bernardo,Enríquez,salazargeronimo@despacho.com,3712076616369
Zacarías,Rentería,rodrigo77@yahoo.com,5633160465829
Mariano,Lara,fabiola38@gmail.com,1626199911371
Federico,Chávez,guzmanindira@yahoo.com,5215522098701
Olga,Viera,botelloaurelio@industrias.com,8389360360861
Ramiro,Heredia,salvarado@gmail.com,1042445426870
Catalina,Alonso,cavalos@gmail.com,8362439953968
Julio,Corona,telloliliana@gmail.com,2850086037114
Rufino,del Río,sandovalgabriela@hotmail.com,4309735191186
Eduardo,Nieto,romerogerman@yahoo.com,2277925385483
Luis,Ferrer,rafaelgaona@ramirez-salcedo.info,7975353921895
Esteban,Armas,unegron@gmail.com,4724255677559
Lorenzo,Padilla,rocio91@despacho.biz,9396226434386
Humberto,Varela,vviera@gamboa.com,9898384809397
Ariadna,Vergara,pbermudez@laboratorios.org,4111203237194
José,Montez,minervalaureano@carmona-fuentes.com,5925322334506
Esmeralda,Feliciano,nadia13@yahoo.com,9527657713415
Ramiro,Montalvo,marianaloera@palomino-raya.biz,5897425787019
Amanda,Serrato,guadalupe73@gallegos.com,9946824471884
Úrsula,Venegas,yelizondo@yahoo.com,5749008739877
Miriam,Vásquez,sanabriamario@gmail.com,8532578908082
Karina,Collazo,palomolucia@gmail.com,3651642989474
Aurelio,Borrego,marisoljiminez@corporacin.com,0303028459624
Eloy,Aparicio,ignaciocardenas@industrias.com,3157959906309
Angélica,Arreola,blancoaldonza@gmail.com,4127362320248
Genaro,Rodrígez,qrolon@hotmail.com,1943436791156
Elias,Alejandro,zbaez@porras-benitez.info,9885046392918
Enrique,Duarte,vacamargarita@ramon-zavala.com,4954540844973
Yolanda,Malave,jalcaraz@yahoo.com,9538395895571
Pilar,Ceja,elias24@yahoo.com,6073020181852
Georgina,Alvarado,orellanaamador@yahoo.com,4601195442721
Mariana,Rosales,renato61@hotmail.com,7627874545263
Anel,Perales,surrutia@aleman.info,3385126808488
Pilar,Ybarra,micaela26@hotmail.com,1576649080850
Irene,Verdugo,arturoramirez@gmail.com,0008336282198
René,Carrión,rendonelsa@corporacin.com,8904307694665
Elvira,Chapa,patricia77@gmail.com,0177218857542
Israel,de la Garza,fabiolacasanova@robledo-pedroza.com,3408041651399
Alejandra,Lerma,marisolvalladares@gmail.com,9845253548165
Alvaro,Aragón,sotoignacio@gmail.com,5761077081964
Elsa,Chapa,davilamiguel@castaneda.com,6239930605972
Lorenzo,Lara,rosalia67@laboratorios.org,2476748401058
Susana,Rubio,pichardoteresa@gmail.com,1924477271080
Timoteo,Montaño,ybarraamanda@salgado.info,2118607611860
Alejandra,Baeza,rodrigezflavio@grupo.biz,4868374713413
Omar,Alarcón,vicenteurrutia@hotmail.com,5906071033368
Georgina,Vásquez,rasconarmando@gmail.com,0427391378781
Hilda,Cedillo,pascualanguiano@yahoo.com,7376409484024
Elena,Matías,ucardona@despacho.com,4317825040365
Mario,Guerrero,camilofrias@yahoo.com,9496288760261
Lilia,Arriaga,dulceserna@cedillo-cortes.org,2817795632890
Dulce María,Olivo,galarzalorena@gmail.com,0048822483889
Estela,Báez,chavezantonia@rodarte.biz,9113098820285
Esmeralda,Parra,umonroy@yahoo.com,3935668692849
Dolores,Arellano,orazo@soliz.com,0305765547896
Omar,Toro,silvano82@hotmail.com,6336584566023
Isaac,Hurtado,alvaroroybal@gmail.com,8668300150224
Daniela,Mojica,jpantoja@hotmail.com,7211488634667
Javier,Trujillo,carrascocristal@peralta.com,4412111886648
Bianca,Baca,victorquintanilla@hotmail.com,5547487173209
Sara,Magaña,ponceanel@aragon-padilla.org,8915106983590
Virginia,Olmos,romoserafin@reyes.com,9015070553730
Rebeca,Miramontes,blancaarriaga@flores-ramos.com,5579776478522
Rufino,Arriaga,alejandrasalcido@contreras-meza.com,0982952834046
Dolores,García,angulogeorgina@yahoo.com,3473773773310
Iván,Mota,menamaria-elena@hotmail.com,8791297810564
Octavio,Reyes,ana70@rascon.com,7495752546178
Amador,Barrios,minervaolvera@alvarado.com,3808495406385
Clara,Canales,villalpandoblanca@yahoo.com,2998641322324
Andrés,Jurado,lvelasco@mercado.org,0729214994640
Mauro,Rico,amalia43@saiz.net,3822377121865
Irene,Pacheco,gloriaroybal@hotmail.com,6719006832894
Yuridia,Alcaraz,maria-josenieto@hotmail.com,7602993166044
Óliver,Olivárez,linda85@club.info,6491386568449
Noelia,Nazario,riosfrancisca@grupo.com,0846212041625
Vanesa,Heredia,guevararebeca@yahoo.com,9176729549982
Leonardo,Lovato,paulinade-jesus@olvera.com,0588430421113
Aurelio,Solís,navarrosamuel@trejo.info,8036440036059
Luz,Tafoya,lportillo@terrazas-franco.com,9104666397145
Claudia,Sosa,eliasmares@anguiano.com,6392310460608
Carla,Merino,fabiolaontiveros@hotmail.com,6440332872469
Margarita,Hernádez,quezadailse@linares-pizarro.com,6128641465159
Judith,Valle,cornejooctavio@yahoo.com,7341714149881
Anabel,Henríquez,monica60@despacho.com,2291011534013
Humberto,Menéndez,montesangelica@hotmail.com,5164238448713
Lilia,Velasco,citlalibotello@melgar.com,3112453224442
Tania,Menéndez,villagomezleonel@ozuna.com,0948953341136
Juan Carlos,Barraza,guillerminamiramontes@hotmail.com,1630570685194
Genaro,Portillo,jaimecoronado@tello-arroyo.biz,7126564363481
Benito,Bustos,jorge44@madrid.net,7316679144060
Débora,Caballero,borregoespartaco@amaya-gallardo.com,8877629409365
Amelia,Figueroa,trevinoandres@miranda.com,4019792959362
Verónica,Almonte,cparedes@club.com,4950816951119
Ana Luisa,de la Garza,paola78@hotmail.com,3025423672201
Jorge,Mascareñas,alonsomeraz@hotmail.com,3039515468625
Julia,Palomino,cesarbarela@grupo.com,6141682279781
Esteban,Cortés,luis-miguelenriquez@amaya.biz,3452536611784
Diana,Nieves,diego52@hotmail.com,4876590164492
Elias,Preciado,sofia70@yahoo.com,2187201041936
Gonzalo,Escamilla,granadoslilia@saldana.biz,7652541236242
Guillermo,Polanco,oangulo@nieves.biz,4316878499364
Caridad,Urías,dsandoval@despacho.biz,8845081980511
Uriel,Muñoz,arcelia14@manzanares.org,4956852284010
Vanesa,Sarabia,marisela29@gmail.com,2613142379388
Dolores,Berríos,omarsalas@valle.info,7972062606803
Rafaél,Calderón,adela68@hotmail.com,7156557870755
Jacobo,Arguello,egallegos@hotmail.com,6338185171060
Bruno,Montez,mariocasarez@gmail.com,0016141495243
Rocío,Castro,aldosoto@yahoo.com,1539606993579
Timoteo,Quesada,yolmos@hotmail.com,4165286577447
Helena,Ríos,hilda37@yahoo.com,0410074184234
Jonás,Pedraza,porfirioespino@tirado-peralta.com,4232927506478
Yuridia,Jáquez,rodolfo93@montoya-barraza.com,0156877358090
Pascual,Carrera,socorro51@yahoo.com,0610135070413
Cristal,Rivas,biancalemus@serna-ballesteros.org,2015987592234
Julia,Pelayo,jesus83@yahoo.com,9404827516943
Lucía,Anguiano,ramironunez@yahoo.com,7458620351720
Sergio,Flórez,irizarryindira@despacho.com,7461708510445
Anabel,Feliciano,karinavaca@grupo.com,2301125099337
Indira,Fuentes,samuelsosa@segura-saenz.info,4497449343683
Amelia,Tapia,eva39@laboratorios.org,1288620343815
Itzel,Cruz,carrillomodesto@hotmail.com,7275582489954
María Cristina,Estévez,pachecozeferino@industrias.biz,6661342053951
Pascual,Fernández,anabel36@hotmail.com,0605895189542
Leonel,Arredondo,barbara03@gmail.com,9495574701592
Mercedes,Elizondo,espinosajaime@yahoo.com,7222496114357
Delia,Aparicio,cornejoreina@gmail.com,1242750594292
Beatriz,Dueñas,izelaya@hotmail.com,6414489090259
José Manuél,Valladares,galarzateodoro@yahoo.com,2903879091734
Anabel,Menéndez,albaanabel@gmail.com,7311118513104
Alejandro,Alcala,rosariooctavio@quintero.biz,4083929319199
Verónica,Rojas,anabel27@gmail.com,6294011482586
Benito,Pedraza,anguianobernabe@gmail.com,1520247575357
Bernabé,Guerrero,leoneltrevino@yahoo.com,9652911907772
Rafaél,Lerma,munozcynthia@ulibarri.com,1327951450002
David,Valencia,jbatista@yahoo.com,9431514644775
Eva,Mora,miguel-angel54@benitez-zuniga.com,8836582387120
Hugo,Pizarro,ktellez@salinas.com,2744728295526
Elsa,Collado,calderonmaximiliano@del.com,3804754481512
Rosario,Urrutia,rosavillarreal@gmail.com,3268416326153
Miguel Ángel,Ávila,velasquezwendolin@gmail.com,9005326260646
Sergio,Casillas,ipatino@laboratorios.com,3823852681088
Citlali,Orta,estefaniaalcaraz@perez-nava.com,5136384751494
Jaime,Pineda,xmontero@gmail.com,7712586907545
Estela,Collado,rodrigezluz@hotmail.com,0672812743057
Guillermina,Sanches,felicianomarcos@yahoo.com,0650233733582
Clara,Montenegro,davidcastro@puente-medrano.com,6610952783069
Rodolfo,Barragán,ivan53@corporacin.net,3697928751188
Irene,Miranda,estradagabino@salazar.com,2983590045949
Humberto,Cabán,jnieves@paz-rosario.net,6226688794259
Andrés,Barrios,folmos@morales-maldonado.biz,2381727904420
Carlota,Munguía,vzayas@laboratorios.net,6067023882920
Homero,Castro,wacevedo@rodriguez-granado.com,6497520893343
Cynthia,Garibay,josefina64@yahoo.com,9918112418197
Ilse,Esquibel,jmacias@hotmail.com,6749628362336
Augusto,Romo,wendolin03@pena-mendez.net,9527297379507
Indira,Anguiano,oliver44@corporacin.com,2130628204360
Conchita,Gallegos,mercedes61@industrias.info,1322486009173
Genaro,Villalobos,amador05@sisneros-arreola.com,7570517766519
Nelly,Brito,jose-maria59@yahoo.com,2523677719759
Sessa,Solorio,razowilfrido@arroyo-valverde.org,0532019446530
Mariano,Fierro,baezamiguel-angel@tejeda.net,5019238729036
Alonso,Enríquez,ubaca@grupo.com,1342435068540
Rodrigo,Gonzales,xrolon@yahoo.com,1276712111754
Jorge,Ramos,minervarivera@hotmail.com,5324782733789
Fernando,Arias,godinezclaudio@gmail.com,8405027565576
Luis Miguel,Cornejo,matiaslucas@gmail.com,5908634881061
Sandra,Viera,clemente96@yahoo.com,8164105682929
Tomás,Benavides,luis-miguelduenas@gmail.com,9331376058505
Nadia,Cotto,villanuevacarlos@hotmail.com,3433131721185
Abril,Tórrez,fgaitan@fuentes.biz,3879174816929
Minerva,Rael,benavidesjacinto@yahoo.com,1319908466513
Diego,Cruz,hernan03@munoz.com,3305644043674
Julia,Briones,riveroabigail@yahoo.com,6350957253577
Joaquín,Riojas,lorenzo30@yahoo.com,0365799384034
Raquel,Castañeda,bahenaabel@hotmail.com,8931501432489
Santiago,Toro,espinalwilfrido@yahoo.com,4074936045153
Ilse,Méndez,godoykarina@hotmail.com,4560088003614
Wilfrido,Narváez,karina78@ballesteros.com,5046572798122
Fabiola,Carranza,xbarragan@yahoo.com,6758299147975
Celia,Alejandro,lorena90@hotmail.com,3168597388639
Lilia,Quezada,carbajalanel@gmail.com,4059605173313
Adán,Colunga,msevilla@yahoo.com,7150999997385
Augusto,Rivero,egranado@regalado.com,7949919588338
Arcelia,Badillo,jorge89@corporacin.com,4262601977082
Horacio,Alonzo,luciabustos@yahoo.com,6920151490709
Elvia,Zavala,camilacovarrubias@santacruz.com,9331199744670
Ana Luisa,Estévez,padronjose-maria@proyectos.com,4428313827864
Victoria,Arce,fmurillo@ceballos.biz,6074373789781
Cynthia,Polanco,aserrano@yahoo.com,3435824699477
Elvira,Guardado,cgaytan@gmail.com,0920037280844
Eduardo,Cavazos,florencia29@hotmail.com,2958631018471
Pamela,Orellana,jiminezmauricio@gmail.com,2100245908591
Lucas,Carrillo,gilberto67@gmail.com,7980285493293
René,Gaitán,karla32@hotmail.com,8335629145158
Ofelia,Alejandro,marcos34@mota-posada.com,9097648744133
Estefanía,Alva,guerrarodolfo@corporacin.biz,9107963369477
Frida,Mireles,delgadilloreynaldo@gmail.com,7015127226533
Cristina,Estrada,miriam43@despacho.com,0885347984330
José Luis,Abreu,ricardobahena@hotmail.com,6619702640170
Andrés,Burgos,paulina56@hotmail.com,6315516467101
Nadia,Ureña,montezrene@hotmail.com,9514464016083
Alejandra,Sosa,emilianoalmanza@proyectos.com,0982860601963
Gonzalo,Vera,aurelio69@gmail.com,9510677207961
Anabel,Zúñiga,qaguilar@huerta.com,3493987914007
Renato,Montes,arturo27@serrano.com,5969228369242
Jaime,Urrutia,castroadalberto@alcaraz-valencia.org,6671662829355
Tania,Acosta,casillasandrea@industrias.com,9143048346201
Ariadna,Arriaga,violetaarmendariz@gmail.com,0130358361927
Jacinto,Jaime,nadia44@hotmail.com,7257550890966
Zacarías,Martínez,qgonzales@proyectos.com,4135635701062
Cristobal,Gil,ramiro06@hotmail.com,7334721307025
Octavio,Lomeli,salcedoirma@yahoo.com,4607705181809
Bernabé,Mayorga,paulinaolmos@grupo.net,8138689339958
Trinidad,Rodarte,espartaco37@irizarry.com,4305492567507
Rufino,Calvillo,bernardohernandes@bueno.net,7532889508268
Estela,Carreón,mitzycarvajal@roybal.com,1637833422389
Israel,Carranza,montalvosandra@hotmail.com,5282209212090
Teresa,Perea,adamemarisol@yahoo.com,6097494707440
Barbara,Ríos,julio-cesar47@industrias.com,9350067756967
Miguel,Colón,nnoriega@despacho.com,9385266632657
Zeferino,Viera,jorgemontoya@hotmail.com,9582424323214
Dulce María,Mascareñas,valdesana-luisa@despacho.info,0317382357449
Elisa,Carrión,xnieto@olivera.biz,3902679301520
Caridad,Linares,jose-manuelbueno@hotmail.com,7835267705374
Rosario,Casares,nsantiago@garay-solorio.com,4738193818417
Benito,Maya,serafincintron@yahoo.com,7662469704074
Ramiro,Serrano,eugenialozada@gmail.com,0811314453573
Dulce María,Cervantes,jesus58@despacho.com,3393624675851
Jos,Hidalgo,alicia57@almonte.biz,6532687174033
René,Henríquez,karla76@hotmail.com,4456078423778
Francisca,Alonso,perla05@collazo.com,8704409419410
Virginia,Salcedo,vanesa34@yahoo.com,3999209641356
Barbara,Moya,adanescobedo@garay.biz,6647982316569
Alberto,Espinosa,sofiavenegas@proyectos.com,8265213406642
Luisa,Arguello,luz47@yahoo.com,3308797833836
Marcos,Ruelas,geronimo06@yahoo.com,9880279880402
Diego,González,hhurtado@proyectos.com,1119091521297
Eugenio,Espinal,abreudiego@despacho.com,7998673650426
Humberto,Leal,omarcintron@hotmail.com,4894002918409
Eloisa,Velasco,salasnicolas@hotmail.com,8785972731299
José Carlos,Casas,auroraalcala@gmail.com,8578796355727
Luis Manuel,Marroquín,amayahelena@yahoo.com,8885383959724
Wilfrido,Hinojosa,amandacazares@laboratorios.com,5124729454967
Cristian,Alfaro,pereaalvaro@mercado-portillo.org,7814025887998
Alfredo,Ochoa,mauriciomeraz@industrias.com,0594432823478
Abraham,Centeno,tamayooswaldo@industrias.com,7078914417957
Amalia,Saiz,estebannavarrete@puente-cavazos.com,7860130421091
Hernán,Rubio,cardonanatalia@gmail.com,5605190959348
Rocío,Cazares,veronicasandoval@industrias.org,5056140660705
Asunción,Adame,garicaestela@industrias.com,1996883086435
María Teresa,Vanegas,ricozacarias@gmail.com,0078350635687
Margarita,Medina,resendezalberto@despacho.com,7806422823731
Genaro,Zúñiga,dulce-maria50@industrias.info,2348852982431
Alejandra,Iglesias,de-la-fuenteluis@najera-briones.com,6056143312919
Raquel,Alba,tarteaga@solorzano-loera.org,0605830608967
Elisa,Molina,reynaldo45@collado-pulido.com,3170484228780
Alma,Terán,rmata@grupo.info,2916181825596
Rosario,Carvajal,serratoluisa@hotmail.com,4955607892972
Delia,Orta,augusto82@hotmail.com,9304207825730
Itzel,Bétancourt,sandra37@pabon.com,1624093483730
Francisco,Maestas,rolando15@gmail.com,7278372165846
Claudio,Rodríquez,adriana26@gmail.com,4627910096354
Antonia,Gil,micaela74@hotmail.com,1264166556923
Helena,Quiroz,ruben19@prado.com,2813557970877
Magdalena,Marroquín,jose-manuel11@villalpando.biz,6205781620182
Carolina,Herrera,gabriel51@cano-cardenas.com,8480110217727
Pascual,Murillo,gabrielesquibel@hotmail.com,1910842530866
Óliver,Vázquez,florenciajurado@yahoo.com,7747763163808
Emiliano,de la Garza,sanaya@briseno.biz,3997576025191
Zacarías,Urbina,guajardodaniela@meraz.info,2546878108079
Conchita,Borrego,svaldes@yahoo.com,4310244478553
Esther,Correa,nvallejo@enriquez-jimenez.biz,1177750717612
Horacio,Moya,amadormondragon@yahoo.com,4427512086641
Juana,Caldera,leonardosamaniego@despacho.biz,9208764521560
Miriam,Verduzco,friassantiago@yahoo.com,4495989918204
Isabela,Aranda,ofeliazedillo@santacruz.com,9864841111196
Ana María,Pantoja,batistamarisela@toledo.com,8612575436949
Maximiliano,Iglesias,camila22@grupo.info,2641533247428
Rebeca,Zedillo,ocarreon@corporacin.com,9822358824800
Abel,Hernandes,montemayorrene@grupo.com,1501239096421
Esther,Gallegos,augusto50@corrales.biz,9805368155185
Noemí,Carrero,mateo00@yahoo.com,8481864316130
Renato,del Valle,manuelbetancourt@santillan.biz,0774536946736
Arcelia,Cantú,cristiansaenz@hotmail.com,9427069187060
Esmeralda,Medina,eloy64@bernal.org,7256017970988
Eric,Mercado,cchapa@hotmail.com,6564637739563
Salvador,Roybal,fpedroza@olmos-correa.org,4587896228999
Abraham,Franco,qmaya@escobedo.org,6414474904597
Jorge,Vélez,yeni21@industrias.com,4847220795975
Luisa,Monroy,danielmerino@grupo.com,7117322463607
Anel,Gaona,micaela61@gmail.com,8280436119825
Linda,Meza,alejandrogalvez@grupo.com,9107001471209
Elisa,Treviño,nsisneros@hotmail.com,8587979470767
Oswaldo,Garica,wendolin67@gmail.com,4674194376611
Miguel Ángel,Abreu,fespinosa@hotmail.com,5670662559651
Mario,del Valle,znegron@despacho.info,2546300439384
Mariana,Blanco,brunode-jesus@gmail.com,6753781392806
Carlos,Salas,mteran@carrero.org,5479909649743
Josefina,Duarte,de-jesusantonio@grupo.org,6622074333179
Alta  Gracia,Meza,pamelagalarza@club.com,3487893117457
Alvaro,Gollum,svillasenor@batista-chapa.info,1538409081454
Ramón,Urrutia,deboraenriquez@yahoo.com,5656178669123
Alfonso,Escobar,bsaiz@grupo.info,5113832924135
Pascual,Cazares,cuellarolivia@hotmail.com,8787729015995
Ana,Anaya,escobedoalfonso@urena-lozada.com,4634139521980
Barbara,Nava,mesajulio@club.com,2922740663082
Amador,Olivas,judith03@yahoo.com,0540129368152
Ariadna,Ruelas,paredesines@industrias.biz,4193839609380
Carmen,Partida,vicente02@gmail.com,5115165659059
Abril,Meraz,marcoscamarillo@zamudio-mena.biz,0652011376949
Yolanda,Tejada,soledad64@bustos-loera.com,7154013275647
Bianca,Garza,noemimelendez@aguirre.com,0180831632830
Alejandro,Brito,alonsoantonio@yahoo.com,7327819667779
Cristal,Olivas,zanguiano@proyectos.com,2025927199470
Timoteo,Verdugo,aurora99@despacho.com,4237104733189
Arturo,Alcántar,gabrielamateo@gmail.com,6128066602502
Natividad,Acosta,josorio@quintanilla.com,1902603884517
Luis,Muñoz,octavio01@gmail.com,8411543379711
Mateo,Briseño,felipe86@zuniga.com,3608617234682
Esparta,Villareal,negretezeferino@proyectos.com,3419331252668
Oswaldo,Carranza,oorellana@gmail.com,4721085965302
Esparta,Valdivia,caridad35@hotmail.com,6067875549657
Alfonso,Rael,angelgarrido@corporacin.com,1919539999779
Berta,Roybal,javiertrejo@yahoo.com,6457947163783
Alicia,Trujillo,cynthiaabrego@hinojosa-terrazas.net,1429536938505
María Eugenia,Murillo,gerardo22@gmail.com,9169707859023
Gabriel,Valentín,augusto48@gmail.com,9882711443739
Abelardo,Valdez,ana-luisaserna@fernandez.biz,1892675903795
Ricardo,Cornejo,rafaelvela@del.com,1546787483548
Lorenzo,Archuleta,murilloana@gmail.com,2691384959201
Óscar,Carbajal,fuentescarlota@mata.org,2793727534806
Sara,Ortiz,ptafoya@pacheco-aparicio.net,8009685525777
Ivonne,Ramos,wguardado@yahoo.com,1523082868521
Arcelia,Toledo,maestasamalia@de.com,3595804463729
María José,Rosales,santiagogil@yahoo.com,2351051863517
Alejandro,Lira,joaquin06@yahoo.com,9662439575263
Óscar,Colón,bernabeecheverria@yahoo.com,8942769870955
María José,Salazar,wilfrido59@aviles-de.com,7925344887019
Diego,Ferrer,medranoconchita@grupo.com,3215917215341
Agustín,Lozada,minerva72@medina.com,8189486747377
Elisa,Vera,trinidadmedina@gmail.com,2370674941657
Pablo,Pulido,salvador23@hotmail.com,0060550844247
Esparta,Hernandes,cordovabenito@gmail.com,9399574331240
Benjamín,Salcido,miramontesmateo@industrias.com,9621965823500
Jacobo,Rendón,ngonzales@gmail.com,8968434197120
Vanesa,Carrero,mayorgaadalberto@cruz.com,7687433469086
Manuel,Ballesteros,tbaca@hotmail.com,8989187360151
Ivonne,Martínez,aldo78@grupo.info,5917740398673
Ángel,Correa,cervantesagustin@despacho.com,5111701578150
Raquel,Rodríguez,dgamez@proyectos.com,0358227085839
Gloria,Mireles,catalinaalfaro@hotmail.com,6444847062358
Wilfrido,Hidalgo,parraelvira@arenas.com,1864998445291
Natalia,Delgadillo,ilse30@arredondo-posada.com,7548152816282
Francisca,Delgado,karla21@gmail.com,7536897990054
Fabiola,Carbajal,cristiannunez@saavedra.biz,7179154968706
Ricardo,Toledo,parraalfredo@gmail.com,0114440947906
Carlos,Carvajal,wdavila@yahoo.com,8735578563754
Margarita,Beltrán,ygonzales@yahoo.com,9794162495412
Marco Antonio,Zedillo,psegovia@gmail.com,6730104498886
Octavio,Zavala,jorgecandelaria@gmail.com,8005732197875
Cristobal,Sanabria,arredondoclaudia@gmail.com,4624354290769
Ivonne,Mata,bonillaesteban@gmail.com,5624509590803
Jacobo,Echeverría,yquesada@yahoo.com,4607593373381
Juan,Vera,kmendoza@gmail.com,4004861557931
Lilia,Guillen,carmen66@zayas.net,9317464144964
Karla,Carrera,qbalderas@hotmail.com,7559303211785
Fidel,Aguilar,eloy47@yahoo.com,3547861720139
Rebeca,Negrete,isabel05@corporacin.net,3195416992724
Bernardo,Menchaca,camilocotto@yahoo.com,4328994582515
Zacarías,Gaitán,rodolfovillanueva@laboratorios.com,2859987550642
Eric,Venegas,apariciomarcela@gmail.com,9938544283412
Linda,Fajardo,eroldan@juarez.com,8192321956976
Lucía,Reséndez,lebroneric@nazario.com,0085176595609
Ruby,Ballesteros,brioneslaura@gmail.com,1784301155481
Clara,Grijalva,daniel28@ozuna.com,5398856790644
Espartaco,Ruiz,graya@godoy-puga.com,9668071447327
Miguel Ángel,Guerrero,felix25@quintana-betancourt.com,4447628924534
Jorge,Granado,dominguezleonel@hotmail.com,0504945204007
Benjamín,Soria,sandra64@veliz.org,1824494928528
Mitzy,Macías,yolandacantu@club.biz,1547154208056
Ilse,Jaime,alcarazgregorio@mateo.net,3557324264980
Estela,Saucedo,pascual00@gutierrez-serna.com,0084547265055
José María,Ruiz,joaquinde-leon@yahoo.com,6758581004823
Ángel,Gálvez,torohernan@yahoo.com,9963624322145
Luisa,Solorzano,sterrazas@hotmail.com,3165445765626
Hugo,Contreras,micaela22@gmail.com,9164610505078
Aurora,Oquendo,oramirez@chavez.biz,9579973441906
Dulce,Torres,patriciacortez@grupo.org,5942833756510
Clemente,Burgos,abel82@hotmail.com,5392143133809
Karla,Sotelo,patinojose@gmail.com,4812979180699
Zacarías,Blanco,qbarrientos@yahoo.com,8041957011855
Gregorio,Villa,noemipuga@gmail.com,0252738948882
Daniela,Barrera,arroyoeric@barrientos.com,9002359096729
Adela,Zelaya,elisaalfaro@hotmail.com,2444552297316
José Luis,Romero,blancalucero@grupo.com,1266271201213
Adán,Olvera,barraganelvia@yahoo.com,9483349299621
Nayeli,Barraza,hcisneros@hotmail.com,4856673807945
Javier,Bueno,equezada@yahoo.com,2258112313837
Zacarías,Longoria,samuel73@hotmail.com,7130771441620
Bruno,Reynoso,rodriquezemilio@yahoo.com,2461375876869
Marcos,Arias,brascon@yahoo.com,5596624364983
Rodolfo,Almaraz,alicia21@gutierrez.info,5851979390768
Dulce María,Arroyo,mamador@gmail.com,9246124482955
Abigail,Naranjo,areyes@grupo.com,7157627600577
José Luis,Saucedo,clara70@garza.com,6244701944050
Rodolfo,Ríos,halejandro@gmail.com,7432694348124
Horacio,Palomo,ibaez@hotmail.com,7341100823892
Natalia,Pelayo,zavalos@gmail.com,4019468366855
Olivia,Serrato,ortegafrancisca@despacho.net,3306044868886
Fabiola,Casares,oterolinda@de.com,2693779068802
Wilfrido,Palomino,camilo45@gmail.com,8556909391663
Hernán,García,tcuriel@yahoo.com,7278440770109
René,del Valle,lozadafrancisco@hotmail.com,5555352783392
Benito,Villareal,abigail13@laboratorios.com,2595405093674
Elena,Marín,rcarranza@despacho.org,1254588773039
Augusto,Carrero,salcedojosefina@teran-ontiveros.com,3816088728372
Fernando,Mascareñas,albertoparra@valadez.biz,1624740210131
Mónica,Parra,archuletamaria-cristina@hotmail.com,1702140392783
Carmen,Ballesteros,sanchesgeorgina@yahoo.com,3945838670372
Manuel,Moya,rosa02@hotmail.com,1847125784892
Citlali,Sanabria,aholguin@gmail.com,8500499641950
Ofelia,Alcala,caridadpaz@peralta-leal.net,5599319589370
Salma,Colón,pachecoeloy@yahoo.com,4557557071112
Genaro,Barrera,luis-miguel98@proyectos.net,9886959705477
Conchita,Ramírez,lorenasalcido@diaz.com,7735448212778
Olga,Enríquez,chavezcarlos@club.net,7488593826339
Camilo,Valadez,elviralinares@villareal-saldana.net,6236145509285
Felix,Mondragón,de-la-fuenteirene@yahoo.com,1414834700812
María José,Olivares,juan-carlos02@alcala-fuentes.biz,7292491660905
Genaro,Puente,pablo14@pabon.com,8940799476114
Luis,Benavídez,monicaalejandro@despacho.com,5506433736623
José Manuél,Delgadillo,jnoriega@yahoo.com,4577454351118
Clemente,Mateo,escobarabel@gmail.com,0250289159396
Dulce María,Lozano,joaquin86@negron-castaneda.com,7481088418669
Eva,Trujillo,oalcala@hotmail.com,7873409054202
Carlos,Salgado,qde-la-cruz@salas-cepeda.biz,3238662096593
Trinidad,Bahena,hsisneros@gmail.com,6219684745020
Emilia,Abrego,opuente@hotmail.com,9659056523056
Esmeralda,Ojeda,rposada@zuniga-zuniga.info,0157998500370
Celia,Santana,montoyajoaquin@delgado-henriquez.biz,2087005994079
Delia,Sepúlveda,frida40@gmail.com,6467739310359
Darío,Benavides,salasmodesto@gmail.com,9679880096423
Ignacio,Hidalgo,patriciaorellana@pacheco-corrales.org,3910459496711
Georgina,Dueñas,concepcionjos@laboratorios.info,1912117928574
Judith,Merino,dulce-mariavalencia@despacho.biz,0787378729032
Gilberto,Linares,qaragon@torrez.biz,1893989260298
Emiliano,Guerra,roldansalvador@hotmail.com,4074786127649
Ramón,Gurule,adalberto18@yahoo.com,3635806296730
Eric,Barajas,pablomagana@hotmail.com,0591886836048
Noemí,Quintana,teresamota@yahoo.com,1580389438453
Leonardo,Lomeli,cquesada@hotmail.com,4865095014093
Ricardo,Palomo,aulibarri@grupo.com,2093633664958
Asunción,Santillán,alonsogriego@curiel.org,8328202866220
Pablo,de la O,ponceernesto@gmail.com,2903923618242
Noemí,Olivares,torohelena@hotmail.com,8798222864528
Juan,Arteaga,upuga@club.net,0704935442821
Silvia,Rojas,anguianojose-manuel@corporacin.biz,2835677820663
Genaro,Verdugo,mitzy48@gmail.com,4291933841239
Sergio,Cordero,micaelaquiroz@aviles.com,3232391351339
Dulce,Lemus,claudia59@hotmail.com,8902258148863
Ilse,Tello,pmora@gmail.com,8493372823615
Débora,Véliz,fernando35@hotmail.com,1887036152766
Camila,Salgado,ncorrales@gmail.com,6306517849877
Alvaro,Paz,jaquezfrida@mascarenas-ferrer.com,7749747522703
Abelardo,Molina,felixnieto@duenas-linares.com,3565974542245
Catalina,Montaño,eduardoflorez@cardenas-ceballos.com,5104403818288
Clara,Prieto,pilar81@gmail.com,7041991212160
Dulce María,Guevara,alejandra59@hotmail.com,6805761111547
Horacio,Tijerina,umascarenas@cisneros.com,2086662679366
Abraham,Cuellar,aserrano@hotmail.com,2295573649791
Jos,Suárez,uornelas@yahoo.com,4039670385677
Martha,Gálvez,concepcionolivia@grupo.com,0961745251808
Hermelinda,Montes,yluna@hotmail.com,4349103501643
Ángel,Márquez,qleal@hotmail.com,5844986553116
Porfirio,Quesada,slozada@club.org,7211552132565
Fidel,Maldonado,blancacontreras@olivo.biz,8716191517605
Cornelio,Aguayo,zeferinolozano@gmail.com,3182819708716
Abelardo,Ulibarri,alvaroabreu@gmail.com,6710948198614
Camila,Nieves,barbaragamez@hotmail.com,6937028255418
Alma,Mota,pinedageorgina@gmail.com,0464877223312
Itzel,Sánchez,oswaldo24@yahoo.com,5846788997934
Carolina,Alva,fcandelaria@oquendo-zelaya.com,9403147367971
Eugenia,Porras,oquiroz@sosa.com,1688773062472
Modesto,Maya,patriciagodinez@yahoo.com,3106605016057
Octavio,Ávila,vvillasenor@gmail.com,5138653394591
Daniel,Hidalgo,kde-la-o@hotmail.com,8364305819772
Dulce María,Arredondo,bernardo70@proyectos.com,7155353069880
Wendolin,Elizondo,almanzadolores@gmail.com,2694336406505
Dulce,Alarcón,aldo97@yahoo.com,1822199270836
Carolina,Márquez,delgadilloemiliano@corona-suarez.com,6637767385281
Celia,Garza,flaureano@gmail.com,9312104632623
Alta  Gracia,Medina,dulce-maria94@hotmail.com,6941753912270
Natalia,Arguello,velaalicia@yahoo.com,6128691432843
Benjamín,Gonzales,ontiverosindira@yahoo.com,7979106918490
Sandra,Robles,rolonlilia@miranda.biz,2701226711262
Natalia,Mota,qpalacios@ferrer-salinas.info,3320114424528
Carla,Quintanilla,nloya@archuleta-navarrete.com,4305147810820
Agustín,Almanza,antonioenriquez@grupo.com,4150998472283
Uriel,Orta,jsoliz@grupo.com,5579370115888
Gerónimo,Salas,jacobo36@davila.biz,2795319028446
Pilar,Vargas,federico49@gmail.com,9497235175820
Abel,Ochoa,rbetancourt@proyectos.org,5803300876241
Jacinto,Godoy,xgodinez@hernandez.info,1007894262289
Gonzalo,Patiño,emiliaserna@despacho.net,0774863085686
Soledad,Olvera,lauramireles@rosales-aparicio.net,2553786692739
Jacobo,Tejeda,moralesjudith@lira.info,2001261602600
Mariana,Valencia,cornelio02@club.com,5509162449465
Alta  Gracia,Serrano,felipearagon@rosales-negrete.com,0183238820992
Aurelio,Haro,angelaulibarri@hotmail.com,4596641416439
Mariano,Cervantes,rodriquezaraceli@despacho.com,7521582750580
Linda,de Jesús,fcenteno@yahoo.com,3061548234766
Soledad,Ibarra,padronbianca@laboratorios.com,0252719932383
Octavio,Monroy,benavidezhernan@caballero.com,2959823337885
Luis Manuel,Mata,ylaureano@verduzco.com,9456265795775
René,Vega,friaslinda@gmail.com,8069978641694
Nicolás,Arredondo,pde-la-torre@club.com,9000973665424
Jacobo,Armas,bernardodiaz@hotmail.com,9579987938030
Roberto,Granado,ameliamarroquin@yahoo.com,6741643364322
Luis Manuel,Barreto,serafin33@armenta.org,3343322625189
Nadia,Valverde,sjaquez@gmail.com,8738754938253
René,Sotelo,raguirre@yahoo.com,8870088653466
Diego,Becerra,daniel55@hotmail.com,4972191631557
Cornelio,Orozco,aaranda@sauceda.com,9815867593843
Alicia,Jaramillo,jose-eduardotijerina@yahoo.com,0298465550355
David,Méndez,hugo60@alcantar-aviles.com,1450313720949
Marisol,Cabrera,citlalicolon@gmail.com,6499160229701
Rocío,Chapa,chavarriacristian@laboratorios.com,4774840203077
Laura,Arredondo,curielbeatriz@benitez.info,6284639678851
Wendolin,Jáquez,xvelasquez@hotmail.com,6507041997012
Miguel,de Anda,zsalazar@guillen.com,8872432006919
Arturo,Ochoa,fvenegas@laboratorios.com,3573688884136
Roberto,Esquivel,teodoro85@gmail.com,9736317174464
Pablo,Puente,abelardo79@gmail.com,6709068188528
Gregorio,Garibay,alta-graciacarrero@hotmail.com,0203037770849
Sara,Zelaya,eugenioalejandro@gmail.com,7597559309048
Isabel,Rincón,soteloesther@gmail.com,8963820092563
Jorge Luis,Linares,irene76@yahoo.com,2827120589431
Pablo,Barrientos,zledesma@uribe.com,3951968483565
Ángela,Pichardo,catalina73@hotmail.com,9408795507510
Sofía,González,varelaesteban@hotmail.com,8667505891621
Jaqueline,Caballero,ursula47@feliciano.com,6798659772120
René,Ponce,ramiro64@gmail.com,5162593162456
Asunción,Quiñones,perla62@yahoo.com,3642918685293
Amalia,Moreno,silvano42@yahoo.com,4853302122597
Amanda,Ozuna,lcedillo@estrada-sauceda.com,1465141750594
Citlali,Salinas,luis17@hotmail.com,5832826971909
Modesto,Tijerina,paulina54@laboratorios.org,1491123618622
Armando,Griego,orobles@proyectos.info,6510648298447
Vanesa,Torres,sfarias@paez.info,4487681341209
Helena,Báez,mateoyeni@corporacin.biz,7162487212902
Camilo,Bueno,groldan@bonilla-portillo.com,7794035111638
Karina,Henríquez,mperez@alvarado-gaytan.biz,3868149205786
Elvia,Quintanilla,camiloarias@yahoo.com,0870214670842
Carlota,Mejía,zestrada@hotmail.com,6592356173430
Renato,Escobar,salvadorpacheco@collado.com,0544229900421
Germán,Alemán,llimon@hotmail.com,3160853988272
María del Carmen,Mendoza,ernesto81@lozano-montes.info,5495246033596
María Cristina,Rubio,gordonez@salinas-chavez.net,7774711193286
Wilfrido,Limón,marianaanaya@yahoo.com,3017747360997
Serafín,Palomino,helena42@corporacin.com,4649234156701
Federico,Zaragoza,zmontoya@hotmail.com,9612907975359
Alta  Gracia,Benavides,ofelia78@mondragon-bernal.com,5940990213326
Daniela,Tafoya,santillansamuel@club.com,6506864088269
Mercedes,Guevara,cristian10@grupo.net,1295251812076
Guillermo,Arteaga,ybarrailse@yahoo.com,1682976667586
Beatriz,Pabón,cynthia14@laboratorios.com,4224934682829
Rosario,Mireles,veronica22@hotmail.com,9984345701215
Julia,Alonso,bojeda@negron-mata.com,6134325560885
Eduardo,Pedraza,naguirre@hotmail.com,5307031631037
Eva,Viera,vchavarria@yahoo.com,6498847539712
Pascual,Palomo,nluevano@quinones-caballero.com,3168576207620
Benjamín,Ontiveros,anelrobles@gmail.com,6995319175857
Cecilia,Narváez,elviracarmona@giron.com,4363874569568
Violeta,Meraz,angelabotello@yahoo.com,7875661189628
Mariana,Guzmán,zgallegos@hotmail.com,2377589840268
Bruno,Rosado,abel44@gmail.com,7358128962206
Marcos,Sevilla,amontes@contreras-raya.com,8577448915409
Silvano,Chapa,laureanoadriana@despacho.com,1017719280842
Sara,Huerta,vlozano@navarro-leiva.net,1521100650814
Conchita,Godínez,brunocantu@gmail.com,1796478587764
Evelio,Dueñas,raul04@jaquez.com,3667970685797
Mariano,del Valle,melendezclaudia@yahoo.com,1175341386036
Barbara,Santillán,santacruzalfredo@yahoo.com,0000524164570
Asunción,Reyna,zsolorio@gmail.com,7955253619987
María José,Arteaga,elisalozano@corporacin.org,5643671079875
Joaquín,Calderón,fayala@gmail.com,4127337597238
Jorge Luis,Nazario,contrerasnicolas@ceballos.com,9182398745308
Noemí,Corral,bcalvillo@ornelas.biz,7397929978852
Bernabé,Peña,jose-eduardo94@hotmail.com,2046237457059
Trinidad,Ortega,ledesmatomas@yahoo.com,8165773709728
Elena,Prado,palomoroberto@gmail.com,8632841771919
Marcela,Valle,dmenendez@yahoo.com,8742105169828
Diego,Casanova,santiagoaltamirano@laboratorios.info,4141462895243
Benito,Saldivar,gabrielalejandro@yahoo.com,7239635082256
Hernán,Escobar,vflores@proyectos.biz,3271037080562
Liliana,Lerma,jfierro@corporacin.com,4226839257990
Abril,Gracia,aquintana@velasquez-mendez.com,5345775526674
Hermelinda,Cabrera,oswaldo73@yahoo.com,9261755171429
Porfirio,Muro,ilseguerra@hotmail.com,7927571770910
Paola,Lara,raranda@salazar.info,1400539514985
Elisa,Galván,jose-carlosabrego@corporacin.info,3042631619175
Claudio,Aranda,elviajaimes@corporacin.org,5819799967797
Dalia,Vaca,emilianosantacruz@yahoo.com,7444939995659
Luis,López,velasquezaurora@lara.com,6061791480195
Eric,Cavazos,cvaldez@salgado.com,0526677839136
Uriel,Crespo,colladohumberto@proyectos.com,1072953668605
Daniel,de la Garza,yuridia32@sanabria.biz,9849851534385
Estela,Villegas,ineslopez@industrias.org,7448367864763
Victoria,Collazo,wilfrido41@gmail.com,6056108587086
Carlos,Balderas,rodolfo56@botello.com,1531539688981
Rosa,Vergara,patricia11@yahoo.com,6494197653174
Mercedes,Macías,manuel20@grupo.com,2973340645682
María,Frías,virginia23@lebron.info,6480132011615
Mayte,Sanabria,elisasegovia@yahoo.com,4397905750356
Angélica,Quezada,elsa85@vera-cervantes.biz,7521848712657
Aldo,Miranda,ugiron@gmail.com,9041465744925
Aurelio,Flórez,pichardoalonso@benavides.com,0686803378264
Guillermo,Cabrera,espinaljose-manuel@monroy-vargas.com,4372827895553
Tomás,Paredes,ignacio44@yahoo.com,8505095863631
Abigail,Nava,jose-luis46@proyectos.com,8259751440208
Omar,Lerma,sara62@yahoo.com,2683662942851
Israel,Murillo,barriosesparta@laboratorios.com,3638424519582
Hilda,Almaraz,sofia87@yahoo.com,6376279288058
Aldo,Casillas,mitzyalfaro@club.net,7206520035455
Julio,Barrientos,juanarenas@miramontes-vera.com,4569433339525
Dalia,Morales,cynthiahurtado@yahoo.com,3636144658486
Aldo,Montenegro,hernangollum@yahoo.com,0317311189113
Sofía,Mota,renejiminez@yahoo.com,9294393718257
Yuridia,Valadez,magdalena41@hotmail.com,7033747727484
Ramón,Ruiz,mbermudez@guevara-torrez.net,4371183076813
Lucía,Naranjo,hroybal@hotmail.com,1579636153199
Mateo,Rojo,quezadacristina@yahoo.com,5484428151332
Bianca,Salas,felicianomaria@quesada-malave.com,7323586385242
Jacinto,Díaz,ana-luisa52@gmail.com,6959390122673
Irma,Rendón,leonardo03@gmail.com,5877180727344
Eva,Nava,olucio@gmail.com,1370468690144
Roberto,Zamudio,palomoabril@ledesma.net,5428240684393
Aldonza,Arreola,marisol79@yahoo.com,0139662757112
Elvia,Amaya,tceja@hotmail.com,9502671938953
Andrea,Rubio,cardenasjaime@yahoo.com,3149560400125
Irma,Oquendo,lesquivel@aguirre-griego.org,1080631252752
Mercedes,de la Garza,qgranados@club.org,7247939449615
Alma,Ferrer,maria-teresa44@yahoo.com,5935586070358
Nadia,Carranza,montanezcristina@yahoo.com,6941260071096
Sara,Collazo,mmercado@abreu-torres.biz,8418825067878
Pamela,Galarza,catalina32@hotmail.com,9838748270092
Nicolás,López,norma09@yahoo.com,5214765354235
Alberto,Garrido,agustinmacias@hotmail.com,7337415048649
Cristobal,Herrera,ramoscamilo@hotmail.com,3901859969127
Víctor,Orta,partidanelly@gmail.com,1877761361915
Adalberto,Páez,abraham32@hotmail.com,7248006982388
Nadia,Serrato,reyesdolores@hotmail.com,3275417706188
Yuridia,Feliciano,reinaleyva@arce.com,8994043572867
Porfirio,Gaitán,lurena@yahoo.com,6716517976384
Elisa,Pérez,laranda@hotmail.com,8202432713502
Rodolfo,Patiño,yvalverde@garrido.org,9394357071838
Gustavo,Riojas,marcela86@yahoo.com,5977353047578
Maximiliano,Preciado,rnegrete@yahoo.com,2295064534382
Micaela,Casárez,herediaadan@olivarez.info,5216604253709
Eduardo,Quezada,judithcollazo@hotmail.com,6185098537670
Leonardo,Salcido,marco-antoniouribe@cuellar.info,7247262872902
Cecilia,Benavides,vcotto@corporacin.info,4582323296856
Dalia,Lozano,claudiaorozco@hotmail.com,5501693622634
Alberto,Molina,gamboagabriela@gmail.com,2243237029704
Amador,Carvajal,lalejandro@yahoo.com,7728908689210
Jerónimo,Benítez,jaimegabriela@venegas.biz,6337101686201
Eva,Vega,ameliaolivarez@yahoo.com,6021915212155
Adela,Gastélum,lorenzo38@amaya.biz,0893694535648
José Manuél,Archuleta,gonzalezolga@gmail.com,7632669222238
Carlota,Irizarry,delgadillohelena@hotmail.com,1657022062989
Alfredo,Castañeda,cynthia97@yahoo.com,8805822656465
Paola,Tamayo,jacobobenavides@camacho.com,3260718093946
Cristina,Quesada,marco-antoniocolunga@jaime-marrero.com,5389114771957
Espartaco,Aguilera,ramon86@despacho.com,6409842904379
Elvia,Curiel,rubiooscar@armas-sanches.com,0151051728436
Uriel,Aguilar,federicoescalante@saldivar.com,8896985030124
Mónica,Santillán,lorenzoyanez@industrias.net,8466059485017
Elena,Mercado,dburgos@paez.com,2468918873127
Lilia,Anguiano,adan24@laboratorios.biz,4576513998089
Julia,Crespo,omontemayor@montero-casillas.org,3343710051441
Ruby,Contreras,dmarquez@gmail.com,7185462215117
Irene,Cruz,buenomitzy@hotmail.com,5689517814364
Mitzy,Palacios,perezana-maria@yahoo.com,8675894344630
Camila,Calvillo,tgomez@yahoo.com,6136365563341
Hernán,Villaseñor,zmelendez@zambrano.net,3168835035278
Delia,Rolón,umendoza@industrias.com,3265293022289
Celia,Mascareñas,agollum@hotmail.com,4253400603767
Porfirio,Olivares,jcavazos@corporacin.net,4349326608079
Marisol,Ocasio,adela31@despacho.com,3462280231907
Maximiliano,Gaona,mvalle@corporacin.com,9164060195489
Camila,Alarcón,zacarias01@sosa.info,7079240967981
Dolores,Lozano,ssalas@yahoo.com,1603591457120
Beatriz,Tejeda,dcarrera@gmail.com,0052378814559
Víctor,Moreno,sviera@hotmail.com,0080094519282
Juan,Durán,alcantarmarisol@rangel.org,9993835948634
Nelly,Rosario,adrianavillasenor@hotmail.com,0556771077444
Claudio,Alonzo,amelia21@hotmail.com,5489545593419
Jorge Luis,Páez,ruizsandra@corporacin.net,3866030589086
Rosario,Munguía,munguiaeduardo@yahoo.com,3603468298016
Adalberto,Berríos,tomas49@gmail.com,5953817561826
Yolanda,Zayas,zvela@despacho.com,6075813898013
Bernardo,Sepúlveda,angelanieves@hotmail.com,5979991545170
Enrique,Arriaga,mejiaraquel@lucero.com,5361769969676
Lucas,Corona,hmeza@laboratorios.org,1757905462826
Amalia,Munguía,gcastillo@yahoo.com,5703594604079
Israel,Candelaria,vsaucedo@montalvo-morales.biz,0359082868938
Rolando,Serrato,morenopedro@industrias.org,4151720418513
Noemí,Briseño,humbertoarredondo@diaz.com,4267532322525
Javier,Crespo,mgriego@arevalo-prado.com,0027441316868
Úrsula,Velásquez,liracatalina@hotmail.com,7920253372547
Uriel,Sanches,cervantesleticia@gmail.com,2695873038907
Patricia,Magaña,marisolarchuleta@quintero.info,6425148101929
César,Fonseca,palominoadela@montanez.com,2885596115712
Adriana,Quintero,aldonzaherrera@corporacin.net,9759784630894
Ramón,Cervántez,cmatos@trujillo.com,3840423646784
Marisol,Jurado,xfonseca@alonzo.com,0548925885390
Leticia,Terrazas,fsaldivar@yahoo.com,4851032550776
David,Altamirano,diana20@collado-narvaez.info,9241725406084
Georgina,Zamudio,brunorocha@yahoo.com,2481267819343
Concepción,Cabán,guillerminaverdugo@cabrera-galarza.com,6496298817492
José María,Bétancourt,abigailesparza@valle-valadez.com,0639941457888
Pilar,Bahena,margarita65@gmail.com,4040636515405
Emilio,Laboy,kavila@briseno.com,3196227595591
Victoria,Candelaria,zvelasquez@arroyo.com,4954408556568
Eloy,Palomino,jose98@club.com,6687760843881
Elsa,Barraza,francoabraham@yahoo.com,7025954059700
José Manuél,Zarate,francisco70@gmail.com,3981036234665
María Eugenia,Rincón,aurora30@gmail.com,6514237265484
Hernán,Robles,medinagabriela@despacho.com,2937600601961
Barbara,Sanches,chavarriaolivia@gmail.com,4568945117336
Aldonza,Pichardo,de-la-garzaaldo@gmail.com,0034960771519
Raquel,Elizondo,hcaldera@caban-avila.com,5766919170045
Salma,Rincón,lacevedo@industrias.com,9038629583437
Liliana,Vélez,carmen52@gmail.com,5184977351807
Gregorio,Perea,ynegrete@henriquez.com,8720783720196
Samuel,Cantú,agustinpuente@muro.com,1434865309822
Sara,Aguilar,uarenas@yahoo.com,4888524775707
Eva,Rosales,espinozasergio@hotmail.com,1039758922050
Blanca,Zamudio,llamasnatividad@yahoo.com,1241080641678
Pascual,Briones,xmarrero@gmail.com,6488340969859
Ramiro,Pedroza,maria-elenarazo@hotmail.com,0385717071654
Sandra,Zúñiga,eva42@grupo.com,8267758661627
Camila,Ornelas,ksolorzano@yahoo.com,5053498966373
Mariana,Frías,zroldan@gmail.com,0215095341413
Andrea,Villegas,lilia85@gmail.com,9528373183133
Liliana,Gallegos,beatrizordonez@hotmail.com,1236189007266
Eloisa,Juárez,jalcala@yahoo.com,1677138828807
María Cristina,Raya,tejadabianca@casillas-tirado.net,2416790851115
Sara,Gómez,leonel22@proyectos.com,2425899541287
Estela,Estrada,rolando31@industrias.info,1449995052966
Guillermo,Méndez,evasantiago@hotmail.com,8138937679600
Rosa,Pineda,knegron@gmail.com,6627739218986
Carlota,Páez,ftellez@yahoo.com,1958797826180
Diana,Ferrer,israel46@yahoo.com,1514729505834
Ramiro,Corona,efarias@gmail.com,0272899840149
Rodolfo,Gamboa,gcasillas@proyectos.org,5730038752075
Alta  Gracia,Fajardo,dpizarro@franco-lugo.com,8334216345158
Violeta,Padilla,mauroaguilar@yahoo.com,2653510057324
Salvador,Ramírez,proybal@hotmail.com,5143869318651
Víctor,Marroquín,federico83@soto-luevano.info,7499523000422
Uriel,Fonseca,jacintosarabia@despacho.com,2667196987866
Leonardo,Montoya,dabreu@gmail.com,0619677736310
Pilar,Roque,mirandaperla@gmail.com,2121983196636
Luis Manuel,Santiago,sofia68@urias.net,9903912377016
Jos,Escobar,natalia35@roybal.net,6880932287948
Susana,Valentín,vcastellanos@gmail.com,1697164535240
Paola,Covarrubias,mateoozuna@barela.com,7221422245296
Cristal,Valdés,parce@mateo.com,6949248929767
Emilio,Villalobos,salma30@hotmail.com,8192629302522
Karina,Preciado,camilo76@hotmail.com,8206515518452
Carlos,Casas,abreuitzel@corporacin.com,5662507355902
Gilberto,Fonseca,balejandro@verduzco.info,4514248849743
Arturo,Casárez,eduardo42@almaraz.com,8604199559818
Augusto,Menchaca,cejaanabel@yahoo.com,3096341925604
Tania,Bustamante,ochoahector@velazquez.com,5428918053694
Nelly,Sandoval,cejaguillermo@hotmail.com,9914713244436
Oswaldo,Alonso,jose-carlosmontano@yahoo.com,1842297022017
Cristal,Barela,rubyde-la-garza@hotmail.com,0637538023125
Mariano,Vélez,felixarriaga@gollum.com,1363520858443
Laura,Carrillo,peraltaamador@yahoo.com,7269599144697
Arcelia,Delgado,mireleslorenzo@yahoo.com,1210254079247
Miguel,Meraz,oarteaga@gollum-adame.com,0161507697112
Tomás,López,puentehoracio@sepulveda-irizarry.biz,8537503175956
Mauro,Meraz,mariagaona@hotmail.com,4594643326681
Jaqueline,Hernádez,esteladelgado@gmail.com,6049019919004
Camilo,Orellana,mariopaz@yahoo.com,0504376952677
María,Ureña,estelasolorio@yahoo.com,3197702667731
Violeta,Garica,cuellarabril@grupo.com,7044088609102
Débora,Ledesma,pablo83@gomez.com,0589317756907
Andrea,Segura,magdalenatejada@gmail.com,3647039784420
Renato,Serrano,qvelazquez@yahoo.com,5617969180223
Miguel,Godoy,karla93@hotmail.com,3267787840974
Natalia,Baeza,sergioromo@gmail.com,2877864514688
Porfirio,Miramontes,rgriego@yahoo.com,7481127567574
Soledad,Vásquez,guillermomontero@gmail.com,4272573461162
Javier,Maldonado,minervalucio@yahoo.com,9732569801462
Humberto,Vaca,ceciliamontenegro@hotmail.com,1701318043633
Débora,Apodaca,aurelio64@grupo.com,0391067110141
Minerva,Corral,guillermo71@gmail.com,9186250188488
Aida,Razo,tmata@proyectos.com,9296335208600
Cristina,Benítez,mateo14@hotmail.com,8646131322717
Lucía,Salcido,abel81@colon.com,7413909297124
Sessa,Velázquez,maria-elena43@yahoo.com,9099112716866
Olivia,Fuentes,kmontes@hotmail.com,7572076391655
Ángel,Barajas,qmares@barreto.com,6042670748324
Homero,Guerrero,mejiayeni@corporacin.com,0837778661158
Iván,Ocampo,anabel59@hotmail.com,0390896489154
Elsa,Balderas,mcamacho@aviles.com,2010346564118
Abel,Alfaro,nancy90@yahoo.com,1140815419364
Catalina,Sandoval,camachojesus@curiel.com,3716731175355
Adela,Gonzales,saucedapatricia@grupo.com,5598088839221
Patricio,Ortiz,rafaelbaeza@gmail.com,1648491833363
María Cristina,Lira,lucerofrancisco@gmail.com,5173909456700
Cynthia,Almanza,juanacervantez@corporacin.org,8400282000866
Virginia,Herrera,oesquibel@leiva-benavides.com,9616869680639
Mauricio,Montenegro,jaimeelisa@adame-luevano.org,9909670936900
Miriam,Acevedo,fpalomo@olivera.org,3905367534307
Pamela,Negrete,velezsonia@club.com,9192386269226
Marisol,Jáquez,mercedes75@gmail.com,6206186406215
Sonia,Sotelo,esmeralda01@gmail.com,4274870899053
Abigail,Casas,lgonzales@proyectos.com,2277478779994
Carla,Riojas,de-la-ocaridad@gmail.com,5261692190497
Humberto,Rangel,sepulvedamauricio@yahoo.com,1983899536633
Ángel,Uribe,rodrigezenrique@yahoo.com,2125543854709
Ofelia,Curiel,steran@coronado.biz,6343375925956
Nelly,Prado,amendez@benavides.biz,5420669574742
Iván,Cintrón,jeronimo29@hotmail.com,9839011952788
Andrés,Sevilla,cortezrosario@padron-ledesma.net,3235015384511
Elvia,Cuellar,dbustamante@loera.biz,6486657612854
María Cristina,Holguín,qgarrido@gmail.com,5007039175725
Clemente,Olivárez,maestasenrique@cortes.net,3435622509393
Carolina,Rascón,geronimogalvan@hotmail.com,4374999640791
Beatriz,Regalado,saavedraangel@botello-villalobos.org,3684464817931
Eugenio,Viera,ricoberta@club.org,5534471313975
Rolando,Herrera,hermelindaorellana@yahoo.com,3143711591240
Nelly,Girón,estelaserrano@yahoo.com,3750627221304
Lilia,Jaramillo,zeferino78@gmail.com,7201169548319
María Luisa,Villarreal,imunoz@ramirez-moreno.biz,0561037168067
Olivia,Naranjo,vanesa11@hotmail.com,1625812792047
Mónica,Mena,valladaresfederico@hotmail.com,4239417010328
Miriam,Núñez,jose-eduardozamudio@valentin.com,7844438724774
Zoé,Roque,lucas31@gmail.com,7905376134656
Bernardo,Guardado,yulloa@gmail.com,7473196510184
Gustavo,Peralta,kpelayo@jasso-renteria.com,0518232844804
Jerónimo,Zamudio,ecornejo@hotmail.com,1455770629391
Gonzalo,Galindo,jbriones@hotmail.com,2500459692858
Aurelio,Pedroza,eduardo80@yahoo.com,5147304244888
José María,Camarillo,julio-cesararevalo@ulibarri.com,9692096831408
Soledad,Páez,leonelguerra@gmail.com,5573204445625
Miguel,Badillo,ruben06@gmail.com,0385503276470
Emiliano,Leyva,vasquezcarmen@yahoo.com,6478947737725
Sessa,Colunga,carmenmedina@urias-villalobos.net,4854793180246
Débora,Estévez,gmunoz@yahoo.com,4726241563329
Omar,Rolón,ocampomaria-eugenia@marquez.org,1767023489008
Miriam,Acuña,bcastellanos@gmail.com,3008468743554
Raúl,Gutiérrez,leyvamariana@hotmail.com,5333795577708
Serafín,Henríquez,cabrerapaola@navarrete-nevarez.biz,0324187458598
Gerónimo,Barraza,palaciosalberto@hotmail.com,3942720247246
Noemí,Gamboa,cynthia42@aguayo.com,0076067198984
Germán,Miramontes,motagregorio@hotmail.com,6525261695454
Rubén,Barrios,fierroolga@palacios-sierra.com,6498514752583
Humberto,Amaya,olgagalindo@yahoo.com,1069642803735
Joaquín,Ulibarri,hmiramontes@bustamante.net,2839326817826
María Luisa,Saavedra,vcastaneda@aguilera-sosa.com,7970427757867
Salvador,Otero,marroquinjacinto@yahoo.com,0945539941793
Silvia,Paredes,fguajardo@quezada-casarez.biz,6920356674879
Marisol,Gallardo,manueladame@puente.com,8206806983600
Elvira,Alvarado,ignaciomateo@yahoo.com,7295487727805
María Elena,Hernández,maria-cristinapartida@industrias.biz,4106459772657
Timoteo,Espino,isaacvillarreal@yahoo.com,1163505357026
Reina,Saldivar,mpadilla@hotmail.com,2870981920822
Karina,Sanches,citlali47@elizondo.com,6723552247101
Eugenio,Suárez,bmoya@hotmail.com,8204836299879
Ivonne,Vásquez,raul83@yahoo.com,1872026925632
Conchita,Laureano,avalle@esquibel.com,4817823925019
Yolanda,Lugo,daniela70@briseno-orosco.com,3935015782063
Vanesa,Contreras,lugogabriel@rojas-hernadez.com,4638646368857
Ana María,Orozco,irene79@garay.com,0762139537718
Oswaldo,Lovato,angela90@corporacin.com,9634487954967
Georgina,Lara,fabiola45@laboratorios.com,2532898211844
Hermelinda,Lebrón,estevezgilberto@trejo-lozano.com,1069579990211
Dulce María,Gracia,camarilloruby@yahoo.com,5572464629021
Mario,Salcido,fernando87@laboratorios.com,6210558496794
María Cristina,Treviño,ocanales@hotmail.com,6640121655479
Camila,Tello,rcuellar@grupo.info,6785569899685
Silvia,Escalante,manuelgaray@gmail.com,0661658119542
Oswaldo,Varela,mitzy90@industrias.biz,3401847337937
Lucas,Prieto,saucedaalfonso@pulido-escobedo.info,7648923587853
Manuel,Ramón,salcidoraul@gmail.com,0351508876347
María Eugenia,Feliciano,roldanmaximiliano@gmail.com,7590183291304
Óscar,Castañeda,elisavillanueva@gmail.com,1990558903774
Claudio,Rodríquez,navamarisela@gmail.com,3017873626666
Carolina,Amador,ilebron@arroyo-garibay.com,2620075806677
Gonzalo,Vera,carlos95@hotmail.com,2724392898805
Ivonne,Apodaca,marisela02@grupo.com,5217070299855
Ricardo,Mata,merazfelix@yahoo.com,1737117954698
Francisco,Tijerina,gacevedo@yahoo.com,3025806315716
Ricardo,Cardenas,gregorioortega@urena.info,0873033017586
Georgina,Cortés,ycardenas@laboratorios.com,1131526833603
Dulce,Ozuna,qsanabria@gmail.com,0784118012001
Arturo,Vargas,avilesmarisol@hotmail.com,0754346785611
Luis,Domínguez,inesbetancourt@espinoza.info,7328512706602
Daniel,Nava,oarmendariz@laboratorios.com,3476614102648
Fidel,Gamez,yabreu@duran.biz,0089986053485
Judith,Bonilla,omatos@hotmail.com,8218537707325
Virginia,Núñez,debora11@hotmail.com,1681683581163
Cornelio,Ortega,rorellana@yahoo.com,8889980080039
César,Casares,scarrillo@yahoo.com,3136563737724
Ángela,Esquibel,noelia86@yahoo.com,1036587865917
Delia,Vaca,salvadorcasillas@benitez.com,0038202231630
Vicente,Perea,aurelio40@yahoo.com,0594824953243
Ariadna,Acuña,mejiaivonne@hotmail.com,4906953375287
Oswaldo,Rojas,malaverosa@hotmail.com,1566987831793
Andrea,Villanueva,bernabe47@fernandez.com,1695391839803
Rocío,Navarrete,chapamaximiliano@florez.biz,4504347412063
Rocío,Toro,obotello@yahoo.com,7713052600955
Daniel,Collazo,colongeronimo@gmail.com,0733689944498
Héctor,Polanco,rosalia31@arroyo-sarabia.com,0988541996589
Adela,Ríos,fapodaca@corporacin.net,1788987393426
Bernabé,Díaz,pde-la-fuente@bermudez.com,9903798194827
Rosa,Gutiérrez,tomas83@yahoo.com,9397321188112
Emilia,Almanza,yuridiagurule@gmail.com,0521170843054
Ignacio,Nieves,jaramillobenito@hotmail.com,1136939760103
Noelia,Carmona,marco-antonio35@gmail.com,2158750152481
Benjamín,Lucero,esparta63@hotmail.com,7238178415706
Ruby,Pedroza,victoria04@hotmail.com,1084300749920
Arturo,Velázquez,qtovar@industrias.org,5647043066146
Rodrigo,Zamora,georginavergara@club.com,4139586691674
David,Garica,carlota77@proyectos.com,4560313299125
Ana,Orellana,rosalia99@gmail.com,7961987281801
Joaquín,Guevara,rivasnayeli@tejada.com,3499355144797
Irene,Velásquez,marioesquibel@yahoo.com,2095659077477
Reynaldo,Rosario,asuncion30@despacho.info,5671465400019
Rubén,Anguiano,de-andaclaudio@gmail.com,5233362651860
Carlota,Barela,casillascarlos@sanches.com,3001512561789
Virginia,Quintero,solizzacarias@quiroz.com,1684838892601
Diana,Cadena,maciasaraceli@ponce.biz,3492952810465
Serafín,Tamez,rzamora@roybal-sepulveda.com,6167110561417
Alfredo,Iglesias,alejandra30@vergara.org,0360258990410
Araceli,Olivárez,adanfuentes@yahoo.com,2027179985900
Marisela,Magaña,luciooswaldo@gmail.com,3407622772352
Gabriela,de Anda,florenciacintron@martinez.com,0365850443845
Tania,Tamez,valleantonia@yahoo.com,7012204260633
Elisa,Barragán,obriones@hotmail.com,1070927541314
Mauricio,Rendón,jorge-luis03@hotmail.com,3609816874166
Cristal,Macías,kmadrid@gmail.com,9085982362122
Bernabé,Almonte,olverafrancisco-javier@gmail.com,0944215894897
Amanda,Hinojosa,gabino88@proyectos.biz,2792075801408
Salma,Posada,jos49@club.com,1959184168597
Yolanda,Villegas,ruby65@grupo.info,0997431706615
Enrique,Guerrero,gabinopizarro@velez.org,0133157128291
Nancy,Jaimes,hernan08@hotmail.com,9153164622847
Gerónimo,Gaytán,teodorogalarza@yahoo.com,1170675277607
Natalia,Quintana,torrescatalina@yahoo.com,6819387675802
Martha,Ibarra,eugenio95@grupo.org,3109157849989
Aurora,Vallejo,harevalo@yahoo.com,5339340410759
Aldo,Delgado,patricio81@gmail.com,5139782385402
María,Patiño,lucas86@gmail.com,6993956029674
Zoé,Báez,wortiz@lebron.com,9874523101469
Yuridia,Aragón,elenabarrera@corporacin.net,8253982862456
Luisa,Murillo,ssolorzano@gmail.com,2217670744505
Serafín,Amador,villalpandosalma@yahoo.com,9385880091347
Rolando,Villalpando,arturo52@gmail.com,0017242006290
Óliver,Rosado,vcovarrubias@grupo.org,6035774997625
Liliana,Garza,luis18@hotmail.com,3539749984883
Fabiola,Toro,oliver92@duenas-duenas.com,7609476241848
Victoria,Salgado,bonillajorge@grupo.com,7972182343520
Asunción,Ybarra,bernabepulido@hotmail.com,8630032592137
Benjamín,Esquibel,bernabecano@santana-armenta.biz,0255662210939
Helena,Figueroa,harellano@club.com,3499911661271
Juan,Laboy,isaacmunguia@yahoo.com,3739617637726
Tomás,Castañeda,ricardo85@yahoo.com,5359853990586
Isabel,Ramos,camiladuenas@hotmail.com,3703753258887
Ruby,Mares,alfonso51@aguayo-corona.com,1697801241446
Nicolás,Fernández,martinesquibel@velez-godoy.com,7569117217204
Felix,Cervántez,ecintron@gmail.com,5944120089565
Clemente,Negrón,elvia13@villa.com,5764949685473
Irma,Tovar,luis-miguel27@gmail.com,3684393847641
Laura,Granados,dde-jesus@yahoo.com,8841460082992
Lourdes,Ureña,fpabon@yahoo.com,7812722808023
Carolina,Tijerina,fvaldez@corporacin.info,0009200313064
Itzel,Roldán,aguilerajudith@casares.com,8796912226782
Asunción,Barela,rodolfo08@yahoo.com,6552025853323
Margarita,Cabrera,scasares@yahoo.com,3780760354178
Elvira,Bonilla,hinojosapascual@gmail.com,8913493217466
José Emilio,Marrero,ricardotrevino@hotmail.com,3271381503432
Blanca,Solorzano,sisnerosangel@alvarado.org,6973757446646
Joaquín,Alejandro,rpantoja@camarillo.com,5581275660107
Oswaldo,Magaña,mauriciogaona@aguayo.com,3155647602953
Celia,Barajas,augustoleon@valles-ochoa.biz,9390618446340
Rafaél,Paredes,lorenzo91@hotmail.com,7540748830672
Guillermo,Moreno,jrosario@yahoo.com,8006717155663
Sofía,Gutiérrez,sgonzalez@club.biz,7516866409084
Jorge,Santillán,araceli67@hotmail.com,3923933220970
Ricardo,Serrato,miguel-angel38@quinones.info,0427965737196
Francisco,Reyes,arenascristal@yahoo.com,3656453411478
Jesús,Canales,arcelia17@hotmail.com,1036119018021
Blanca,Zapata,ctrevino@quintana.org,7669766876186
Lucas,Huerta,ybarradelia@laboratorios.net,6338925050981
Marco Antonio,de Jesús,pinedapascual@madera.biz,1514765146883
Frida,Bustamante,bnieves@gmail.com,9939472233103
María,Granado,pchacon@camacho.com,1295286534416
Soledad,Dueñas,ramirezsoledad@yahoo.com,6884026096224
Carlota,Granado,espinosapablo@industrias.biz,3533872114311
Irma,Soria,pcastellanos@perea.org,2830345545587
Aurora,Tórrez,alma82@corporacin.com,9061148157622
Aurelio,Ceballos,elenagranado@valverde.com,1044111056517
Alonso,Reyna,francisco-javierporras@solis.org,3836384895861
Espartaco,Iglesias,javieralba@hotmail.com,5794366181732
Dolores,Saavedra,cristinaalonso@delgadillo.biz,3369806653002
Jacobo,Alfaro,abrahamzamora@gmail.com,1481849472238
