Monto,Cantidad,ITBIS,Descuento
45073.65,10,457.9,330.64
1944.75,11,355.95,448.52
27824.77,4,991.74,247.34
11250.44,15,166.15,111.94
25071.85,7,721.78,77.68
32511.26,5,844.57,211.63
1818.06,4,67.93,285.67
33648.22,2,65.11,276.54
15240.07,10,550.3,100.6
32119.08,18,878.78,401.7
5310.47,17,205.15,328.0
35687.7,1,262.99,32.01
7962.28,12,501.36,72.2
23522.77,12,480.77,63.82
7905.98,2,921.22,117.41
15005.13,19,12.13,330.26
1311.07,5,929.38,338.4
24975.74,7,809.63,226.56
34306.95,10,224.44,350.29
27444.09,14,351.24,401.88
41247.77,17,865.49,230.56
43287.76,7,305.95,179.42
6808.05,12,183.05,321.12
34311.55,1,526.32,237.17
3366.01,15,570.89,456.5
36026.9,14,319.11,350.56
38064.29,6,34.83,142.37
18615.94,15,173.26,358.57
34682.07,7,425.81,212.33
42273.69,17,881.05,101.25
6738.77,4,487.1,284.85
28424.83,3,490.47,59.63
33317.9,10,446.45,128.09
3009.71,17,43.34,173.93
33730.11,8,365.96,212.85
31172.16,11,324.04,327.46
4143.34,14,976.5,37.59
24522.52,9,455.72,437.74
8684.15,16,707.83,151.9
27624.56,1,192.9,139.47
40121.36,4,795.61,197.94
35110.7,2,748.39,68.6
46035.7,12,258.81,18.51
19806.72,17,988.64,425.74
42161.21,5,672.7,212.83
15403.89,8,72.59,254.57
36954.65,7,233.02,198.16
45537.56,19,138.22,441.84
47425.15,11,212.61,129.42
31306.9,12,277.73,194.52
22965.89,10,332.6,58.39
41927.83,5,435.02,448.37
7223.58,19,822.58,404.28
26832.32,2,769.06,365.25
28753.07,1,235.76,122.21
39023.46,15,742.35,299.29
23847.03,16,761.49,259.7
22710.21,3,843.04,182.22
7791.44,13,263.22,194.81
48592.53,15,866.02,260.6
38674.96,12,286.3,85.62
44840.83,10,438.38,390.48
7247.29,17,707.29,53.23
38950.65,5,776.63,140.7
7896.59,13,62.74,320.07
6350.45,3,632.87,454.92
20493.45,8,74.51,122.57
29688.83,4,20.54,316.58
10387.0,2,773.16,222.9
10269.45,3,734.46,398.87
24608.18,1,797.23,27.06
17772.9,17,948.56,252.05
13903.9,19,182.98,165.25
8400.01,12,711.22,334.19
16322.66,13,504.17,51.61
30157.19,9,776.29,217.62
14055.45,19,456.73,3.0
13562.53,6,701.49,64.88
1116.0,14,933.44,158.68
8825.58,15,849.24,117.83
14709.52,17,575.34,108.17
33672.46,14,131.7,26.4
36054.69,11,340.77,347.17
45530.73,9,366.07,368.8
1891.6,7,64.47,219.12
49710.8,6,525.59,473.12
3843.68,16,668.83,387.35
6093.44,2,992.52,379.66
33661.92,1,695.7,114.11
42174.88,17,119.94,399.4
30785.23,13,558.56,395.72
15776.69,10,746.19,120.19
46957.18,7,572.03,207.9
22898.68,5,88.86,396.76
30905.82,10,79.95,317.76
32933.26,1,217.85,392.8
49033.11,8,188.68,358.31
43707.4,6,674.54,109.75
10889.09,2,93.96,241.7
12924.18,13,191.2,431.1
18767.2,5,151.89,447.35
24658.39,12,825.71,190.27
36949.98,15,732.45,72.94
45379.66,1,349.58,418.91
43161.93,1,534.93,453.28
36071.85,17,630.41,307.82
23992.77,13,312.72,465.04
23546.19,16,137.48,265.28
35799.2,7,28.13,157.82
49979.84,11,880.22,208.21
49010.83,13,925.86,209.47
13458.75,10,488.94,74.31
12725.98,9,56.69,360.72
2685.58,16,893.44,48.84
4979.94,6,458.94,249.8
16839.45,2,10.37,328.68
47324.92,12,677.7,115.82
27337.41,14,499.59,196.73
43415.28,12,153.96,471.96
30316.65,1,599.84,134.75
36421.72,17,869.98,72.13
10889.05,16,782.87,144.48
19400.13,12,78.79,153.06
7683.25,7,550.73,1.74
9700.15,5,177.42,126.36
36222.19,13,684.65,235.23
9017.72,1,651.18,285.26
3929.01,14,365.86,59.24
49995.75,15,588.61,121.08
12617.59,2,174.34,494.46
10842.38,6,166.04,212.51
36212.04,4,45.56,148.44
25325.76,18,344.16,306.13
19593.91,2,973.9,62.19
11147.21,5,198.42,238.09
41657.11,7,449.11,174.02
36594.99,19,729.08,457.11
42189.18,12,337.06,453.53
47905.76,13,600.88,388.71
32702.14,4,135.69,12.82
37742.21,13,983.12,308.46
10813.82,17,891.3,466.06
1492.87,9,150.42,465.84
23351.85,18,461.71,447.81
48724.65,14,805.41,465.72
37790.59,14,709.2,454.02
43748.52,11,785.46,458.2
23466.33,2,268.19,318.4
43277.73,16,871.66,70.17
48568.23,3,22.14,260.72
40108.54,18,531.51,308.59
34510.67,3,845.2,74.9
21247.83,14,887.13,193.98
26928.46,10,519.16,341.47
30854.77,13,209.79,246.07
25476.76,12,652.41,121.63
27948.39,7,565.43,253.58
45630.2,4,898.66,465.53
2897.41,7,138.87,482.38
21483.18,4,282.45,333.87
337.37,8,233.79,56.1
12340.31,3,968.39,261.69
15157.18,6,784.95,410.98
6892.61,2,562.93,466.88
23598.11,19,617.85,165.9
45593.82,13,481.14,243.12
46718.71,2,981.92,355.06
43233.39,16,29.23,207.12
2025.86,4,93.92,51.33
35929.32,11,870.37,191.64
20924.7,14,978.87,447.49
34840.61,9,991.08,160.18
3803.85,9,141.96,147.14
44185.6,15,576.51,93.03
44579.33,12,319.77,462.91
33510.21,17,406.89,109.7
33572.56,1,696.7,258.27
33014.6,19,228.84,292.84
21490.98,8,800.73,172.92
16278.79,17,877.89,452.73
20366.63,11,447.89,114.95
38184.17,9,665.29,287.9
512.52,18,378.03,180.73
1137.35,5,23.07,438.42
48392.07,17,758.52,35.42
33540.52,16,155.33,488.35
6905.7,15,399.37,51.15
149.11,1,471.85,93.44
21613.94,16,83.42,417.83
43236.97,10,235.19,199.73
33585.85,1,204.29,377.85
31750.08,13,669.38,491.75
32285.62,16,697.96,447.14
21569.22,15,956.52,284.59
7161.99,17,882.88,196.03
43740.24,5,462.49,314.55
8994.71,4,45.77,142.13
31500.04,3,379.38,18.49
15370.85,9,674.73,50.99
37220.24,5,497.6,235.83
27915.52,11,669.95,367.81
32078.61,9,415.19,175.22
22871.72,8,357.91,352.25
29089.49,16,844.79,212.11
3763.07,6,903.61,359.86
19490.69,1,937.49,69.54
48125.49,17,757.12,191.15
26044.81,19,379.39,347.21
16429.52,10,480.51,250.12
37032.94,3,499.65,188.24
38121.23,5,305.85,431.54
29151.84,15,412.03,27.17
39446.47,18,964.4,422.79
1597.92,18,478.36,134.18
26726.84,18,692.71,86.48
43454.13,6,180.97,330.69
6976.87,7,50.27,483.4
39927.87,18,862.56,393.06
34531.24,9,113.23,256.18
33543.12,18,653.94,210.93
37372.94,11,74.65,99.96
40913.66,4,768.08,68.13
30268.44,3,637.49,198.03
14686.78,6,916.95,410.6
3255.52,10,990.29,324.89
11715.95,2,911.93,204.56
18268.81,12,300.91,166.44
28381.72,7,895.97,352.21
33337.55,3,31.89,245.54
47746.6,11,807.12,107.32
26709.76,6,467.36,201.42
8797.82,8,588.64,433.15
441.0,19,41.49,213.7
17233.88,12,176.04,311.53
11943.0,13,176.92,353.48
31425.61,4,199.82,394.36
40321.76,1,985.15,210.49
48794.6,16,198.4,456.27
25888.3,13,236.65,347.28
6252.05,3,970.79,302.7
33431.45,2,217.2,213.97
40986.47,15,294.72,150.19
34506.05,14,674.87,196.73
16789.36,16,430.59,201.34
4555.31,14,153.27,467.31
25250.03,16,619.0,73.62
37425.12,9,773.4,4.57
47788.35,10,512.65,185.96
8139.95,16,635.22,388.58
2568.33,10,201.91,408.97
44471.21,5,496.55,91.75
15893.02,9,471.38,396.01
25854.86,16,982.18,65.89
39731.97,16,727.54,290.79
2341.36,2,481.67,299.54
42630.58,7,940.71,32.12
37207.59,16,382.45,399.2
32461.35,9,265.34,107.07
44421.23,17,546.3,203.01
28314.11,4,505.01,297.11
4876.82,4,832.56,214.73
6981.93,15,46.29,166.06
19193.18,10,990.18,229.39
27434.72,7,581.28,255.5
45015.85,3,905.87,398.07
31191.01,6,87.84,348.11
4210.05,4,973.13,325.38
31965.06,4,331.21,497.36
43376.53,8,996.01,113.69
24353.7,13,179.28,150.86
8496.59,6,696.63,111.67
22161.85,3,54.76,143.17
28877.47,2,40.67,469.1
19600.52,13,133.18,446.24
19065.96,9,425.66,318.59
22857.77,13,300.77,452.86
45132.67,17,798.25,310.91
16326.9,17,577.98,148.29
23758.73,3,73.96,134.12
19782.28,7,591.81,386.67
11048.38,1,853.11,481.36
22546.51,9,674.31,242.27
41596.66,7,583.52,476.23
5274.0,14,428.77,295.24
19339.44,7,750.87,462.58
12177.07,19,641.95,232.24
47874.56,3,145.68,179.3
23295.5,1,722.79,58.94
29578.13,3,963.21,7.75
34115.28,7,261.98,96.67
27283.69,2,791.71,475.6
36683.24,17,883.2,388.22
13575.19,17,877.72,90.44
37823.76,19,747.6,345.55
26896.25,12,558.93,261.72
29937.68,12,667.43,365.03
2626.02,14,558.53,84.84
47078.43,4,57.18,341.57
2286.74,19,644.17,491.17
29769.11,10,343.48,80.08
4208.26,15,434.29,135.43
36334.13,4,768.18,174.2
24476.23,11,653.69,344.76
37203.22,18,335.55,33.12
8940.04,4,448.33,492.69
46959.42,16,484.42,174.58
17579.47,10,509.53,444.34
28346.32,8,777.66,485.58
4572.4,15,982.71,89.03
19176.1,10,489.39,249.16
32318.04,12,79.4,238.55
48431.69,13,635.24,295.91
20700.79,9,899.98,296.36
29274.63,14,817.86,304.28
34096.07,4,519.79,265.64
49813.93,8,752.6,24.82
2673.0,3,925.41,257.22
34239.62,5,36.94,372.45
14546.82,14,185.0,169.91
49556.2,8,67.87,15.23
7283.52,1,983.85,252.72
37377.39,13,632.55,401.19
31289.18,10,769.79,278.18
30038.49,18,213.77,429.43
21561.7,18,920.13,369.67
6185.23,7,909.74,98.8
28271.22,1,203.47,471.61
17335.67,17,684.65,49.76
32355.25,11,155.96,0.96
214.83,3,877.4,375.29
11404.88,10,212.8,477.28
26091.46,15,327.43,322.75
7239.19,18,857.62,453.03
34561.51,16,627.58,274.2
46725.79,4,33.51,220.4
30676.6,4,984.84,429.33
20852.02,1,569.45,70.83
39768.49,11,119.82,206.34
14260.88,3,82.26,469.24
22429.62,9,147.09,12.76
34301.52,16,277.38,449.43
17464.43,5,452.71,439.95
2406.66,19,797.03,209.83
37231.41,19,653.05,470.73
38249.14,14,937.69,345.42
36430.91,4,539.09,190.66
247.25,18,986.15,305.48
43009.12,11,96.42,116.24
926.89,11,868.79,179.99
28513.63,19,303.38,146.59
49400.08,15,912.8,164.42
48070.42,7,857.1,313.76
2334.55,8,407.55,450.15
11124.92,1,925.5,252.37
13048.76,18,916.58,157.61
22459.87,6,292.15,457.2
29579.67,7,575.69,412.26
7169.16,10,774.24,183.62
10586.66,9,581.52,435.73
6106.42,15,19.93,448.73
23719.86,1,997.28,347.34
1548.14,15,665.45,229.36
20559.38,3,514.71,146.44
4779.55,4,179.92,417.33
38013.97,17,29.47,174.18
44905.5,7,937.0,462.28
30100.92,9,487.1,235.41
39284.5,7,337.82,85.37
6111.91,12,324.91,463.03
33509.5,4,839.73,318.48
35492.44,17,638.12,215.07
21000.71,1,611.47,400.54
33426.13,7,753.87,439.31
33688.38,17,176.6,200.45
1859.58,9,295.64,29.11
1205.68,3,884.0,283.95
22047.69,19,906.05,325.76
40795.36,6,641.84,254.39
19307.33,15,395.21,52.77
25380.52,10,665.1,372.47
17260.93,14,637.63,322.53
17842.1,17,373.31,172.35
7204.13,11,586.25,498.61
2633.44,4,259.39,364.93
13088.54,13,998.43,19.07
49283.99,9,671.32,432.55
5483.95,11,638.47,477.96
16759.39,5,16.88,146.62
34136.44,9,861.63,278.28
2118.04,11,190.58,83.91
9497.38,16,795.87,455.38
25697.76,9,233.02,248.13
11289.91,10,431.09,387.59
2441.95,14,768.06,76.86
41242.73,15,922.39,93.21
14607.75,1,884.15,290.76
42321.33,13,451.18,150.11
48413.94,9,142.23,463.38
29624.7,8,22.29,448.99
14347.45,14,900.3,331.39
21799.9,11,239.32,189.73
41800.65,3,440.01,392.19
11129.8,3,909.07,210.09
30889.96,7,639.96,242.03
11408.83,9,86.98,212.2
31700.61,7,699.93,328.76
16917.63,6,481.07,147.99
25824.68,19,801.85,91.99
2899.66,6,458.87,139.17
19581.03,11,477.81,49.97
48617.2,11,36.48,205.25
807.52,15,443.7,498.22
36824.16,19,242.56,252.23
22986.48,3,750.05,55.03
15307.95,7,355.71,469.17
15164.44,8,406.34,255.64
9298.46,19,39.77,71.85
34430.89,18,409.37,60.91
21676.41,14,260.43,166.07
49144.73,7,161.76,334.63
12394.35,3,501.97,304.37
14447.47,2,944.38,81.14
13285.84,12,501.76,348.38
14517.39,10,608.57,145.05
11866.54,18,819.62,420.26
9761.84,18,572.54,157.59
47109.65,18,775.87,365.75
47380.7,4,127.55,478.59
2475.65,2,87.72,249.32
4732.08,4,210.7,157.7
22417.18,12,97.3,275.9
44501.17,5,794.27,166.41
37293.87,11,729.28,171.01
7433.78,12,429.41,308.67
30560.51,17,96.61,470.71
32005.46,15,763.37,492.24
37884.91,14,560.35,443.9
43867.92,10,593.32,279.21
30327.07,16,328.06,61.04
20570.29,18,132.08,24.22
19776.36,18,760.45,174.31
7912.28,5,853.03,84.91
31436.83,18,763.02,238.27
20303.45,1,349.23,397.53
14929.74,6,978.69,397.95
34596.61,17,786.17,464.21
8015.4,14,713.45,153.0
21501.0,2,118.14,68.7
25709.75,11,136.12,307.1
13809.01,16,402.6,158.31
8689.65,8,141.83,438.45
23320.89,8,346.84,499.15
12158.17,15,283.7,21.14
28415.48,16,296.56,267.88
44382.1,8,871.82,400.81
8141.09,14,756.09,183.46
17000.7,19,508.48,66.04
36000.65,5,997.61,46.63
11599.44,16,138.7,295.27
18915.89,13,275.13,226.06
12554.14,12,945.28,25.92
32674.1,16,239.72,254.18
19590.3,18,43.86,326.27
4878.93,13,408.25,10.38
26358.15,19,722.95,79.63
44883.95,15,783.8,261.57
49952.86,15,567.4,127.31
5925.73,7,202.07,160.7
34602.72,15,734.45,361.08
27799.21,1,241.45,460.01
3023.73,1,481.07,113.83
45062.2,11,576.86,475.0
31589.85,7,720.59,115.89
46229.56,10,435.76,466.27
8131.99,6,189.67,488.95
27397.45,17,851.1,465.04
36667.28,1,912.1,11.69
48013.68,18,967.27,220.27
27179.47,3,920.0,275.16
15048.09,13,549.77,370.5
11387.25,2,110.42,418.09
27523.85,16,770.52,376.09
37024.51,13,300.63,314.69
42279.49,13,713.72,226.39
40764.26,11,863.84,274.65
46336.16,6,440.4,128.3
45082.95,18,70.73,116.08
14093.92,14,511.74,130.55
24886.7,17,350.99,130.42
29423.85,2,695.29,116.97
37374.58,10,208.01,18.3
8055.86,2,334.78,340.97
42562.8,2,672.25,253.59
41472.65,10,71.86,433.28
10504.32,8,85.35,130.82
44893.73,18,28.9,102.12
38374.48,8,636.92,201.02
39374.25,1,232.1,23.81
46868.76,10,451.09,11.09
48573.68,7,700.42,72.31
28142.97,7,70.59,467.15
39956.81,17,821.58,211.91
7670.28,2,500.45,391.62
11200.42,4,41.88,415.89
19864.46,19,485.05,114.98
28708.27,1,983.89,106.59
43897.65,5,406.13,206.51
44130.91,5,152.5,6.42
13449.01,6,637.65,322.48
13992.61,12,589.6,152.41
30424.09,11,793.28,406.84
18291.64,9,421.35,407.44
14933.15,12,230.13,66.62
27859.94,17,888.62,312.65
7987.42,1,792.49,272.57
1703.17,4,655.23,359.27
43723.61,13,497.42,363.76
41614.55,19,690.83,311.72
36570.67,15,420.07,29.69
32437.46,4,844.51,432.06
23275.25,19,57.06,232.64
40280.6,8,831.09,93.75
47005.44,14,634.15,104.1
39152.25,3,409.02,8.26
6914.84,11,559.53,395.55
39174.19,19,46.76,352.1
15878.07,11,553.35,173.78
41947.8,5,939.99,219.74
47921.77,7,426.65,454.67
38626.48,2,405.75,238.59
47503.4,3,821.3,89.35
39075.67,16,592.93,343.65
19842.52,8,285.66,357.04
20405.62,10,173.57,108.49
27282.19,7,429.15,375.87
27423.35,1,575.09,343.1
39156.12,13,61.91,63.73
19888.91,1,238.75,201.05
40409.09,11,399.41,117.35
39622.17,11,379.53,424.65
34463.19,5,912.93,86.28
23247.96,12,752.86,161.46
40022.79,19,745.44,34.32
13894.28,17,849.68,295.39
47551.98,6,334.4,239.96
1033.13,4,981.63,238.29
30267.55,13,811.05,452.1
38538.04,13,125.28,10.32
47648.54,3,942.56,54.94
26683.32,1,170.17,168.48
36372.4,14,451.91,179.66
26761.15,17,466.51,99.9
1655.54,7,810.38,132.75
5353.34,2,937.14,176.86
45044.36,10,811.59,151.85
38303.88,18,396.33,426.83
46639.17,8,521.9,83.65
20920.39,15,589.76,457.68
34043.75,7,25.86,478.43
28026.39,7,440.24,328.99
12171.74,9,27.93,348.38
20285.94,8,273.75,154.94
18883.44,12,895.85,452.96
982.38,4,88.4,44.89
43121.99,13,294.64,47.51
33989.71,3,13.76,53.86
213.78,16,70.3,139.83
24572.38,14,942.4,125.37
32095.35,12,890.27,396.51
45237.19,9,426.9,374.94
1636.26,3,529.21,72.83
34271.91,9,745.42,0.43
26553.14,13,749.84,183.07
16332.58,10,948.96,365.65
25421.52,7,478.09,335.75
41752.46,2,341.69,428.72
29790.88,11,759.03,412.54
44038.35,10,884.83,115.34
16081.41,18,173.39,353.01
15112.03,17,62.48,166.5
35251.22,5,745.46,309.44
35098.18,9,506.07,454.09
40514.84,13,898.17,250.87
20463.04,13,933.94,415.18
9620.59,8,473.52,242.29
5787.59,2,63.41,111.73
487.17,1,253.99,253.96
41691.21,19,813.57,13.97
15465.06,7,252.7,66.78
14594.95,7,892.24,244.96
1048.51,19,698.74,326.6
8692.67,6,476.19,436.29
14925.53,7,47.0,461.92
7624.64,8,657.54,270.87
49845.23,12,57.71,24.98
26506.65,2,672.63,315.47
45655.29,12,635.77,129.97
16398.6,11,642.27,1.37
10233.34,6,945.03,441.51
6352.78,4,223.98,310.52
40022.03,12,227.59,339.97
18953.3,18,513.31,370.95
21598.42,10,266.23,49.46
12475.82,8,549.43,351.54
20365.27,10,456.32,219.21
28814.79,17,165.38,1.48
35139.56,13,824.92,5.17
9056.76,2,190.25,492.04
7020.56,11,928.27,55.49
29164.46,5,320.87,260.08
8385.6,18,884.59,362.88
40804.38,10,658.93,311.77
16359.54,5,356.04,184.01
42050.86,18,296.18,171.73
3404.9,10,359.67,378.92
28359.31,14,394.28,182.04
36082.72,19,929.6,245.55
17689.48,18,586.06,293.21
41492.65,14,343.26,18.7
37987.25,16,167.4,189.59
11907.59,16,897.25,177.92
2081.9,16,26.37,350.7
16197.27,6,27.69,438.57
15651.8,5,53.87,109.49
10597.52,10,473.85,81.44
47876.71,14,534.36,108.59
5485.37,13,85.02,392.48
33493.12,1,309.51,280.34
36044.38,18,635.22,28.03
47180.2,4,63.62,5.2
20812.18,14,695.53,162.56
47636.2,11,114.25,176.2
46932.12,19,290.96,126.5
49872.16,14,72.15,86.39
8599.27,18,33.18,361.76
10835.95,1,149.4,268.11
9759.16,18,632.05,149.7
45178.43,16,720.61,219.47
30897.27,15,426.13,192.05
39621.67,7,665.43,423.64
46713.8,15,35.33,418.02
126.19,19,548.33,1.77
33242.96,10,766.89,371.58
19255.72,18,865.77,264.12
40030.95,19,524.42,428.08
22900.14,6,189.55,325.83
30733.25,19,745.29,278.16
8577.76,5,994.57,214.64
31427.05,3,950.16,181.87
10173.37,3,38.86,389.53
20882.4,6,329.65,46.74
46670.86,12,646.78,428.72
7451.81,17,663.05,205.61
34241.88,9,942.46,331.35
24308.45,16,580.96,478.54
1357.84,13,280.32,89.67
11108.95,17,709.72,80.64
36014.13,14,325.55,87.29
17136.21,1,906.56,112.49
36159.2,10,479.14,162.95
19816.44,1,611.05,6.71
2236.09,5,646.14,230.8
4988.13,17,356.79,2.82
43808.8,8,661.35,377.89
39674.19,2,889.84,20.05
11579.12,15,154.94,448.48
14402.01,8,226.65,457.54
15551.79,11,872.12,337.43
38624.3,7,928.85,157.32
35697.33,13,362.23,197.18
9440.59,3,382.4,461.62
23840.31,10,186.6,439.85
15588.04,17,356.53,312.38
800.98,6,327.79,338.85
9869.83,16,937.66,131.96
30151.88,6,628.28,181.85
48764.9,14,183.9,46.55
3714.58,16,507.14,397.36
3979.51,2,848.95,115.14
4811.46,2,606.88,336.1
19848.14,19,74.81,204.64
27129.96,13,690.82,411.3
11690.66,5,245.39,178.24
13470.58,19,151.66,181.88
43366.0,13,719.2,211.6
32203.39,9,814.0,441.96
46652.77,6,954.63,34.32
48223.25,8,181.33,450.28
4966.86,14,560.37,281.47
37277.06,1,173.5,318.49
9769.19,12,905.2,307.57
15565.64,19,898.6,392.49
3008.96,5,300.11,190.71
21879.48,6,605.9,426.96
24564.27,14,440.27,206.69
44838.84,10,168.74,200.72
17478.87,14,229.58,229.33
277.79,10,28.4,273.54
47963.47,7,419.95,426.44
48008.8,7,496.17,346.03
36803.73,12,350.08,158.63
42157.16,3,236.33,490.72
46244.63,6,343.19,193.25
49730.28,6,938.52,419.54
17598.97,18,429.53,189.99
7751.37,15,130.35,58.58
732.83,8,505.67,269.11
39574.55,15,697.11,319.39
1695.14,11,691.12,405.12
49418.29,15,352.69,163.49
29958.74,2,932.6,370.6
16527.67,15,235.74,309.15
33474.27,19,569.16,314.85
2072.53,8,850.07,240.05
15393.74,5,316.74,368.62
20875.71,6,879.94,477.47
8910.09,4,486.32,231.14
40565.79,1,163.97,463.39
41368.57,14,735.02,299.76
35838.96,2,113.69,175.02
39127.47,17,76.07,35.55
36360.39,11,822.4,349.13
8329.7,1,930.61,368.78
11685.06,13,930.18,326.88
37257.01,6,769.84,100.79
39571.45,2,138.55,143.85
26223.0,18,188.2,464.98
39222.71,7,316.99,437.19
33825.26,6,453.3,233.64
34301.39,18,736.03,188.77
48415.22,5,687.86,90.0
10645.03,2,56.26,252.7
12838.66,2,664.67,133.07
7986.89,1,302.03,452.14
47908.93,15,648.21,384.49
6821.2,9,582.58,210.4
22716.81,13,481.45,338.21
19256.39,18,990.17,138.64
28160.37,2,525.9,239.7
4113.6,18,188.78,283.79
14006.09,19,544.93,176.16
48723.82,7,823.5,147.16
42565.61,17,901.7,463.94
6688.77,3,675.32,29.55
16916.17,2,531.78,112.26
31475.77,13,951.13,321.61
20478.19,18,955.61,234.25
26789.14,19,631.76,218.09
1972.53,7,718.84,147.79
5900.42,9,394.78,315.72
32433.07,13,620.98,13.42
5044.96,8,289.4,467.74
44157.87,14,276.52,246.91
17779.49,13,61.66,367.19
33454.95,11,447.27,497.79
18069.28,19,643.75,72.69
11012.56,7,973.18,473.35
36816.87,14,684.03,258.96
40606.2,15,695.17,435.98
39436.99,4,615.77,6.34
24720.22,6,987.09,387.58
3458.88,11,826.39,475.23
25983.02,12,177.59,20.55
41721.12,3,72.04,33.31
12043.21,17,312.02,495.09
29729.65,2,100.55,333.86
30941.94,10,479.33,405.41
23762.02,4,693.07,277.8
45655.63,10,228.4,181.21
5263.9,16,525.61,245.57
42204.1,7,544.82,40.8
22558.71,8,37.25,83.11
7764.95,2,299.37,423.69
33314.0,13,250.32,196.17
3786.97,17,47.38,392.85
14729.13,15,309.32,96.71
28912.31,14,655.16,39.71
33814.89,18,423.37,207.09
22069.42,1,625.94,13.86
38157.88,10,57.14,320.02
26311.47,11,391.68,247.94
40764.15,13,458.7,414.93
27827.45,6,580.47,181.84
537.66,12,174.26,349.87
22150.2,12,455.46,13.02
35960.06,2,53.74,383.5
30593.35,11,722.06,21.51
27671.42,17,47.11,118.5
13176.06,3,869.32,342.31
13656.8,8,608.77,349.31
17088.1,18,95.66,400.31
10757.12,3,717.73,52.37
49888.24,9,101.65,395.35
28591.04,5,976.8,400.3
15400.94,7,387.21,245.97
35357.06,15,622.25,107.4
5720.62,3,483.82,89.84
36940.58,5,930.36,127.84
29370.31,5,359.84,342.51
8183.04,18,412.33,140.25
39484.04,4,263.73,236.46
40085.5,12,976.06,402.18
43472.01,11,770.26,403.21
14799.55,18,628.57,478.77
34253.15,2,411.91,150.2
19369.19,15,362.64,413.81
18032.84,16,470.74,418.99
9953.48,19,557.9,449.63
37435.81,3,709.26,57.9
5096.99,10,182.23,469.22
36782.1,18,579.17,136.73
36029.31,2,635.95,265.1
34622.39,2,968.58,190.34
48585.22,8,44.37,289.9
36100.05,16,286.06,189.45
6385.32,16,612.57,158.96
28305.97,10,294.25,13.34
13243.23,1,471.19,228.6
44136.89,3,917.73,228.06
49507.25,7,837.16,68.54
5411.18,6,703.16,168.15
3300.92,10,204.23,358.32
20563.24,15,545.28,6.81
25230.61,1,539.63,282.86
39852.84,3,399.36,235.43
20804.06,2,763.23,216.37
15621.66,19,38.37,172.69
23913.37,10,392.99,76.41
38144.16,14,80.82,428.86
2779.4,8,309.06,364.28
23777.2,14,356.86,470.24
16852.05,15,274.88,163.74
32511.73,12,722.04,219.36
37244.87,3,248.34,425.93
27213.14,2,923.81,169.18
48530.35,13,525.67,464.94
32646.99,6,574.86,40.56
37359.49,8,674.4,212.31
18899.37,3,294.94,26.16
5106.0,15,410.42,197.24
29802.17,5,695.42,340.06
40177.42,3,897.78,17.54
7939.62,10,103.54,324.1
45913.97,15,469.18,39.22
42084.73,3,687.86,466.27
35112.17,11,173.54,30.08
433.7,7,823.85,120.45
8407.38,12,590.41,195.52
9946.67,13,856.27,386.95
41926.57,8,696.35,486.71
45716.41,15,470.15,101.83
7883.9,14,159.19,215.66
14690.0,4,120.83,482.28
23489.63,17,567.23,165.25
18958.36,19,425.19,341.61
14187.03,12,328.57,351.49
28035.12,17,734.62,122.53
24172.81,5,62.76,174.01
34807.2,19,93.4,139.19
641.5,12,820.73,324.21
14995.57,16,279.49,60.35
15439.5,4,696.13,430.43
6894.77,10,829.74,235.13
39698.91,6,394.85,156.82
33358.26,17,645.75,346.58
47141.2,12,685.01,139.17
17355.08,9,735.22,0.83
18407.18,17,859.5,190.64
29339.19,16,97.53,332.53
13804.82,9,782.77,18.2
24377.73,17,422.95,494.49
7620.14,5,546.58,328.64
24642.45,10,900.09,405.54
36226.4,13,643.86,348.99
35653.42,6,260.73,423.11
360.13,10,399.68,323.71
32240.83,7,299.44,490.27
24918.51,19,950.18,485.81
26641.31,10,707.94,265.13
32725.85,12,603.73,412.27
6614.79,9,410.51,147.69
10108.46,17,115.8,311.64
8461.15,16,639.87,101.24
48703.36,3,985.43,108.18
32479.81,11,581.78,177.92
36527.66,10,983.53,331.31
18484.81,14,651.45,323.99
23882.84,7,649.1,151.49
14488.16,10,190.32,408.61
37157.51,7,519.51,332.27
28245.95,3,565.02,449.96
17966.77,11,659.19,154.49
17318.19,17,839.6,147.71
47901.15,7,846.74,92.43
1273.28,4,987.6,295.62
22892.03,12,674.54,418.83
3320.97,17,943.66,233.97
27652.83,12,469.48,399.26
8177.38,8,759.13,198.53
36868.44,16,529.81,217.44
31627.91,14,112.3,36.94
6853.92,14,209.45,284.08
31370.81,4,775.03,466.25
34200.83,10,515.35,472.94
4571.37,1,882.39,30.77
1844.79,6,310.66,480.87
10546.08,8,40.45,5.96
43239.22,14,652.87,151.03
23917.26,1,557.37,271.62
2060.17,15,355.71,445.68
8842.79,11,818.1,267.72
15327.67,13,421.1,472.28
21262.14,19,473.41,56.97
36959.48,1,594.57,381.41
30708.51,5,85.47,344.25
44225.97,19,429.25,119.56
36056.1,16,150.24,233.99
41219.52,18,291.42,19.28
7806.25,10,954.38,269.39
16589.21,2,862.83,93.55
40477.46,1,365.66,212.73
34905.99,3,330.99,330.11
24486.46,15,170.71,121.13
48145.55,3,725.22,243.31
22974.46,13,89.43,452.78
8705.82,5,679.38,51.78
18908.21,16,634.19,101.64
28535.11,7,380.27,312.62
15881.21,19,418.72,33.03
25156.43,6,339.24,400.59
33113.83,14,53.2,216.65
6274.9,17,805.91,476.97
42308.19,3,14.66,267.09
34326.78,17,236.03,369.83
26103.44,7,716.52,115.67
2915.4,8,11.77,183.91
47800.11,9,913.33,463.68
7485.61,18,430.05,7.83
4013.36,14,414.39,36.02
44665.5,6,513.9,303.53
15807.42,14,663.51,215.95
29197.57,6,808.71,253.93
13200.41,6,834.44,202.04
47429.74,18,401.67,159.32
3942.22,6,519.16,117.7
37349.65,7,894.18,152.26
4725.38,5,986.46,265.21
40068.64,9,481.24,355.27
14894.48,10,778.22,362.64
27334.56,15,955.24,496.89
33512.18,4,294.77,377.65
6688.66,3,683.83,170.33
12473.89,11,563.36,235.68
43479.32,7,972.63,305.01
7511.75,19,298.12,227.22
23970.89,2,88.04,295.3
14133.66,19,600.09,279.97
9087.49,15,151.44,231.61
20713.11,4,432.98,188.83
45252.84,11,993.77,479.66
11063.51,14,13.85,383.41
47028.32,6,406.06,449.32
8594.32,16,539.82,294.23
36535.94,9,881.95,116.42
23951.36,2,925.59,309.96
4737.29,11,380.6,37.32
18072.71,13,348.63,80.16
5757.89,9,498.74,133.52
15953.41,15,279.15,393.08
25126.93,1,411.44,359.27
1851.74,17,451.14,12.99
16449.73,17,373.99,352.41
13912.06,3,622.68,488.01
35283.64,19,179.42,463.04
13072.84,18,59.24,155.97
38529.95,8,726.88,487.04
47373.45,15,619.48,128.75
23802.94,18,55.49,404.1
35663.58,12,207.79,83.11
22471.0,11,976.31,438.95
8437.29,4,237.5,277.95
38199.52,18,227.75,356.07
45330.22,12,217.1,460.82
46218.67,2,98.83,315.43
17436.92,5,855.87,96.96
27729.21,15,589.19,25.13
3694.9,12,501.12,87.22
38565.3,12,950.13,112.32
4204.17,11,489.32,430.06
9826.43,7,633.02,4.65
16794.74,2,161.33,26.69
28029.61,18,56.4,100.83
17094.71,18,710.16,247.29
37408.21,2,216.3,484.92
17875.78,15,520.51,265.25
14213.46,19,911.41,380.41
30495.26,9,420.75,475.81
1023.86,5,687.76,392.0
14657.13,19,902.77,15.63
28200.87,17,814.84,135.78
2560.94,7,938.17,74.68
48168.63,1,175.73,249.78
8801.86,13,655.93,47.41
21032.37,13,670.31,498.49
26591.81,4,192.27,180.92
8617.52,7,851.7,356.0
14434.99,5,243.87,28.04
32927.18,1,194.52,293.26
15612.98,4,470.61,366.73
20733.57,4,387.34,324.41
24251.64,13,359.91,92.96
38038.99,10,690.27,49.27
46735.73,5,489.47,249.96
27977.5,12,30.12,1.57
39494.69,6,550.54,166.62
19164.37,9,481.35,262.91
45133.71,17,967.62,305.16
27867.05,13,862.32,74.22
47867.58,19,747.21,114.01
39555.06,8,471.4,153.18
14945.29,4,844.53,288.57
44080.98,3,663.84,256.66
18387.8,19,731.42,421.7
26284.81,17,329.14,352.87
49863.5,8,82.39,422.89
9523.31,13,99.42,123.35
49580.71,18,957.13,291.45
23476.62,17,954.01,47.24
19042.47,14,822.11,35.46
37809.13,18,13.94,32.54
35302.18,18,609.66,209.26
43416.66,13,943.83,468.1
30846.79,5,233.09,489.05
19106.21,7,880.22,302.32
28567.51,10,19.85,444.87
24827.5,13,66.83,447.17
22232.3,11,804.03,66.59
39591.5,10,488.92,368.19
7941.97,14,542.03,288.07
25322.38,11,667.42,274.37
23515.64,9,644.82,202.67
33971.0,16,275.46,323.41
38510.31,10,547.61,171.81
33645.45,9,80.2,224.07
47345.05,16,413.34,182.95
5961.73,3,970.54,337.46
25465.99,5,562.45,368.23
13443.24,13,257.86,490.29
15364.4,5,805.81,268.32
2591.15,19,974.97,134.37
10087.76,8,620.36,414.14
14322.21,1,733.43,131.4
25298.28,3,941.94,124.1
47672.68,13,673.8,489.58
20754.84,4,658.47,183.47
4063.36,12,220.96,489.49
5168.19,8,220.71,196.74
35214.48,16,451.39,197.0
41408.99,1,146.77,441.98
47492.03,6,130.85,408.45
1927.77,10,92.06,185.02
35632.03,4,376.07,82.59
37954.35,18,493.94,57.68
4611.48,18,318.08,357.47
28372.39,17,219.57,66.33
33838.23,9,501.19,67.66
21265.06,7,718.35,294.32
40330.71,5,156.62,494.78
34422.47,4,217.64,111.84
48445.57,13,233.97,379.53
2868.16,19,64.72,474.2
40800.22,8,39.98,131.41
15731.12,9,664.98,371.64
49900.62,13,52.38,402.8
40164.1,11,120.9,454.1
30662.99,11,131.81,86.3
28000.73,10,353.26,343.43
32264.63,15,957.26,210.13
9480.25,7,453.57,28.88
32123.35,2,545.21,146.06
13995.21,19,420.32,51.53
41700.65,8,985.03,438.91
18890.23,1,47.59,62.46
7772.31,14,601.95,476.68
5737.12,7,460.26,386.75
28752.34,2,486.69,405.33
6704.61,9,677.27,380.29
29405.44,5,288.4,276.02
30659.19,3,937.57,60.12
24802.87,10,596.19,490.29
43278.65,10,60.78,209.89
21971.36,5,166.36,463.6
14381.95,16,806.09,362.4
25243.52,11,243.3,82.88
49501.04,14,918.48,38.92
18794.27,12,927.99,340.78
20842.15,7,347.05,254.14
5425.27,11,111.32,21.41
8493.11,8,748.87,288.68
24148.48,4,704.43,301.36
11734.27,10,614.77,87.46
32147.01,1,590.1,228.25
17580.67,14,298.52,422.03
34360.43,4,768.59,307.18
27776.38,6,961.69,334.85
3617.88,17,475.26,57.01
19155.24,8,594.45,458.15
44721.0,8,818.13,278.48
13070.31,18,782.46,410.12
27801.55,4,702.36,80.32
12899.6,18,257.42,495.54
19650.55,9,332.22,137.77
44971.78,8,154.53,101.18
41080.66,19,81.24,136.98
25927.62,6,139.6,318.33
3828.79,6,386.78,486.19
29033.25,12,438.66,449.53
9697.86,10,713.83,307.5
14716.98,2,545.16,250.45
24383.99,8,231.44,225.94
3868.21,19,682.1,161.65
41487.35,8,651.06,193.04
36264.53,16,93.39,408.56
45856.62,13,476.93,428.8
17485.34,18,620.08,296.65
42352.98,19,469.33,28.77
40417.48,2,454.45,18.54
15368.26,3,219.24,447.67
514.99,8,490.45,411.18
43058.72,15,511.02,112.09
6118.69,1,918.42,268.45
28402.3,2,967.81,456.52
23038.28,19,666.3,289.73
38272.47,17,387.5,330.5
44016.2,15,621.39,386.81
42900.11,5,300.97,496.69
1549.84,7,434.9,226.87
13447.73,13,693.93,181.15
13025.64,17,340.35,275.4
12854.88,14,203.99,242.62
17903.8,17,861.49,364.73
46872.3,19,783.62,3.25
38718.69,7,622.57,55.66
17251.73,13,816.81,122.57
28230.77,7,474.13,297.87
10835.87,15,391.58,363.41
37189.6,11,178.2,163.48
3471.08,16,496.63,483.81
13500.72,6,529.22,85.58
14351.66,11,407.12,439.94
5715.57,3,161.62,117.95
21142.21,6,488.62,105.3
46767.79,4,568.68,324.79
37829.01,7,580.92,70.5
4713.51,9,333.1,487.18
41676.98,5,521.02,315.81
29700.23,19,844.82,360.72
49364.16,7,216.99,453.2
17596.57,1,361.61,310.01
28363.24,13,732.32,334.65
13102.81,5,500.2,63.61
39925.86,3,69.87,448.86
4844.81,17,172.44,138.65
31679.97,4,361.53,186.68
41591.68,7,857.83,281.23
30803.96,16,14.83,206.16
33672.09,19,931.22,429.27
9305.98,4,336.99,91.56
13039.4,9,20.24,216.85
6866.4,4,563.64,228.61
19313.43,8,271.56,488.3
8765.49,17,143.18,420.81
1227.91,18,641.3,244.34
14512.6,13,230.01,419.02
3596.84,10,188.45,203.13
40709.83,10,67.97,68.84
26400.69,13,25.87,237.35
43840.07,12,543.76,339.89
49115.19,19,47.23,363.05
26067.12,3,664.34,449.0
32392.13,3,592.37,289.39
19540.23,11,242.73,451.21
17420.64,4,720.99,466.74
28273.17,10,686.18,499.31
24835.06,10,680.15,260.66
18837.25,10,604.37,467.1
30140.92,19,438.86,469.45
10418.0,16,385.88,496.96
35910.62,6,162.94,337.3
30842.52,7,804.74,29.25
49114.05,1,229.42,166.76
20223.17,6,742.75,262.55
6029.29,10,830.66,408.74
5115.14,2,23.95,31.81
19305.45,5,805.5,188.44
32470.08,8,582.54,476.27
45108.94,19,251.9,331.45
4348.74,18,881.12,319.96
18031.9,19,363.82,392.77
16155.39,17,475.1,279.5
42814.61,7,739.43,133.94
21675.82,4,780.41,261.7
15586.32,14,323.71,227.09
17408.36,5,969.56,426.64
34569.29,8,901.32,421.75
26143.91,2,299.58,87.47
6177.85,8,639.85,216.33
19352.65,8,996.19,358.93
23430.78,10,891.69,53.98
28943.65,18,178.45,409.45
30959.11,1,818.49,4.97
49681.49,7,587.01,423.9
44040.5,8,397.12,15.57
12364.05,16,506.28,129.41
9326.53,6,574.79,137.36
11306.61,15,183.95,426.37
16348.14,19,553.64,149.33
40909.2,14,489.86,336.51
36656.64,6,925.66,399.15
10643.57,14,854.06,443.7
42890.78,10,288.05,414.52
459.13,2,656.6,469.44
49630.87,19,940.39,321.86
11168.39,14,485.25,68.2
40299.66,9,453.65,432.73
27656.4,17,564.48,135.88
15906.12,15,852.61,415.7
9455.52,16,399.4,286.88
14509.75,16,939.52,320.29
21586.03,17,763.19,444.5
24435.7,8,689.32,0.14
22654.28,16,245.2,186.31
30231.0,7,799.08,74.73
32655.38,9,625.38,101.77
10888.8,3,179.29,302.42
46779.87,13,151.59,229.65
10755.44,17,317.45,496.14
34099.04,15,711.95,7.82
16720.67,12,797.87,399.79
32200.15,10,77.62,221.37
25089.61,16,994.27,64.96
36573.32,6,914.58,305.08
45283.08,10,181.4,0.61
31530.67,3,222.56,67.19
12523.88,13,358.14,79.3
11101.16,5,872.96,28.92
28702.94,4,882.62,246.08
49678.9,9,693.0,493.62
23261.79,14,236.04,65.31
40030.37,5,594.33,271.23
31930.36,18,993.7,37.16
9856.42,16,945.61,23.98
9659.15,15,871.11,26.48
30389.31,11,971.71,410.53
37097.09,8,362.12,489.82
3389.23,3,61.04,150.09
24195.38,17,673.14,56.9
17782.76,4,308.69,183.75
2270.73,15,291.17,459.51
21303.25,9,688.4,481.92
29787.26,9,160.12,69.85
1612.75,9,954.38,186.4
37176.71,17,792.21,324.7
46038.24,12,761.36,6.31
36173.94,17,111.37,328.88
44443.06,9,685.18,289.32
27156.42,6,602.03,441.9
2303.38,2,47.98,123.69
12570.8,6,846.99,80.29
14981.59,15,714.36,326.16
18114.09,19,95.81,100.14
27976.45,15,198.6,313.92
21911.7,8,179.85,94.14
40021.92,16,939.12,292.87
6260.51,9,763.65,201.55
12396.06,14,467.39,50.7
20776.1,12,776.34,244.68
40315.22,10,285.22,182.47
32916.35,14,233.63,94.71
2980.26,10,762.73,420.75
49500.19,2,479.61,161.38
40323.59,19,309.28,170.49
42190.87,18,330.93,120.75
33964.1,12,690.87,475.34
15778.1,15,184.12,270.74
40472.58,14,386.9,167.55
5737.44,8,60.77,110.07
24588.45,17,778.15,234.58
20046.94,11,243.4,36.43
30734.5,7,190.22,378.05
23852.38,11,784.61,88.93
3809.01,17,670.26,34.61
44579.0,13,596.17,263.81
44588.93,11,272.89,233.5
38773.36,8,165.4,398.99
38522.85,6,552.9,309.57
8582.09,3,31.74,236.31
34498.5,15,604.45,230.26
19451.5,6,476.81,183.97
36611.39,9,846.49,499.39
14255.48,4,349.49,422.56
47218.41,16,641.65,380.83
25725.37,4,265.91,485.31
11274.84,10,721.32,252.82
17879.04,19,20.33,263.96
13384.48,18,531.22,33.84
12420.78,4,639.01,116.47
4816.95,4,318.43,477.32
22808.29,10,287.27,12.06
15428.97,7,625.39,86.41
39885.75,11,514.14,492.03
29034.6,1,185.33,417.84
30016.63,19,610.72,147.21
45379.28,2,701.36,121.44
32972.32,15,186.81,398.92
36112.04,14,13.62,455.26
37044.04,10,762.57,408.84
6756.6,11,840.62,181.95
27357.22,18,660.48,489.78
25510.53,10,736.07,221.7
42481.9,5,658.94,338.14
47894.62,18,966.7,463.85
35530.17,4,380.72,433.45
10943.96,11,297.0,448.66
48555.71,7,972.06,477.45
38995.31,5,669.92,230.18
1166.01,14,937.02,474.53
25967.08,15,802.6,80.28
18454.73,18,97.64,196.26
34195.59,15,830.02,387.25
41494.78,6,443.56,81.2
17297.79,3,47.14,328.78
30532.83,13,355.86,121.01
30628.82,7,566.1,195.8
31230.08,15,102.01,398.66
41752.84,13,38.38,23.11
41233.51,4,836.64,233.84
9057.05,15,856.31,221.57
9415.35,11,678.0,119.93
26206.46,1,513.29,432.94
37435.34,14,18.0,386.87
9703.75,18,556.44,264.35
38540.72,5,458.75,393.91
14013.25,7,722.93,53.44
36131.2,15,583.6,118.69
29094.14,7,507.13,242.9
5755.24,11,494.24,304.55
13188.62,7,188.92,104.4
30709.85,14,948.1,290.44
41590.55,9,935.62,313.48
24185.29,17,440.15,72.42
41656.98,13,178.08,10.72
10315.28,7,912.26,55.77
34467.5,9,670.44,393.32
29728.41,14,920.45,224.1
29915.02,10,200.25,310.24
14227.84,4,643.44,22.39
19377.75,12,697.6,134.87
32150.12,17,171.73,413.49
34446.35,14,331.83,175.94
32912.44,12,292.75,225.61
47573.99,18,211.64,285.61
27071.15,10,541.81,489.05
16732.75,19,821.38,148.32
4844.2,14,905.05,185.2
2216.22,19,856.19,83.24
42595.41,10,235.92,22.84
12658.84,1,495.41,299.67
23647.75,13,800.22,239.55
38138.97,9,328.8,423.92
36897.61,18,666.96,419.46
43115.65,4,412.61,439.63
9696.32,8,389.75,433.42
8330.24,13,149.36,223.54
43492.78,1,496.76,261.35
17952.19,9,409.82,366.57
41450.22,5,179.35,240.11
33786.22,16,604.91,101.19
37304.51,12,54.45,229.87
40921.73,1,437.58,322.42
25999.2,15,134.49,271.02
1446.04,17,329.49,264.39
47302.04,5,923.09,480.18
49336.79,16,574.75,357.12
18815.37,19,719.19,270.73
33244.48,11,62.05,420.71
32789.4,2,712.34,381.18
25688.6,9,806.85,373.5
44817.81,15,573.67,127.5
27144.64,6,380.68,31.46
11365.33,1,370.52,407.23
27703.32,19,499.74,348.96
47187.21,19,742.38,48.03
18588.96,17,376.41,479.49
49303.19,3,488.55,154.78
41632.81,13,252.44,38.98
7859.35,8,340.25,398.97
34193.33,11,872.15,263.39
17686.99,19,211.51,417.33
4692.45,9,743.69,227.41
35807.68,10,24.63,230.15
23626.82,15,912.65,375.69
44809.3,14,238.6,145.24
41821.31,11,645.67,284.99
39393.42,3,893.75,406.66
27993.12,12,449.17,397.29
43785.68,19,594.2,373.39
454.07,17,405.63,248.46
40243.88,16,89.12,135.07
10896.71,6,819.34,178.16
45683.55,14,973.33,415.37
8469.4,13,538.95,65.75
11984.36,9,59.16,385.56
26563.07,12,401.01,357.62
38536.84,15,577.15,257.41
33764.66,1,673.57,443.36
47174.87,9,239.02,207.16
20900.92,17,874.9,166.93
10532.38,15,410.79,273.74
16838.55,4,688.52,399.66
47796.47,10,696.11,210.58
4390.86,8,362.75,352.8
15778.95,13,41.44,113.04
33305.16,11,433.65,69.06
38407.32,9,768.83,167.96
30284.06,5,275.48,483.19
45095.76,4,968.97,166.25
39912.13,15,69.13,258.05
36097.86,19,375.69,324.66
24605.66,8,122.03,137.29
37747.61,1,499.78,214.71
44763.66,8,739.9,483.16
7650.33,11,575.63,422.73
30380.62,18,514.13,75.32
24181.1,12,642.96,195.88
36155.52,10,628.05,491.91
15343.66,19,635.34,427.71
34451.06,18,900.77,52.11
16005.31,6,807.7,276.67
4963.67,14,402.33,377.38
42302.98,12,940.18,328.37
39918.07,14,187.03,196.12
35448.55,12,557.13,144.0
20864.62,3,318.52,194.83
26611.92,7,343.8,24.31
24505.77,15,82.79,124.47
17285.71,5,158.69,304.57
35397.17,17,566.03,280.22
22858.33,18,905.64,482.04
31442.19,6,659.61,361.03
32169.87,14,249.28,295.09
23626.28,7,632.03,188.44
34397.41,17,481.97,64.72
33230.33,3,112.11,285.67
23849.66,8,571.14,20.97
16312.45,14,545.56,441.46
5486.11,5,412.91,8.23
38194.45,17,766.23,446.01
25018.92,19,244.35,140.87
9248.47,7,49.19,67.5
32030.99,12,167.52,273.33
49210.09,6,425.27,278.74
39517.15,7,191.05,218.43
49024.95,17,726.38,477.64
5204.35,13,938.5,132.38
49200.73,3,390.64,124.79
34311.23,17,753.14,84.0
29753.68,9,655.43,319.01
14108.21,19,214.19,235.11
49529.65,8,638.99,189.44
32778.96,18,930.53,201.37
23048.26,2,356.31,272.9
18711.57,2,493.28,321.83
12257.26,5,815.8,91.15
9195.92,3,799.28,423.61
16442.26,19,817.32,428.15
30323.78,17,491.54,352.14
46256.24,18,142.23,60.38
43987.66,19,892.75,192.39
762.94,11,691.75,409.92
49628.04,7,506.27,351.99
42956.84,19,229.19,429.21
5496.05,16,420.67,262.17
37372.13,4,921.62,238.07
37748.44,7,317.96,384.1
1924.56,8,569.39,446.88
22441.72,11,601.11,235.18
31312.85,1,689.47,432.45
44347.07,7,723.0,157.65
33234.75,6,657.39,329.62
35965.97,19,509.94,394.69
24017.09,5,906.39,402.5
24080.07,17,315.34,105.49
27242.21,4,49.18,379.58
32561.02,15,135.36,491.31
17624.57,14,302.71,116.15
27393.28,15,719.54,322.85
27213.89,7,454.16,0.81
6595.01,6,482.0,182.12
22278.32,4,127.65,359.53
8374.41,13,979.92,335.41
47909.48,13,116.35,383.94
29570.79,18,807.92,295.72
49148.77,9,196.86,15.38
25825.11,14,650.05,407.36
844.12,15,319.04,226.89
25295.66,10,358.74,34.14
4516.46,16,120.88,199.06
8416.67,3,627.24,340.4
7342.35,11,592.18,364.55
46402.16,16,84.06,152.45
8104.52,8,969.48,444.44
34391.76,8,207.53,400.95
16662.99,9,501.68,311.78
21571.37,8,998.12,124.41
5763.72,12,482.6,364.47
48026.6,11,905.74,166.15
10724.87,18,180.48,375.63
651.88,11,97.84,18.1
13982.81,9,397.28,356.97
24520.3,18,685.65,181.59
1737.52,15,697.21,142.02
31042.86,8,948.52,271.14
17058.74,15,139.48,149.88
613.28,8,900.85,119.33
31304.29,16,491.75,296.31
10257.6,7,421.86,329.8
44156.51,12,460.9,271.91
33296.04,2,648.04,365.68
26325.48,19,162.86,202.17
24071.65,1,654.57,328.4
16267.67,2,421.82,430.13
4495.02,13,835.36,173.8
24810.85,13,512.36,294.56
14472.42,18,372.44,31.49
19913.53,13,638.63,99.61
24462.11,6,678.61,125.75
10854.15,11,587.6,315.46
24245.11,11,838.0,214.71
10014.55,8,766.85,461.19
30270.61,3,461.04,227.93
954.73,3,194.18,226.57
21994.19,16,148.98,45.07
45936.29,1,232.6,50.49
18545.98,18,706.33,65.7
43901.49,18,120.3,374.89
616.93,2,615.58,247.15
21460.4,4,224.72,383.86
39297.15,8,723.59,382.91
7812.23,1,473.54,495.79
49068.96,4,122.44,414.1
18396.83,15,778.75,190.57
13097.54,14,850.31,393.86
41307.03,1,163.25,323.6
9812.5,13,947.9,379.81
8560.44,3,831.46,52.81
35708.59,7,460.5,240.49
24549.88,9,603.1,119.4
12420.7,9,301.35,65.22
42162.14,5,492.68,423.17
42360.58,3,224.38,286.06
45154.53,17,977.85,336.65
43125.74,1,727.04,276.06
33448.45,8,482.82,292.08
13869.59,8,78.32,336.55
17073.33,11,716.77,90.08
24124.62,10,832.26,40.99
3530.83,2,329.47,142.72
12910.18,14,395.43,128.6
44266.63,3,191.41,228.89
20945.64,18,125.54,108.12
36664.79,13,800.47,270.71
44680.61,14,83.35,432.22
10198.23,19,377.35,311.57
45744.53,12,401.09,282.39
23658.3,9,507.35,171.73
11822.93,10,649.5,361.39
21544.66,3,815.37,277.73
8888.0,4,31.4,152.66
30187.65,5,435.04,259.91
26101.77,2,793.98,425.48
12087.53,17,120.65,124.92
7715.32,3,309.05,212.71
29526.35,17,365.09,41.06
14730.97,1,220.23,283.62
2889.77,14,173.18,185.89
29125.84,15,604.41,97.14
5290.93,18,94.08,364.63
39781.3,15,784.16,467.37
11402.86,19,480.59,249.21
24444.66,16,12.89,201.01
18582.83,10,451.79,243.31
18890.01,1,118.26,418.6
15314.92,11,154.71,133.33
43391.33,12,929.58,273.89
43852.1,13,376.83,223.4
5980.53,10,36.04,481.22
16594.38,17,153.88,129.47
13377.29,14,772.09,92.66
49314.51,18,448.37,465.6
11926.41,18,153.73,137.16
14412.41,5,838.89,46.58
31959.72,4,190.03,286.44
44538.79,3,789.12,347.51
36060.49,19,766.37,452.58
31700.41,2,706.45,468.68
45324.71,11,227.92,418.33
41293.61,8,546.77,380.86
21731.16,1,742.05,270.1
36661.13,4,49.85,403.2
1252.25,17,463.4,320.39
26179.9,1,451.13,110.98
6420.92,15,574.86,115.16
22386.44,3,427.98,182.28
39609.91,7,415.31,463.68
38185.61,18,974.48,206.55
34022.19,12,777.91,44.7
35224.85,14,944.54,166.34
16751.86,5,584.47,212.36
2180.95,10,596.91,420.88
33595.0,4,209.14,328.05
30465.7,5,457.01,221.99
32060.07,9,195.43,171.38
24900.49,10,735.7,365.7
28137.52,5,105.83,15.79
928.22,11,140.09,49.44
23095.55,14,135.61,419.61
19075.95,4,188.89,385.67
42893.54,12,570.99,239.45
21550.18,6,269.97,480.51
37116.33,16,148.09,214.57
28901.44,18,285.03,278.03
8102.05,10,552.27,72.05
48828.85,3,65.15,123.03
28499.14,17,30.59,5.42
30025.26,16,969.38,129.33
522.91,3,711.12,442.21
45778.52,9,260.94,104.3
27380.75,5,833.86,22.34
26713.74,16,152.97,92.0
25593.91,2,75.66,286.72
41818.4,12,589.49,461.94
4001.96,5,492.44,418.25
41333.35,19,549.45,359.23
25144.52,10,520.61,412.04
18241.91,5,188.39,8.27
2100.94,8,95.75,355.33
47861.03,10,224.21,259.37
9889.48,19,97.99,102.97
14967.72,8,228.97,352.27
7522.25,2,749.98,22.06
11164.06,11,526.23,72.94
40818.06,3,344.26,16.02
37494.5,11,178.3,100.61
41379.31,6,631.17,316.72
29231.68,17,520.15,208.14
46202.81,19,210.58,432.34
33472.52,10,892.58,204.99
13741.56,4,895.83,454.35
12450.27,18,589.68,8.71
25468.12,9,864.41,428.45
7751.67,2,815.5,439.52
524.09,18,212.46,243.3
45936.06,11,617.0,143.42
37967.83,19,722.7,458.69
10576.85,1,597.27,474.52
48093.91,3,416.11,464.98
12823.69,14,274.8,298.37
35720.36,8,814.91,181.73
4046.62,14,923.9,326.54
43646.98,12,37.49,331.82
47411.25,2,635.01,165.8
1103.24,13,999.97,54.19
33689.95,10,610.58,48.03
45956.15,15,467.05,390.85
26512.06,16,879.82,4.34
1758.99,1,497.54,33.6
40629.43,16,888.1,410.84
22477.73,2,399.3,450.69
27729.39,1,766.25,176.59
37210.73,15,152.68,194.52
16379.98,11,777.8,411.26
25115.07,1,21.63,47.26
24569.01,12,354.29,415.75
28474.36,18,361.28,133.3
40649.78,4,387.52,481.46
23479.78,9,991.42,174.08
5786.13,11,534.8,11.65
11070.83,1,77.22,186.38
30926.73,11,571.57,184.04
37917.18,12,739.2,162.55
18145.36,19,564.46,263.62
16744.8,18,678.13,219.7
20371.68,15,931.15,494.56
30630.03,1,631.66,96.6
47341.41,6,875.86,33.61
11317.83,6,647.28,110.2
34460.2,18,173.03,335.42
42028.99,19,28.79,434.84
30379.95,14,670.25,395.55
34167.38,5,756.12,300.24
20087.86,8,131.43,397.81
8723.31,13,243.92,218.39
45476.87,4,919.2,54.57
31311.22,16,405.09,185.03
23599.34,8,901.46,96.98
24720.99,8,826.61,109.04
38605.58,5,170.47,278.6
22324.77,13,104.6,92.61
23226.75,19,854.02,296.89
37010.97,11,825.24,46.63
37753.88,16,123.9,276.8
28523.69,2,156.6,427.53
22319.84,8,429.49,470.28
13328.63,19,680.51,6.35
17700.51,12,627.57,5.72
33138.42,3,587.94,347.45
32860.42,1,246.58,413.09
43653.31,12,672.95,156.67
25077.74,11,517.09,196.36
33203.8,3,185.16,73.15
32520.99,2,718.66,382.8
915.46,15,678.3,217.46
19846.71,19,395.69,131.77
1834.22,6,261.22,453.41
39725.96,3,860.9,146.9
1551.4,9,286.76,191.98
20203.8,10,139.79,246.4
27826.45,3,638.04,134.92
49065.6,9,528.32,84.03
39275.61,1,334.69,90.69
38761.4,12,303.68,415.52
292.43,3,961.52,110.44
47059.57,16,322.43,201.74
27644.22,15,721.72,17.79
1896.15,2,716.65,108.51
20391.75,8,189.82,465.43
9719.94,3,881.0,262.98
42901.18,5,881.85,172.13
6599.65,6,392.41,355.59
47182.78,6,590.57,148.69
2446.56,8,114.03,267.49
4995.3,2,572.15,20.87
5283.87,6,69.03,348.34
44933.3,3,324.66,26.6
46147.9,2,710.39,320.75
14177.38,15,851.73,291.86
17528.74,4,529.4,6.66
31767.73,12,942.21,252.8
6763.68,10,653.89,257.16
3644.09,16,737.99,79.2
22574.35,3,340.35,419.05
22268.98,3,663.01,377.75
8785.12,11,461.15,110.1
27095.57,1,701.28,348.05
34112.41,10,449.58,346.77
29199.9,17,140.46,260.87
25209.44,17,638.59,36.57
35453.75,12,479.64,211.76
45557.04,5,53.2,405.55
30241.0,10,174.51,39.25
29819.87,16,660.43,495.72
7632.99,10,964.99,396.33
12008.35,6,99.68,272.73
21738.91,11,569.66,212.56
31162.93,8,380.39,316.63
7383.66,4,580.4,233.98
18016.5,5,805.43,77.77
28522.71,7,266.38,327.09
48199.85,10,439.39,327.04
31335.23,10,148.36,408.9
11709.35,15,706.3,436.09
1955.17,14,571.94,89.38
35100.18,8,676.74,349.22
19078.17,18,743.5,392.92
32544.03,1,780.31,247.65
21059.51,14,457.42,354.64
16769.71,18,922.94,468.04
9733.12,7,977.71,221.49
3121.0,8,490.08,499.72
47825.18,16,121.83,141.7
49057.97,8,987.38,147.71
46308.37,19,444.36,392.02
22179.12,14,484.09,451.28
35084.34,10,10.1,347.51
25084.09,5,102.91,221.28
28435.22,11,540.54,392.43
21599.69,7,507.65,362.15
29509.49,8,576.94,49.66
49854.24,3,373.01,151.54
23343.54,2,580.31,305.45
18800.9,14,774.82,303.38
29796.94,9,575.17,165.04
26974.79,11,207.05,226.11
48175.73,3,481.68,116.12
48525.38,11,272.92,177.13
12115.9,13,57.71,267.37
18438.22,1,182.47,347.25
30674.41,15,140.84,449.16
3172.16,10,98.35,337.11
6526.99,10,736.94,52.0
46557.02,9,68.87,439.51
1870.1,11,892.25,308.95
21966.24,6,401.94,147.56
5161.46,17,604.71,392.12
35460.27,4,298.29,71.34
35728.68,6,567.54,266.82
27122.3,6,109.59,70.57
48470.5,13,215.64,457.55
31529.23,1,980.76,360.34
28812.16,2,324.52,481.37
17607.7,9,561.99,248.95
10741.39,12,421.68,100.27
32356.82,9,503.71,295.86
17711.36,11,202.03,83.24
36254.79,12,579.57,472.87
8982.39,3,27.73,23.38
20182.99,11,680.51,118.43
27345.39,9,259.71,372.09
40599.75,16,46.86,109.25
2791.32,4,247.38,315.58
27850.48,16,362.54,337.59
20069.4,6,257.84,12.5
2804.73,2,319.31,376.74
24995.32,11,731.33,370.05
6447.97,14,492.07,472.57
24530.26,17,911.89,346.11
35244.64,9,217.32,317.09
5787.66,18,534.3,32.05
1096.49,8,942.03,231.92
41599.37,3,465.79,176.85
43278.26,13,883.24,142.14
41416.58,17,126.44,246.05
9047.5,9,228.49,455.48
48105.06,15,888.17,35.48
9073.41,10,670.73,387.14
30339.23,10,398.47,96.04
12646.52,4,156.84,239.42
23090.14,17,361.77,480.72
6306.55,1,423.98,244.28
9439.26,3,884.93,365.8
27855.43,17,460.12,187.97
4209.64,3,662.7,477.11
47758.22,2,236.95,202.21
39770.15,3,218.15,24.52
38512.6,2,41.02,183.89
32707.77,16,488.15,255.91
26099.99,11,827.45,332.8
45528.36,6,505.88,58.59
44782.43,4,689.04,79.7
40501.99,6,466.9,110.58
29292.86,16,942.69,183.47
48130.52,16,376.8,57.42
29655.31,14,666.41,485.89
27940.72,8,596.51,156.06
44146.95,9,553.99,235.64
299.98,3,809.77,55.74
42615.07,14,257.5,370.75
24838.03,16,946.44,438.61
5968.02,8,805.01,208.3
27058.27,11,691.33,359.57
13203.65,19,959.37,70.68
8724.08,7,421.76,238.94
5330.47,1,952.06,79.65
48242.99,13,287.38,168.57
31118.67,1,172.57,141.51
5846.96,12,400.16,240.32
3052.0,18,366.98,29.56
40308.12,2,385.04,435.41
17593.69,7,763.84,200.9
41879.65,7,11.35,442.37
21729.48,10,76.04,6.19
41375.47,9,885.24,307.97
42836.44,9,697.76,435.76
14726.81,1,524.32,340.95
34154.3,17,902.57,317.79
12139.6,11,711.66,214.62
30253.95,5,844.89,460.38
21598.15,11,643.5,85.48
36457.76,16,501.18,319.89
33601.12,12,360.66,424.24
28390.63,14,851.05,355.2
40121.55,15,395.54,51.56
9268.87,9,600.07,410.04
17684.19,14,972.74,134.4
20356.39,16,528.76,258.58
44439.73,11,13.43,313.42
31962.13,4,556.97,174.87
37508.45,18,189.52,474.0
19573.71,12,211.55,163.29
12529.43,13,470.68,157.33
20360.8,18,181.33,120.18
19803.49,9,366.19,271.65
37315.29,4,350.17,122.36
8185.92,14,754.49,69.18
47418.95,6,582.64,401.99
22388.57,11,386.07,1.71
30053.03,3,428.2,365.72
27681.43,6,63.14,129.5
47658.31,1,89.93,363.12
45200.68,13,575.96,179.84
25879.8,11,25.3,420.6
32362.67,11,141.66,211.26
4005.84,7,138.52,88.42
44317.02,16,180.84,141.24
22276.82,13,376.23,483.54
1905.89,3,704.54,20.44
36312.56,10,829.66,52.58
40567.41,14,957.29,104.38
41713.22,8,607.85,244.67
9426.68,3,119.48,379.97
22252.35,19,47.35,193.42
46455.69,9,29.38,365.91
3978.15,8,663.69,115.38
14901.35,11,654.96,81.61
34106.93,2,627.62,137.44
40961.58,4,172.92,315.85
21852.11,11,100.97,350.49
12374.66,15,926.52,453.65
40110.16,7,943.4,397.83
16801.75,4,476.41,113.04
39063.09,17,261.21,80.13
3667.93,5,561.29,420.25
46949.26,10,57.28,446.53
28048.0,11,919.16,425.02
21624.03,12,774.61,264.53
12047.67,7,407.31,340.13
40927.02,16,998.89,26.57
18945.86,10,81.32,296.3
20298.13,3,732.86,67.83
48185.27,11,575.78,279.12
26034.35,4,361.82,157.29
33140.39,1,765.55,80.6
33827.43,11,301.94,60.67
30623.33,12,135.0,406.66
8089.8,10,878.34,144.58
7060.0,8,698.85,408.32
15578.76,17,744.44,116.99
36629.6,3,444.17,324.85
12476.61,18,265.87,462.17
2427.48,9,706.24,71.33
39947.59,14,679.78,288.24
38951.14,6,884.91,35.79
24823.33,10,496.65,305.67
3721.31,8,633.25,278.67
36365.83,1,18.98,250.92
39331.88,10,314.34,173.1
28030.96,19,506.55,384.05
18155.39,4,913.36,444.92
28364.86,16,65.44,86.43
35197.73,9,878.03,244.33
36990.56,4,702.98,60.7
13160.5,16,435.62,183.49
44834.14,5,833.44,499.51
43613.34,17,788.26,224.44
35708.69,11,42.69,31.78
3112.24,18,278.77,377.23
20582.16,2,324.2,448.95
10327.52,4,282.2,71.73
36674.83,5,232.67,179.1
21473.74,12,698.95,300.56
5668.78,13,856.91,98.33
22301.94,4,313.76,417.55
6723.23,3,276.99,248.78
37525.9,10,201.32,45.76
23561.85,15,218.58,400.71
45023.64,9,814.63,137.49
38736.07,8,979.0,276.54
12093.81,9,892.13,135.73
1519.41,10,114.88,348.81
24896.1,15,98.12,97.26
10094.35,15,100.42,383.4
29462.24,1,274.04,406.28
14533.47,8,888.99,371.46
19996.18,11,139.33,120.79
6252.48,15,109.8,43.22
30998.96,2,747.41,180.84
6062.7,17,791.7,96.5
14567.89,4,751.55,82.2
16204.97,12,900.78,253.73
48584.46,6,189.83,2.5
36748.08,1,230.56,482.17
285.99,10,251.6,441.5
29553.77,10,56.53,229.33
41813.86,5,501.74,84.72
37284.69,19,758.44,445.33
14840.25,14,394.56,269.63
3994.72,4,561.32,334.82
24732.96,3,759.92,498.71
40559.05,18,974.28,195.02
16213.12,5,902.09,455.2
36763.6,5,408.11,120.68
514.98,16,722.76,369.01
31065.01,17,549.24,223.89
20577.71,13,858.36,277.28
6162.35,13,239.63,169.07
49427.31,2,141.6,334.19
23569.92,14,317.01,454.62
39458.19,18,143.41,92.28
36016.48,3,587.0,3.99
24374.45,18,231.98,67.87
44281.45,10,305.51,40.53
24639.15,5,362.7,493.64
42895.14,17,202.02,146.0
37575.88,10,695.62,73.41
12559.8,4,129.14,327.63
7236.68,1,422.85,94.95
37077.34,19,623.33,32.36
5863.66,9,995.55,8.23
20538.83,4,65.47,110.23
2582.9,12,828.95,239.6
7566.7,16,302.84,324.02
19577.62,9,919.87,409.5
25589.41,6,380.74,374.85
35101.89,11,382.68,216.47
42528.96,9,661.4,247.91
31868.85,18,910.02,19.64
23559.5,14,665.88,74.13
20902.72,9,272.28,95.48
7356.47,6,427.43,453.44
24596.59,12,558.24,411.96
37924.91,19,869.66,302.66
18375.43,2,184.75,66.78
24877.13,1,20.64,161.21
41246.89,11,736.08,395.94
12144.67,11,214.65,203.42
34521.05,18,890.29,259.83
5487.32,2,650.41,145.23
22446.0,1,596.78,140.46
12940.17,11,823.62,240.43
18435.79,13,19.37,111.76
10726.16,18,635.91,129.6
49639.58,19,696.78,46.25
8854.7,2,78.45,363.24
33307.15,4,969.01,211.47
37299.0,14,152.29,184.38
5512.7,5,786.26,179.32
34528.36,12,476.04,297.17
46160.66,18,213.95,335.02
19959.53,19,759.06,298.56
8519.33,11,486.2,123.58
45172.59,3,903.17,97.77
7218.51,2,460.79,413.55
3550.16,9,735.99,133.67
36938.59,15,168.69,195.6
43160.3,10,836.4,407.77
23250.36,18,864.46,454.66
27076.44,2,797.13,77.56
47596.51,11,59.44,365.05
32535.04,17,562.77,128.45
37186.06,15,365.22,417.28
48334.13,8,747.69,236.58
2024.36,3,371.73,489.53
20418.42,1,345.73,341.94
3552.49,7,235.99,47.78
46093.54,6,343.0,310.69
25120.02,7,482.62,45.47
22247.63,15,776.32,154.78
1572.33,8,619.08,292.09
16317.39,15,349.67,10.57
18072.61,13,292.05,191.9
49756.02,2,204.12,459.46
29093.85,8,463.69,427.11
4958.72,11,986.29,65.62
17172.62,2,277.91,431.93
48110.05,15,970.88,443.62
25607.85,6,160.33,296.57
7353.35,14,210.09,496.91
35502.93,18,371.55,33.02
44662.29,13,53.9,137.0
14274.06,12,869.62,334.6
31507.06,1,382.87,39.57
43514.94,6,465.97,20.72
6992.34,5,847.49,171.42
25998.77,14,247.56,106.95
39466.18,7,887.6,414.5
39171.85,8,568.94,156.88
34259.06,16,544.94,264.46
17162.34,6,701.44,426.23
39197.67,12,751.25,28.88
14926.36,2,443.07,253.44
18499.92,11,317.94,261.36
37005.28,6,127.19,216.49
20054.12,9,448.2,105.39
19555.72,2,677.58,353.1
8046.33,19,260.74,389.28
5102.1,17,385.11,225.19
44150.06,9,824.84,173.73
2917.4,16,349.54,467.81
16807.85,5,856.28,365.09
16551.14,8,443.02,118.39
30265.71,4,735.37,198.13
42135.99,13,119.57,226.29
37283.55,1,869.55,408.26
30180.92,12,357.73,67.13
9316.59,1,765.3,364.18
37743.61,6,272.97,75.28
12974.07,5,265.05,19.16
45628.33,8,403.39,24.4
38486.77,8,563.45,197.55
6247.0,2,869.9,160.52
33882.87,1,810.02,51.79
1919.65,7,510.77,264.35
25199.27,4,960.34,472.93
39643.77,5,17.56,323.28
36478.15,15,937.51,389.62
17191.38,4,589.81,412.1
4920.62,2,169.76,181.15
3560.09,13,297.0,438.98
34765.55,10,957.28,80.5
19593.11,10,156.41,370.63
24008.1,16,855.04,335.65
44683.86,3,132.99,410.85
14343.41,7,900.66,456.55
1081.77,16,174.52,371.59
19968.12,6,961.2,45.09
5576.43,16,33.97,232.37
6590.14,1,253.69,147.73
10250.44,10,201.77,55.58
29811.58,7,749.8,53.25
42004.77,17,763.3,339.13
22870.67,11,335.27,140.0
40095.16,14,924.76,264.53
26672.69,9,255.02,114.73
9130.44,15,206.69,44.55
21221.49,19,216.46,136.23
11914.05,17,853.56,399.92
15230.67,16,192.2,235.01
27913.39,8,527.14,392.01
7291.04,3,384.24,206.09
20462.85,3,597.74,223.97
1078.04,16,924.15,86.33
16903.76,14,898.59,86.34
21516.21,17,875.95,36.97
33038.81,10,110.35,477.89
45621.95,5,686.12,411.34
15188.26,18,341.44,179.48
25651.6,7,296.9,253.82
9235.41,19,114.24,303.74
49690.88,1,953.57,115.39
22049.36,19,328.11,387.74
35275.03,11,742.83,239.86
15421.31,1,284.07,169.2
4309.31,2,916.84,279.32
16726.73,2,914.02,388.89
12124.86,4,505.37,439.13
4653.63,11,362.75,47.33
45256.06,10,377.0,461.42
2250.53,1,797.75,82.31
45552.62,17,936.63,497.86
41846.11,16,74.07,372.13
26949.43,14,227.62,4.11
2443.5,18,979.08,98.3
10003.61,1,176.06,201.96
23883.21,17,202.37,349.93
10264.41,6,936.27,367.48
34928.37,19,461.87,474.25
28675.09,15,890.39,337.95
32529.61,11,145.79,60.55
21359.57,1,592.33,317.26
49021.72,9,977.14,140.36
5292.65,3,245.54,141.05
38398.16,18,195.54,170.75
34477.32,5,779.91,83.78
4722.02,15,685.1,17.96
43443.19,14,934.86,211.3
46645.64,19,860.37,138.83
33040.67,17,757.77,129.31
24602.21,11,69.4,166.06
9687.98,2,954.37,469.98
27005.36,6,416.55,421.31
10644.49,6,670.84,366.56
46189.8,16,813.81,282.74
28886.6,12,103.78,249.14
22187.25,15,342.73,137.36
49931.54,7,104.14,468.67
29143.63,11,989.86,75.79
12840.68,19,256.0,455.69
21369.89,5,983.78,172.27
25387.31,5,170.93,435.64
42267.27,12,641.91,387.71
46126.16,16,985.28,172.22
10196.85,6,165.38,286.16
46066.2,2,231.93,286.93
23765.08,11,865.47,215.48
16203.28,5,207.02,53.5
49555.71,16,635.45,379.21
14993.24,7,452.39,176.89
32588.93,7,374.69,216.22
36433.34,12,492.55,339.51
29812.33,8,985.86,361.16
23993.75,11,648.11,486.7
35420.25,11,187.09,385.79
18487.38,18,991.33,218.93
5937.88,13,252.66,12.81
47423.24,16,960.25,400.4
17029.07,7,702.79,359.12
11795.97,17,776.63,116.9
28719.6,4,238.09,66.66
4886.75,13,206.6,322.47
33760.8,17,802.6,59.43
8495.66,19,44.87,47.25
36862.46,5,336.81,361.95
17123.1,13,966.42,466.51
2004.08,14,709.93,152.67
44976.28,18,957.38,485.92
37732.33,14,405.29,161.24
27555.83,12,257.66,349.97
21575.43,7,488.41,498.14
32713.31,13,968.16,229.68
43350.43,13,258.94,15.64
48803.89,11,331.24,336.87
33987.52,13,249.39,55.29
35326.26,10,640.65,373.75
37888.91,11,829.18,405.2
35425.66,8,564.43,9.83
49068.04,16,644.11,484.73
22356.49,19,709.77,3.6
11559.73,19,634.39,144.52
13673.15,17,196.43,197.87
5138.16,16,916.47,295.69
31600.32,14,341.66,233.37
10794.27,8,790.48,367.88
41839.74,14,60.92,26.08
42964.93,10,245.58,104.23
23872.8,19,418.47,148.36
7121.23,8,314.71,355.45
34210.22,6,684.57,177.42
46209.53,14,290.75,83.07
47081.8,17,613.4,73.75
38131.73,5,748.13,410.86
11560.18,5,705.92,135.71
14222.73,7,282.55,452.77
38540.81,15,887.49,239.71
43118.91,15,842.72,494.58
25004.97,10,358.43,30.98
15482.44,1,752.87,341.72
46357.45,12,350.5,408.94
1876.32,5,933.49,99.6
41785.76,2,992.35,301.5
30633.44,18,397.93,299.56
49568.63,15,990.05,95.46
19025.76,19,743.07,169.18
35508.11,19,306.38,18.21
32337.83,3,514.15,314.0
44020.19,14,150.71,112.45
3120.5,16,418.16,288.21
30709.04,7,561.22,431.29
2504.47,19,650.03,299.04
25466.88,2,76.04,457.07
25803.81,12,307.83,85.63
27977.07,17,582.67,254.28
23942.7,4,943.96,213.02
18818.32,12,745.95,85.71
7624.86,15,193.74,341.3
14821.4,2,571.2,42.65
27135.6,4,604.4,65.84
21291.28,5,317.21,348.5
29660.87,17,437.59,106.92
39406.82,18,500.95,193.01
17512.45,8,619.71,426.77
3858.44,1,389.93,490.11
33669.77,11,338.48,228.07
15241.1,12,767.62,387.4
23278.37,3,860.86,182.02
47392.92,11,605.94,156.95
38118.86,9,835.59,341.36
37706.05,7,851.24,25.44
10403.01,3,191.19,215.98
1704.07,15,659.77,27.51
15719.39,18,892.1,397.47
42649.09,2,479.93,291.26
15216.5,10,676.04,253.12
14382.68,2,846.94,52.99
37057.12,7,539.48,354.06
40105.29,12,119.84,257.76
49173.54,10,83.91,391.87
48141.6,17,425.94,266.89
5510.78,15,788.36,92.92
10835.73,19,494.32,83.3
28049.94,7,577.04,174.18
29451.5,8,229.51,475.24
49391.96,16,226.04,445.57
11582.16,6,495.31,29.26
35757.33,1,875.17,342.33
48280.7,10,951.52,374.63
5206.2,2,502.78,213.02
13170.41,14,537.84,486.36
4208.1,10,862.38,339.9
16968.9,15,981.49,365.21
15433.21,7,156.59,243.53
28705.57,7,398.36,348.39
27142.03,16,331.37,122.66
5615.01,8,22.98,461.66
45727.19,14,467.43,162.55
38608.24,8,786.53,194.93
31316.94,15,598.22,335.83
12122.1,6,650.68,349.93
48854.27,15,138.38,138.76
48246.8,8,527.49,215.31
35734.53,18,11.29,431.29
30870.54,10,535.1,22.55
22258.25,17,707.58,27.65
10596.33,13,926.69,155.4
47477.0,18,751.82,17.47
8869.45,10,474.94,161.98
47411.23,16,271.86,152.92
33869.69,6,449.14,113.19
49933.56,15,204.9,443.72
33144.45,19,283.71,421.18
23457.53,13,474.96,27.46
28418.51,8,180.22,484.75
48597.41,1,975.46,140.38
5857.94,9,896.25,343.48
34570.35,18,662.27,275.37
27353.1,8,706.02,312.5
7754.0,14,578.89,59.98
45341.75,17,272.45,354.9
9929.63,9,447.13,464.12
36220.66,12,952.52,182.84
29865.07,14,212.1,157.22
16777.63,14,434.98,186.05
26268.21,4,631.56,356.06
2257.24,19,271.13,246.47
45958.08,5,920.9,476.05
10979.17,12,950.33,308.38
34613.37,17,85.7,189.5
31951.72,11,710.89,256.63
21400.62,13,302.07,490.7
23291.08,6,383.63,419.48
44431.03,9,248.12,67.5
32930.68,5,499.31,87.96
35557.54,19,694.16,149.23
33143.05,5,553.66,229.13
24287.49,11,655.16,421.49
24824.5,16,702.09,360.3
42901.11,3,227.42,89.12
47198.34,9,954.74,247.67
43500.58,5,519.84,242.19
13086.68,17,443.98,289.34
29836.14,7,388.98,357.38
48533.85,9,534.52,217.6
25401.42,18,740.99,381.39
3152.59,11,198.18,293.96
11969.91,18,419.73,460.98
39866.37,4,72.11,198.46
20086.46,18,392.05,478.92
19275.22,17,765.22,288.42
34148.58,3,457.05,158.07
4679.82,4,407.77,340.31
45051.49,3,170.55,375.23
43288.25,14,967.16,78.61
16884.95,6,773.0,403.36
33761.01,1,254.73,371.06
42832.69,11,273.69,67.15
43315.48,19,389.17,232.13
41144.17,1,760.83,118.54
29681.36,12,540.08,50.5
46561.69,18,613.58,265.04
39859.92,15,348.16,379.36
38251.24,14,42.75,242.42
16476.54,19,328.98,454.0
36175.24,8,161.63,349.91
9749.46,15,901.65,134.94
31793.6,1,568.02,277.67
32686.11,11,689.08,30.29
39939.11,1,971.65,165.67
48869.74,1,516.33,272.64
23453.98,11,540.95,312.39
32464.68,8,51.09,53.94
37506.03,12,759.34,119.45
38781.29,10,446.24,391.62
32348.35,10,699.94,422.22
35177.14,10,103.49,27.18
17702.94,9,174.91,90.08
17707.58,12,973.94,178.26
41892.39,6,404.75,330.96
45340.85,4,670.61,314.51
49027.12,13,268.24,32.55
1669.32,8,338.2,453.88
14377.62,17,897.32,130.63
12329.81,1,156.04,62.03
23295.54,7,962.25,185.08
49534.67,19,214.6,343.54
10114.1,12,966.01,454.98
31848.12,1,59.77,76.15
1456.7,18,545.79,290.48
14407.36,1,772.81,279.23
41298.96,19,596.73,230.21
35218.08,18,589.78,393.58
19956.98,10,528.06,112.02
19800.02,11,185.72,52.57
29061.03,13,15.81,204.26
29372.47,17,741.16,28.44
26762.24,17,457.35,92.56
46241.5,9,42.84,285.32
1469.27,8,77.26,405.8
10870.64,7,536.74,255.03
32862.84,3,520.92,340.54
41565.23,2,107.3,131.75
40497.01,4,884.46,233.97
7217.94,14,934.29,260.85
38490.41,8,859.34,314.62
13323.9,11,440.95,254.44
2772.63,3,267.61,119.6
16809.07,13,155.99,296.63
26590.11,7,803.27,497.78
22782.84,12,494.7,93.91
15578.99,13,35.8,26.06
43755.6,5,875.03,286.14
31520.78,3,254.34,127.62
39231.5,16,13.52,47.28
26950.43,10,36.48,462.92
29328.84,18,224.46,73.78
41245.37,16,760.31,13.29
35903.37,19,231.46,465.96
4283.26,5,406.1,378.83
5529.98,2,966.89,222.93
40629.83,13,595.55,320.09
28715.41,7,726.58,194.15
43078.72,10,494.65,8.79
35358.12,11,69.56,338.23
43986.14,11,965.59,243.55
48030.9,14,626.5,153.68
17468.49,13,904.53,464.64
49445.55,3,291.41,439.5
38508.68,18,897.68,420.17
23677.27,2,211.13,336.94
25972.11,13,924.66,322.68
26682.8,11,604.42,420.02
7945.89,15,918.97,436.08
10605.4,16,688.05,38.4
36057.84,14,852.98,93.68
20842.92,15,399.96,455.38
32053.61,9,251.12,241.26
41037.76,2,441.42,317.68
21341.48,19,431.16,325.34
7404.05,7,921.98,474.85
12502.5,16,413.88,128.89
16609.04,19,824.02,292.38
37730.53,8,628.08,437.04
30636.72,7,694.42,360.95
4162.29,19,708.71,434.83
13794.65,5,298.47,141.26
28086.67,3,237.25,172.99
33768.21,3,532.97,385.82
25151.59,15,971.64,129.91
18447.25,9,195.01,134.45
30162.55,17,201.76,206.76
4221.16,7,132.52,195.71
4290.56,11,977.66,142.84
46814.38,19,399.92,285.06
38262.97,14,603.8,155.34
34976.11,17,714.07,156.05
17983.68,13,573.82,91.31
30051.67,4,323.92,400.38
9934.5,14,764.71,484.26
45203.16,9,928.54,1.64
21492.45,13,747.97,0.23
36344.87,13,427.56,48.04
45294.21,5,779.44,168.4
21760.95,19,289.08,477.5
37464.09,16,964.14,454.62
39715.39,1,806.97,1.7
36596.81,9,706.23,376.84
35795.85,18,235.1,113.7
35576.07,16,109.44,203.62
11138.78,16,185.37,484.11
27276.11,12,470.46,65.61
3669.21,8,10.39,427.99
637.42,9,526.13,187.02
48962.36,6,738.03,247.74
8420.88,16,223.17,97.58
29098.58,16,839.12,297.7
38426.4,14,862.11,56.15
23192.97,8,232.67,121.98
7419.19,9,686.04,112.92
3460.19,19,866.27,154.23
29222.89,1,225.88,394.26
4756.27,1,220.35,485.55
2776.11,9,763.1,288.68
13747.82,19,566.65,138.91
5245.39,18,307.38,9.54
42443.14,19,904.25,106.02
33815.61,19,152.53,449.16
13036.43,10,53.14,442.41
26685.45,2,334.13,457.42
5875.22,13,476.67,326.05
6330.02,14,151.21,111.14
30569.96,14,162.42,157.87
46352.93,1,371.07,101.28
7959.43,2,569.79,360.99
24712.35,14,167.04,284.23
15843.78,14,144.32,335.44
44682.51,6,703.17,156.49
8414.31,13,929.93,125.56
32076.62,2,262.45,129.52
28852.02,4,397.12,218.73
6880.02,10,535.16,420.29
17272.48,10,549.69,441.66
20222.02,7,840.84,483.74
36966.27,19,57.16,476.99
37595.64,15,129.8,21.13
9130.59,14,210.44,18.89
29573.81,5,994.92,201.04
37483.55,10,868.5,40.38
23926.54,13,316.86,176.38
18434.14,17,277.7,78.16
9822.66,2,201.68,97.4
12854.64,2,780.97,486.63
8347.86,9,109.54,375.06
30388.61,12,527.16,112.75
23744.32,13,777.69,311.38
21590.85,7,606.01,400.37
19752.59,19,466.77,336.83
7492.28,16,571.62,14.12
15863.56,16,154.06,486.62
36550.07,9,917.67,179.89
3551.02,11,29.83,3.08
5119.46,19,517.21,387.87
46396.07,18,888.52,474.27
7580.36,12,210.17,65.1
34310.59,2,582.18,403.44
31520.73,15,386.6,423.34
17179.1,17,592.69,220.08
22969.73,8,689.15,100.32
29320.24,8,48.15,2.42
36226.2,18,157.05,441.01
29953.56,7,247.3,292.59
4440.08,6,561.66,399.24
9750.15,12,883.87,411.17
31312.1,19,206.54,358.04
47377.91,6,417.31,45.12
37939.81,2,813.07,54.45
3558.17,17,444.71,183.88
17082.66,10,761.79,23.74
18449.25,19,961.69,128.63
7897.32,1,749.27,213.76
36044.24,2,702.03,400.82
45860.15,2,900.44,406.09
13678.78,13,33.72,444.05
49479.73,2,749.96,255.06
4249.3,12,404.66,165.4
10924.29,3,821.18,49.82
38234.69,3,105.24,311.73
20703.7,19,986.78,44.87
30847.94,10,344.01,390.51
47936.78,17,615.22,383.98
25778.35,17,686.45,58.36
38990.47,18,792.46,209.74
17592.68,18,361.17,119.06
45439.56,19,527.55,393.09
37600.33,13,780.5,333.39
1079.63,5,412.21,148.6
19136.7,17,403.84,44.27
16509.69,3,12.2,306.74
15591.57,15,134.09,35.91
15470.15,12,276.77,489.62
38702.42,4,493.77,232.83
48879.87,14,376.05,378.82
42384.41,2,893.06,264.94
22554.18,3,701.37,185.07
42917.75,7,338.61,223.08
18983.23,15,893.98,51.25
30211.29,4,805.29,109.04
15037.37,16,256.45,484.8
13496.7,17,375.93,480.32
37835.75,1,971.34,297.23
27668.38,3,566.64,26.94
38378.95,12,986.49,120.55
46151.18,13,955.16,187.48
40386.83,18,611.45,295.28
8271.51,5,133.96,171.67
25139.29,1,509.71,470.21
49999.11,10,88.25,152.96
48404.63,18,867.01,328.76
15371.43,14,579.91,461.69
37161.34,13,499.79,374.17
732.68,1,280.36,492.37
32285.79,5,15.82,282.35
35783.5,4,431.68,195.02
2588.64,3,319.19,56.94
25459.82,15,267.42,301.86
34479.51,7,579.28,280.67
623.38,7,867.96,124.32
33221.61,9,202.98,87.9
20692.12,12,679.03,491.6
30176.69,6,924.72,410.45
15091.21,5,140.14,83.94
44289.49,8,724.07,470.5
31946.78,16,231.2,265.91
5287.96,15,598.8,427.8
20387.65,1,465.99,178.13
6288.27,11,458.57,175.23
45189.25,19,302.38,95.78
16089.84,14,809.17,238.96
18995.21,1,761.37,280.61
404.45,5,575.35,77.21
1312.81,18,238.07,248.06
45889.14,11,932.47,458.85
25995.63,3,983.64,294.31
3080.84,14,209.75,12.92
32148.45,5,729.55,280.14
9596.27,8,760.92,218.47
6356.88,7,876.0,420.81
2837.85,8,827.36,325.34
32037.65,12,745.81,415.11
30619.92,12,719.28,482.37
16910.11,1,730.2,350.13
26292.05,6,47.07,303.1
40471.17,7,155.57,390.4
21115.61,17,97.46,68.1
2585.11,10,98.9,190.27
14973.49,14,385.13,277.47
5626.23,14,508.35,50.1
4774.09,4,58.18,479.12
32197.63,3,224.18,368.12
38920.05,15,756.13,421.73
42503.3,1,238.82,472.12
33059.8,19,364.99,391.14
36869.4,15,215.61,221.53
46082.1,7,476.1,254.21
15309.12,16,573.73,194.77
32715.35,16,288.66,351.9
19881.89,19,340.2,52.35
25234.59,11,236.31,329.94
16197.79,12,803.58,298.43
9631.63,6,941.55,345.83
29285.33,19,530.41,451.85
18568.23,10,625.64,69.59
43246.79,17,812.93,219.58
6311.59,17,768.47,385.36
35120.02,7,233.63,256.59
20785.47,15,382.54,434.43
26317.81,6,370.54,151.05
45976.53,2,689.72,452.92
26248.6,10,86.27,461.7
33016.56,14,444.76,252.75
17892.64,1,178.8,259.73
31377.93,8,950.32,272.77
6311.75,3,109.05,383.68
11544.07,17,479.67,334.49
20553.87,2,968.12,361.9
2262.75,2,611.19,51.78
19429.19,15,639.27,74.01
15304.77,4,865.23,198.88
8737.45,15,99.4,77.74
11842.61,1,523.21,394.26
10324.37,2,393.93,291.51
37338.87,11,345.13,103.79
34898.06,10,844.46,456.85
47531.98,5,474.22,191.83
10665.45,17,32.22,74.44
35094.88,8,359.78,230.05
5057.03,15,883.01,223.55
4047.93,1,606.35,353.5
9564.51,1,172.19,422.91
25276.8,1,526.33,43.08
26877.46,15,509.69,147.85
5428.01,19,794.53,400.84
1745.51,14,712.1,134.93
38450.7,15,556.35,484.83
29083.39,1,980.31,268.24
37539.54,18,365.15,1.32
5034.66,7,354.76,367.0
49074.06,7,443.06,82.1
32332.07,3,704.31,422.36
1713.81,11,324.98,215.79
27620.21,17,639.19,451.86
35237.23,5,309.51,147.15
42217.13,10,804.51,370.23
29353.49,14,886.34,79.43
15810.35,12,519.31,106.04
40161.63,17,637.82,435.93
12728.85,9,672.41,407.05
6582.79,6,778.46,34.37
21179.59,7,41.12,455.53
20933.4,9,859.36,74.84
12677.99,14,530.97,460.54
26755.22,11,815.37,460.01
36015.73,2,415.99,456.31
7807.6,2,392.61,484.55
31423.56,2,534.99,439.47
4785.2,6,869.83,222.96
10841.7,2,477.34,375.85
5040.48,1,865.63,268.64
7805.24,16,600.43,313.67
45126.92,7,310.35,72.24
32127.39,5,495.67,305.91
48115.13,17,497.06,390.02
19876.85,7,864.68,7.59
20383.93,10,313.96,496.62
15185.59,10,457.24,246.27
38893.63,14,455.43,448.82
34178.61,11,620.05,341.15
46033.05,17,713.09,73.42
22582.86,12,993.25,395.82
47037.9,14,113.37,170.97
47267.96,17,332.99,100.65
17712.72,14,797.01,122.83
18669.71,16,596.46,306.47
22387.4,9,530.57,92.96
15046.88,14,886.85,487.98
36491.28,18,502.34,160.98
9247.31,11,441.28,159.74
19803.12,13,41.96,8.0
47608.45,17,555.88,305.05
25071.91,2,791.6,274.92
10816.38,8,48.96,368.46
23569.96,2,791.91,355.18
13468.24,14,536.96,364.96
8916.34,6,702.56,77.25
3308.3,19,802.04,347.09
5096.42,10,950.43,22.57
17679.34,6,77.23,24.34
11687.03,15,880.82,33.0
48240.34,5,819.77,393.83
21769.97,16,686.6,6.64
27440.99,18,983.34,151.69
5347.51,19,591.71,319.96
3115.03,9,312.69,262.27
43884.9,17,276.01,254.82
11117.93,3,37.43,150.98
49824.87,2,887.09,37.7
27831.03,10,196.4,200.29
17160.19,16,594.17,371.81
43321.15,4,420.29,222.87
33699.79,1,477.56,126.42
2332.14,14,171.99,174.93
45913.1,7,743.29,2.25
12352.12,13,842.55,393.1
2197.99,13,135.65,216.42
1350.71,17,480.42,64.69
37114.37,17,617.27,248.22
36985.2,19,272.32,50.26
21371.18,1,19.5,388.56
12705.32,13,347.02,499.92
6277.35,12,30.76,81.88
4521.63,19,499.18,234.18
31983.47,3,285.74,475.69
42011.95,11,137.95,80.04
49331.87,17,912.98,418.25
31881.0,10,666.74,464.64
18384.29,9,57.34,326.95
27640.86,9,814.89,111.46
1531.7,4,59.42,78.45
8238.19,6,932.49,247.96
46534.88,11,690.15,323.16
19069.77,8,200.92,213.2
42806.47,7,565.55,372.14
5048.47,17,273.28,397.51
36406.71,15,910.53,257.66
8700.34,5,465.68,173.58
45423.74,12,934.66,8.36
38919.58,19,186.67,171.6
41633.28,4,487.13,128.11
17175.59,16,134.53,378.79
33589.82,6,373.25,218.53
20917.97,18,381.95,273.53
37793.3,14,697.08,207.11
14540.74,7,497.75,141.46
3040.2,7,494.3,332.14
29829.69,10,975.93,57.26
271.61,18,151.0,312.96
19576.42,4,377.63,121.7
37195.29,11,139.31,99.91
41657.72,9,437.83,182.98
14344.58,19,674.32,8.94
43428.9,17,455.74,5.93
40047.84,16,215.65,363.21
31200.39,10,956.61,99.43
36037.46,13,597.15,344.47
27980.78,12,109.11,64.56
2209.75,15,583.27,346.29
42904.91,7,828.54,158.9
45171.26,2,846.68,404.98
44539.98,12,59.93,214.05
37910.83,12,726.4,74.6
26856.9,12,118.7,221.77
33291.75,5,719.25,255.36
16013.6,3,124.47,249.14
8607.13,8,527.48,429.88
38174.86,11,218.65,8.55
20027.73,10,724.94,17.56
27402.41,5,999.86,220.99
22450.35,5,223.98,463.23
31506.94,5,479.98,365.14
46060.28,13,630.32,188.54
23737.65,6,766.51,2.99
16890.93,10,152.58,346.42
29874.48,14,69.99,472.19
17174.6,3,857.46,279.31
32124.51,8,446.27,106.37
16737.28,13,99.88,361.48
35949.44,1,377.0,208.93
24138.62,2,216.49,272.23
1421.44,18,170.59,84.28
44746.78,2,803.25,415.6
48300.54,19,356.65,380.82
16170.64,15,711.86,473.14
26550.35,10,128.73,346.91
34116.86,17,184.95,29.2
196.96,4,544.22,416.04
34435.58,3,88.39,291.4
7590.86,6,822.28,102.61
4964.91,19,546.79,124.44
46683.21,3,404.45,75.34
10611.28,19,241.57,316.94
46401.79,7,116.06,311.35
5009.67,2,293.72,303.75
40169.41,17,709.23,29.43
19487.76,11,554.16,339.81
32289.86,2,795.04,169.72
28075.71,15,48.08,177.56
33569.18,3,566.34,407.89
18193.3,15,317.08,404.69
29925.93,1,755.49,21.49
39863.56,2,988.41,380.59
30250.88,14,106.98,125.13
9511.47,6,412.69,319.26
19077.97,8,951.13,259.46
32874.35,6,115.41,466.84
1922.47,12,542.17,131.02
14843.76,7,152.18,483.82
29313.15,18,350.34,118.63
24360.83,2,931.25,333.69
3290.29,1,44.57,439.81
3200.01,2,259.48,268.71
25100.01,6,158.83,120.33
44128.65,15,465.22,94.22
45002.7,15,575.76,388.11
30551.97,19,882.19,371.24
47471.83,13,772.33,333.72
39004.32,1,770.64,60.3
3840.83,2,558.12,139.75
21558.14,14,424.85,200.72
20849.88,9,409.11,217.01
31631.76,9,979.46,432.33
5779.15,11,12.84,254.1
36171.52,7,468.33,399.7
45443.43,9,401.36,456.78
35715.19,2,800.78,105.2
7455.55,7,911.63,468.96
7513.91,15,932.01,400.07
43381.99,14,845.9,271.3
34402.94,13,477.93,111.48
8518.33,10,908.29,434.12
19902.6,8,998.28,351.55
25224.56,19,49.06,106.76
44773.22,6,563.89,418.03
39717.83,3,731.01,193.14
29007.58,13,430.85,39.36
41970.23,13,979.33,162.45
35175.41,19,852.24,332.59
35720.93,17,289.6,485.38
48147.84,7,972.6,233.68
3090.06,12,754.91,357.35
4820.37,8,331.33,200.85
6222.38,3,587.75,412.95
21240.28,19,658.47,370.81
21622.29,10,762.64,391.92
14094.21,7,728.42,411.83
13408.18,4,150.78,449.29
23877.35,19,873.69,292.89
15460.34,12,735.26,364.28
29537.81,14,841.1,465.93
36960.51,6,586.24,303.74
13621.48,19,258.14,259.07
40016.71,2,266.48,88.52
18057.52,5,278.74,377.12
47808.88,1,250.5,43.35
13875.2,14,620.37,488.19
25405.93,13,383.48,352.35
26832.47,8,512.72,456.57
5796.9,5,831.28,29.04
17827.63,11,243.24,396.76
8309.19,16,646.97,433.66
3508.99,7,28.25,192.65
19319.69,16,33.64,22.79
21475.78,10,485.88,355.02
48264.94,10,778.32,109.04
10445.71,6,975.25,143.3
33210.96,17,630.64,13.29
18866.0,5,447.6,472.8
22761.89,19,417.13,192.77
7071.19,18,398.5,286.35
46612.53,8,209.36,58.26
37066.52,10,702.86,38.76
44258.74,2,424.46,360.79
29759.79,1,37.91,336.54
49612.18,4,555.13,302.87
18109.1,16,507.15,388.28
40986.77,2,863.89,349.83
22921.45,18,152.86,458.26
26808.99,17,159.86,38.86
38781.95,15,629.93,491.24
30722.36,19,408.07,169.97
31819.25,17,833.84,127.06
30198.39,3,651.34,92.89
22299.46,17,834.46,240.47
39561.09,8,602.56,450.05
49584.58,4,964.52,430.23
19557.82,19,518.71,369.38
47221.44,4,902.2,467.23
42887.75,12,777.87,175.46
49248.26,5,648.26,336.4
17452.0,13,950.02,15.97
6206.14,3,119.17,52.68
28102.59,18,593.93,464.96
14060.76,14,170.64,351.22
10906.51,16,280.31,434.88
26862.67,12,150.67,271.58
2743.8,1,379.21,40.65
28712.95,9,895.65,239.69
29482.48,12,14.09,451.69
40226.6,13,141.06,256.07
32639.98,11,49.61,350.13
10317.27,5,861.55,83.14
19826.27,7,666.86,454.99
9705.99,13,207.43,116.71
2665.59,15,11.26,398.24
42119.81,2,82.54,435.35
22429.18,3,932.31,48.5
16283.73,9,414.36,213.69
6230.53,16,372.38,469.56
39293.54,17,339.44,1.48
23409.4,10,553.65,56.16
18290.33,6,506.38,302.76
38336.08,10,955.56,432.02
44232.14,4,830.73,440.5
21473.82,18,45.76,69.56
12943.67,5,249.16,320.56
24258.43,10,698.65,34.64
42241.95,8,648.16,42.72
19315.01,4,732.31,316.53
39928.03,10,338.53,368.42
23190.61,6,55.51,70.65
21874.41,7,430.39,11.34
44474.21,3,507.49,329.68
33889.54,19,784.0,24.51
32659.36,5,395.46,282.01
42805.08,9,533.86,232.14
3675.57,8,973.03,374.67
24619.99,15,352.89,319.05
44045.55,12,817.15,311.02
4183.4,18,443.61,378.44
9170.59,4,548.49,419.27
38304.5,7,972.92,430.51
31021.78,6,23.42,335.05
14350.89,2,260.18,365.69
17718.21,1,130.4,326.19
27377.94,5,780.34,306.19
610.21,1,367.43,204.52
29311.65,19,748.23,400.8
37649.45,10,909.41,26.5
47971.91,12,579.51,345.12
32218.14,6,827.02,66.15
49061.78,1,967.58,366.26
4273.7,19,440.1,127.76
21390.96,11,829.08,101.32
36665.68,13,87.46,77.32
28957.97,10,652.7,2.85
6942.03,18,64.1,423.61
31835.51,3,226.05,227.92
4264.45,9,512.16,34.53
45008.31,14,406.65,425.95
24416.87,19,62.4,205.22
20885.26,7,748.01,85.81
27087.6,4,531.34,453.48
45004.87,3,988.14,466.03
22916.27,12,663.91,31.86
26229.71,11,27.88,241.45
10868.63,7,446.12,286.48
7415.09,1,569.42,429.64
24699.66,6,156.5,260.61
13860.39,14,551.56,7.78
32738.61,15,192.18,80.05
44029.41,1,460.34,315.79
14625.56,17,561.65,434.61
27558.18,15,532.84,492.55
48806.84,10,313.03,215.09
28105.94,15,606.15,315.08
6960.17,18,608.2,177.3
17597.33,14,631.89,438.25
38516.02,9,889.56,288.82
43461.44,8,699.72,27.27
31427.87,17,958.32,37.79
16663.26,9,48.42,194.78
25212.15,11,401.93,49.81
36120.23,13,439.55,339.25
41339.05,18,72.16,295.36
46600.36,2,54.91,0.63
34345.49,9,398.09,467.17
24087.83,18,583.63,440.72
40128.53,19,606.92,459.77
21936.35,11,201.4,413.34
38399.88,14,727.16,216.79
26409.63,19,315.23,443.84
33357.37,7,754.02,430.75
44219.03,12,811.78,434.92
43253.19,12,527.36,138.15
36269.77,13,78.71,11.11
10503.1,15,336.95,412.53
11239.2,17,416.82,33.08
14936.33,11,330.47,30.13
32144.01,6,140.85,131.91
16509.65,19,922.2,21.44
10496.25,2,823.94,27.32
35381.15,2,953.32,394.34
13792.69,12,251.86,120.78
17262.19,5,74.5,352.9
39983.59,3,354.62,43.34
23666.16,3,333.72,434.45
15384.84,16,111.6,90.83
27776.19,14,168.17,95.05
28410.3,7,36.88,426.85
49390.19,16,590.59,100.53
23114.24,4,434.26,404.8
43770.11,13,190.36,398.05
15178.77,19,574.04,148.95
12206.82,7,855.66,457.92
38078.4,7,683.55,376.61
9176.86,14,935.62,181.23
42782.87,19,103.26,22.13
37879.18,16,752.87,118.53
24017.6,16,880.59,136.77
38055.41,12,195.79,338.26
37979.15,17,422.1,249.9
10672.75,16,388.37,245.05
36902.75,13,696.36,417.95
43382.94,5,716.19,287.66
2970.16,14,399.67,57.36
27364.0,8,522.34,268.49
49714.05,3,564.73,304.53
8766.53,19,564.18,193.71
9719.18,18,585.69,44.54
16313.47,8,63.85,169.98
23208.65,2,219.02,269.02
403.86,11,306.46,438.36
29792.05,11,996.58,63.52
15879.68,17,660.77,334.9
36612.13,13,654.99,184.29
6461.18,3,346.09,205.59
36209.6,10,152.47,215.2
38978.79,16,631.46,352.08
35776.91,2,300.52,334.43
24815.27,8,676.3,188.96
8215.77,14,874.6,303.71
12494.16,7,560.83,213.86
32412.16,16,781.39,413.23
41675.13,8,35.45,17.47
3769.68,9,732.48,204.44
26995.69,11,881.26,28.52
45302.74,5,197.93,123.67
14447.28,1,635.98,350.11
7842.64,10,99.71,314.38
11825.53,5,418.95,127.71
49940.26,14,619.77,321.55
37897.43,15,824.38,98.86
36293.21,12,103.49,139.61
15299.19,11,474.94,167.15
14961.19,19,483.9,79.82
41033.67,10,337.14,457.21
10337.57,12,352.31,431.82
4966.58,16,932.87,297.43
32765.05,7,373.78,494.63
3360.52,10,577.62,47.97
45777.34,12,791.43,274.32
35624.92,19,973.31,138.89
16106.23,4,232.15,497.11
38193.08,15,742.15,179.32
39995.01,10,502.89,469.29
26591.18,14,311.18,332.54
45090.32,8,546.03,476.75
21239.24,5,979.51,152.62
788.86,3,923.09,133.9
8807.57,18,637.36,24.9
22396.95,12,966.74,355.17
22089.58,1,357.07,413.18
44341.66,16,907.86,446.76
41599.64,8,115.21,175.3
46680.71,1,243.25,482.58
49820.44,18,257.54,95.98
5316.13,7,825.47,120.68
20993.16,4,434.08,30.64
44233.67,5,248.44,496.43
3514.93,10,743.56,466.27
5595.78,10,202.89,274.46
10064.11,4,857.25,235.05
3552.08,13,259.47,36.77
48817.83,9,124.16,165.07
29736.69,11,519.2,44.23
28685.33,16,207.3,391.17
40438.72,9,638.45,425.65
33812.01,2,889.59,451.86
25644.79,19,282.24,321.45
39602.6,19,236.46,134.18
37003.96,5,445.65,83.35
45521.88,1,996.16,187.04
41894.09,17,989.84,342.55
22100.8,17,96.49,276.16
2013.68,11,453.84,10.03
21881.65,16,954.71,65.31
2194.95,11,356.26,445.25
7159.79,10,474.08,381.43
47292.81,5,106.32,46.87
25258.01,19,648.58,21.32
38945.45,17,880.97,495.54
44292.7,5,697.43,168.15
36782.11,18,468.61,70.71
35948.0,18,352.38,186.27
13241.71,4,491.23,260.03
34968.83,2,832.84,437.63
40526.35,7,319.39,451.06
28665.98,8,867.01,345.49
8489.37,3,774.31,498.98
49397.18,14,690.07,107.77
33298.11,19,928.0,25.52
6493.29,3,237.69,153.46
49521.91,15,755.74,145.8
5757.98,18,622.29,307.61
47965.0,13,283.62,136.72
45216.5,6,31.87,301.48
7107.2,12,641.95,403.36
46535.77,11,695.46,268.39
9665.12,12,173.88,236.67
17994.25,12,787.28,123.96
46482.16,1,383.13,15.58
17332.46,8,761.97,98.36
9807.44,4,455.76,45.45
44243.01,13,871.93,324.2
46001.42,10,901.19,470.6
17379.55,9,582.0,214.89
43960.54,14,680.72,288.5
4170.28,14,308.26,383.79
18051.78,1,168.14,36.06
10118.11,8,200.73,108.37
7442.32,5,755.26,77.51
34943.62,6,256.42,14.78
24683.18,8,454.08,37.24
23621.37,17,958.38,224.93
33679.26,15,480.11,94.12
35490.3,4,107.92,147.56
34370.02,13,576.36,269.84
20220.93,13,637.44,403.4
21387.79,1,923.4,411.87
6175.28,10,517.07,477.67
26976.45,10,250.82,174.47
14473.44,12,633.0,304.09
48278.7,4,675.55,179.66
48538.83,12,337.43,92.44
35486.69,1,782.27,283.22
31778.9,11,571.19,212.86
15176.72,18,844.27,69.74
16806.9,3,891.3,287.96
28402.65,15,889.25,478.57
10365.05,2,975.44,238.71
40901.81,7,849.32,264.15
6533.54,5,84.18,383.75
29022.58,8,938.76,79.87
12290.9,5,639.84,335.6
31808.5,10,17.89,215.77
8440.76,11,216.14,375.93
25727.22,4,981.37,166.18
37116.77,7,429.71,498.25
33471.56,14,232.86,487.35
15437.76,11,824.29,390.3
21609.63,6,187.71,486.26
41300.65,18,73.0,312.66
28621.35,12,745.44,423.56
45257.02,9,800.02,194.3
32977.9,19,37.66,56.54
23717.97,16,820.03,249.82
15952.81,3,60.7,91.91
37182.49,17,541.54,257.81
40309.97,9,675.18,319.92
27014.54,9,256.02,343.66
25319.24,5,308.5,293.32
26372.59,17,246.05,61.79
28844.22,16,712.41,393.49
33683.93,1,978.38,46.76
34083.78,9,188.01,20.08
26698.69,3,472.63,131.47
40919.96,8,821.13,367.74
7244.53,12,653.06,158.64
19311.0,16,590.23,344.38
34144.16,4,72.78,472.98
25371.78,7,717.36,160.27
28373.12,18,340.74,387.72
21545.45,13,228.46,405.41
24943.27,9,149.83,424.86
27125.13,16,809.7,316.18
2096.91,14,807.88,444.34
41065.22,6,279.49,435.21
7594.94,13,729.75,52.0
25366.2,2,505.43,118.98
39973.24,7,948.11,412.03
42812.96,1,396.88,384.28
41806.75,9,868.04,269.56
8955.66,5,715.32,315.82
33247.61,11,431.54,156.67
33375.02,2,548.34,358.09
16670.56,4,663.31,394.08
19138.28,8,825.86,55.53
18931.84,9,574.54,18.72
38133.14,7,773.06,149.44
27998.23,11,586.98,150.5
44535.45,6,92.28,152.13
6237.34,3,109.06,43.99
15899.7,15,599.17,290.54
32525.93,8,555.55,451.54
34764.05,17,107.15,254.29
14890.82,17,103.24,275.43
47132.66,5,496.57,92.36
6130.37,12,927.08,258.03
45684.9,7,789.56,264.55
31201.1,11,952.09,499.01
37729.51,8,990.93,262.95
19824.98,6,274.45,302.48
26905.41,19,698.68,309.27
34109.55,15,63.77,206.14
37649.44,9,522.38,4.51
9145.73,12,108.99,378.83
25624.98,1,766.41,235.31
45019.46,12,823.27,456.55
30853.74,1,323.1,65.87
26595.96,16,85.58,104.5
37681.73,19,501.48,82.37
873.56,10,568.99,151.74
47398.76,3,765.02,468.06
26163.03,17,895.58,127.4
28566.42,8,467.04,7.58
42762.5,11,916.01,245.3
21781.86,8,47.14,490.72
1726.38,1,32.53,394.38
29436.18,13,59.18,156.0
3073.63,16,442.91,41.78
25753.16,13,162.38,310.0
43767.48,2,323.3,386.29
10344.84,15,559.12,185.2
13474.81,17,940.98,96.61
18463.98,18,43.72,462.27
19962.41,4,232.08,165.52
3647.31,4,534.25,349.22
12420.35,18,27.3,247.1
18509.36,19,234.45,396.18
16954.18,13,587.49,479.76
17650.12,8,629.96,112.04
4776.15,14,787.21,153.5
17757.73,17,862.47,98.56
31571.29,8,603.73,89.13
38443.19,10,475.74,372.57
3690.48,2,670.38,396.07
19852.02,5,943.5,431.13
26265.41,15,616.15,433.24
45011.66,17,253.89,401.57
16084.15,15,728.29,192.05
1575.61,2,766.88,7.83
1097.23,3,598.92,100.79
44788.51,15,331.87,328.24
43982.45,11,915.96,163.28
12319.44,3,402.71,156.52
4350.75,10,86.07,222.95
937.9,12,27.78,156.35
10568.99,12,701.53,278.6
34291.01,6,141.07,154.97
12027.44,9,690.07,140.44
12371.71,6,932.73,80.63
1975.87,8,616.65,258.97
1477.41,18,679.3,417.57
1540.45,2,579.32,393.88
19965.44,19,93.31,126.29
34447.24,8,445.03,296.76
26749.45,16,856.54,160.9
29104.79,1,995.28,179.74
41388.13,6,165.21,424.19
35353.83,6,870.61,300.46
30622.8,14,278.34,309.44
4780.3,10,690.57,18.26
49692.1,8,76.6,280.01
36427.39,11,624.51,111.47
2315.66,7,611.1,221.25
33589.15,17,208.6,145.06
31790.28,2,224.51,488.41
22642.61,7,363.48,489.56
19939.97,6,820.39,30.12
40407.65,9,227.12,81.83
14041.85,7,129.32,408.57
36806.0,6,147.39,483.32
30973.55,12,564.3,88.38
19787.68,10,836.6,109.4
29443.81,7,706.7,252.8
21703.2,19,417.77,354.98
40598.08,15,713.57,345.08
9706.35,14,242.21,494.19
40395.41,17,151.81,497.0
25726.31,13,405.87,340.15
33380.37,10,934.46,330.26
4894.06,7,240.89,105.3
5390.39,6,147.56,70.61
16689.15,5,261.42,12.3
40348.77,12,397.72,301.97
32103.27,17,190.25,164.97
27257.92,9,578.22,183.17
551.83,2,760.03,155.01
24691.44,13,447.03,464.2
26167.15,1,496.89,136.31
37836.82,13,737.73,128.32
13511.43,7,59.25,67.29
2274.39,7,559.98,67.37
28543.01,14,835.58,246.24
45037.75,1,12.97,77.01
36672.7,19,588.79,454.89
41519.52,2,240.5,154.54
1600.68,4,428.49,256.16
9362.9,6,144.31,222.63
45217.94,8,813.49,459.87
47935.21,8,872.89,380.52
25053.22,2,260.28,209.48
49102.89,2,86.29,412.84
12740.58,12,675.93,233.56
4382.65,18,690.96,154.19
26681.8,8,292.26,277.82
22945.02,17,497.34,243.04
22267.67,17,84.55,122.24
314.23,11,44.29,392.04
5541.21,10,207.17,397.78
16996.61,12,96.75,66.85
30121.33,14,214.13,249.89
49590.88,13,613.1,433.72
19133.9,13,460.36,427.25
33820.56,9,316.14,169.65
12673.13,6,438.32,360.84
41809.64,19,248.29,215.32
14459.77,2,975.78,223.6
16882.94,11,958.5,158.31
8698.81,15,716.44,453.19
25592.29,11,814.05,38.93
731.79,5,46.4,300.68
17499.48,1,452.8,280.59
14759.81,4,616.33,444.01
20284.04,17,163.63,190.76
8775.04,16,361.4,424.33
11318.15,12,130.75,20.95
3915.0,16,106.37,384.58
5004.12,16,971.72,63.1
15541.52,12,891.4,420.39
34664.24,2,941.84,384.03
38743.78,7,674.14,315.39
39961.54,16,482.98,328.39
7830.38,14,928.16,409.63
36715.21,4,766.85,302.08
27924.12,17,696.6,57.21
45727.44,3,272.21,93.69
23758.03,10,791.17,455.56
14477.8,8,656.5,412.21
33316.59,16,115.21,244.74
38482.87,11,358.19,368.43
13660.23,18,496.42,345.84
41665.11,11,930.37,462.58
11398.22,1,563.15,88.81
36403.14,10,670.97,364.43
24400.28,12,76.55,448.26
989.17,8,69.93,12.5
42326.5,9,236.56,23.63
821.73,1,211.5,298.03
20945.63,18,62.24,494.09
15949.84,11,828.83,243.95
37140.1,19,726.24,293.1
15602.62,5,718.6,319.11
12185.8,7,141.99,401.56
24068.89,17,316.35,312.18
13682.84,1,836.27,178.72
18383.55,19,873.04,365.05
3401.23,14,327.63,59.26
20447.86,7,130.62,231.81
40232.32,6,648.91,48.78
43777.22,6,360.67,268.27
37300.8,19,556.22,260.59
43763.18,19,61.56,357.19
11166.78,5,533.37,44.27
1378.35,4,675.22,308.03
13671.27,18,46.16,91.91
26569.6,14,746.11,330.74
9414.19,2,767.19,350.41
30653.9,17,392.84,202.57
14179.72,14,704.64,441.52
40487.12,13,379.8,326.13
31667.39,5,765.38,48.44
12621.8,12,711.87,451.59
14798.9,19,434.87,119.4
36164.3,19,882.59,43.74
22518.5,6,373.77,310.52
13281.38,3,876.2,266.77
31027.26,19,777.27,207.1
10568.32,13,555.72,65.52
29357.72,4,430.6,478.18
15770.72,14,497.97,181.21
41329.64,6,798.22,67.47
13793.89,1,915.42,433.23
13203.44,15,656.11,80.45
1201.61,7,285.25,384.3
34611.26,14,265.8,415.1
14204.41,12,789.52,217.6
32850.25,17,323.4,303.35
49317.63,5,533.05,303.78
280.83,2,95.51,389.75
27394.18,17,636.68,81.76
10010.12,7,146.87,266.58
20321.43,4,319.07,308.83
30243.39,1,974.31,36.62
34617.21,12,13.47,287.51
49192.15,8,206.1,415.86
34284.84,9,580.68,161.55
34999.68,5,713.53,124.71
6267.35,19,786.4,288.75
46787.05,3,818.27,434.38
37049.33,3,549.77,59.06
19626.59,5,720.27,334.63
46002.94,6,411.46,219.76
2903.35,17,78.36,429.14
20389.89,8,15.99,420.38
2205.22,15,862.49,248.04
32282.2,14,428.22,222.75
7960.17,14,670.02,203.54
7354.22,14,585.08,405.31
35984.17,14,254.54,459.08
518.19,1,950.12,328.31
30017.99,15,581.46,212.54
3261.03,3,555.73,240.9
19367.9,19,236.13,98.16
3955.02,9,35.04,455.02
16395.99,17,185.54,440.84
844.26,6,662.42,226.02
42901.79,3,704.87,275.57
38571.46,12,525.87,107.18
32071.31,8,301.77,457.02
26415.44,17,537.17,25.11
144.5,4,978.63,102.78
40429.36,7,183.37,304.48
43614.0,19,283.4,133.02
3623.69,11,75.19,330.91
3502.39,16,324.08,277.76
22955.02,2,726.39,403.24
29044.76,2,724.53,362.82
32695.27,1,871.37,127.21
21575.95,8,42.72,142.65
49453.46,10,655.2,212.89
42307.5,16,328.57,293.7
21569.62,19,572.39,176.47
6993.91,3,309.71,343.23
9544.05,14,312.2,490.7
1823.72,9,709.5,427.21
39794.21,3,258.53,307.61
25227.35,10,288.28,319.69
27413.02,7,47.67,361.09
35707.17,7,39.84,174.37
49377.36,17,922.7,146.99
11800.49,11,782.76,58.47
11405.81,1,317.83,463.48
25033.88,1,121.91,225.64
1776.62,14,851.64,363.1
26979.06,11,567.24,305.07
13485.93,18,608.56,466.38
48799.01,8,476.32,430.43
1210.14,3,384.44,310.13
21882.6,14,627.5,465.04
35670.37,1,528.13,239.61
20766.23,12,250.82,185.44
49692.4,17,662.91,246.58
27947.97,6,317.87,100.22
7199.38,15,94.99,27.02
24668.41,12,651.86,383.83
44876.4,5,198.73,159.63
3647.64,1,404.13,86.4
3703.38,17,328.88,249.01
37758.27,18,246.2,43.26
4049.58,1,385.89,451.71
10340.28,10,123.96,264.2
32193.08,6,705.97,29.49
10038.44,5,534.68,362.4
7455.65,1,68.35,37.43
42206.89,16,858.48,320.3
9889.79,13,422.1,113.29
36365.63,4,208.3,38.36
8664.11,19,873.69,189.25
3450.87,10,410.99,34.86
40693.08,19,134.79,51.01
10800.21,12,782.16,329.93
3802.43,9,155.65,439.23
13025.67,13,935.84,304.88
356.7,1,832.53,366.42
37486.31,9,864.47,324.09
28624.75,19,843.29,390.38
3636.72,18,784.29,95.79
2939.42,11,115.59,151.32
2566.82,14,236.17,110.69
45808.58,3,781.44,453.24
48371.44,15,680.21,34.97
32439.84,7,371.92,0.43
49891.03,12,233.01,194.76
25917.65,17,814.82,121.86
28447.44,16,408.34,18.99
45012.01,16,69.46,480.17
11413.79,3,965.06,352.29
30188.94,19,329.89,199.77
18410.83,16,281.33,19.6
47294.39,10,79.25,171.62
44684.11,15,165.96,428.6
18171.12,19,285.76,350.26
24553.84,6,862.13,289.33
22530.01,18,368.11,39.36
30818.87,7,943.95,105.58
13359.57,7,46.26,2.11
35436.85,8,909.91,206.96
46376.48,14,112.3,401.79
42703.49,2,730.78,196.26
645.1,17,873.73,244.64
25151.24,11,358.6,392.38
40007.76,17,666.16,52.26
13233.57,18,993.98,284.74
4217.74,16,724.36,376.8
11504.54,7,337.77,483.57
4746.19,10,145.14,487.28
40832.9,7,888.42,156.31
17773.92,4,86.49,136.69
5669.72,15,154.14,58.44
40706.69,6,523.92,221.22
20942.42,18,170.09,14.81
16233.85,12,208.95,134.26
15247.86,15,974.65,67.51
41810.64,8,975.0,202.79
6402.27,8,841.83,271.14
1231.43,2,484.9,155.89
16052.6,10,408.83,452.61
22447.55,3,633.23,370.68
17050.05,18,476.22,202.43
6329.84,14,360.05,188.44
46162.5,19,944.73,309.74
30556.5,7,689.07,290.37
21293.69,5,100.05,247.81
49481.89,12,269.39,455.62
24513.21,8,420.37,82.42
23047.77,1,61.39,47.81
30669.28,18,780.99,171.34
15217.23,16,822.11,286.84
22948.56,4,604.49,60.73
44214.16,11,787.1,17.03
22880.34,18,501.78,3.27
1912.46,6,578.23,261.98
23525.46,1,832.51,400.24
6919.86,10,841.7,195.08
48108.69,1,291.67,101.28
8282.09,13,688.42,262.52
31974.26,10,641.23,394.24
14269.21,8,846.41,258.4
9695.47,2,175.56,328.82
13856.6,8,675.6,445.9
44913.42,18,518.04,84.46
23003.14,9,700.54,169.35
4541.55,19,518.97,480.49
42955.08,10,395.44,477.39
5668.81,15,172.38,301.75
25487.15,4,510.25,86.02
28295.78,3,495.9,17.21
36477.32,6,821.15,143.87
16922.12,9,358.79,63.74
4282.72,7,282.57,29.17
21291.37,1,663.4,133.82
44259.92,7,575.65,174.1
47263.15,13,564.98,93.21
30121.46,9,226.76,22.03
38488.69,17,413.18,417.87
38583.0,18,585.82,108.72
28217.14,19,665.7,376.67
49775.53,8,201.16,481.8
41052.47,1,261.99,431.99
11476.45,2,84.03,151.4
34893.12,10,33.02,309.23
9691.6,7,828.41,195.19
24125.79,9,477.47,68.01
2993.45,16,583.58,433.98
39148.85,8,882.55,311.13
3169.66,17,73.95,43.52
37058.77,14,514.36,243.45
37101.55,1,633.87,450.62
27774.95,19,745.35,105.7
27987.04,17,607.0,305.79
1439.64,7,56.27,120.76
15849.6,3,484.32,142.67
33637.32,18,395.64,450.82
10785.81,3,314.02,57.15
22818.68,11,640.01,152.59
20172.57,4,171.71,135.05
45809.3,16,23.37,41.1
2632.62,19,358.11,313.22
31977.06,5,686.02,301.25
30117.59,1,423.42,28.78
4518.64,12,472.79,297.31
16169.34,4,525.3,252.05
38942.9,12,538.84,369.05
5337.72,14,304.85,237.44
40983.69,15,105.56,385.49
48200.85,7,373.11,213.95
8655.31,18,281.93,297.17
29907.19,5,200.57,379.21
20485.96,5,565.55,193.24
25429.81,3,292.26,92.41
1566.11,4,541.54,343.22
44063.45,4,257.75,89.46
18816.63,6,38.55,185.84
23406.62,3,744.0,188.06
40308.81,2,58.82,136.77
26972.14,16,927.62,131.7
41250.25,8,362.09,360.95
19087.63,19,852.07,484.82
24215.6,18,66.66,57.76
25263.57,1,115.8,206.0
20856.89,14,49.68,469.26
45904.66,3,851.79,253.88
13449.14,7,81.14,124.6
32490.89,18,504.46,218.62
7464.39,13,684.62,435.74
21747.68,16,718.01,372.6
24060.78,19,352.43,364.1
8151.83,11,776.78,69.35
27571.1,12,916.82,473.75
44678.26,16,536.44,299.44
25306.68,4,99.75,118.37
44372.86,11,962.21,110.49
13275.89,7,488.85,472.83
31396.37,18,304.53,268.46
19887.56,15,48.7,64.24
2016.14,13,632.39,261.96
46669.4,10,763.22,304.36
4153.96,3,428.44,125.1
526.5,18,996.29,472.9
39947.92,8,706.94,445.7
5899.43,15,87.58,467.61
3452.62,1,165.21,280.61
16993.16,3,938.2,57.44
2221.0,8,415.16,183.01
12594.0,15,841.35,300.32
962.09,1,912.45,189.77
16879.5,17,212.35,217.66
26189.7,11,171.95,244.84
16530.39,18,522.85,303.21
33949.15,13,978.24,435.39
19806.91,18,817.71,26.86
39866.52,11,178.83,95.92
29812.2,9,876.27,424.11
36040.93,14,370.54,495.97
47474.66,13,897.26,471.86
417.93,17,465.84,210.22
19919.25,6,275.49,388.27
44916.34,2,493.87,1.02
17886.52,2,929.82,491.63
45009.98,13,895.66,59.12
38984.48,5,734.62,312.2
3650.97,14,462.29,118.42
38213.12,8,665.21,305.05
15223.94,19,461.17,372.44
15437.24,1,817.59,73.93
13285.67,16,669.51,413.99
38448.11,8,305.01,78.28
13529.79,12,678.82,249.49
48033.21,15,928.6,283.47
39565.97,12,223.69,461.85
32126.14,8,620.64,314.74
1496.76,19,979.0,160.8
48691.56,17,184.8,385.33
23112.28,15,783.46,223.15
37464.23,9,517.22,36.74
27243.11,5,985.82,467.53
20358.1,7,960.43,232.86
24076.5,19,590.54,381.06
38336.15,6,624.04,66.34
2033.61,9,632.14,172.67
14911.77,9,777.03,78.9
11356.86,16,291.54,494.11
41093.32,17,747.46,325.6
34703.68,13,528.2,455.13
35520.38,18,109.89,209.79
17536.44,16,332.09,275.65
21185.64,16,193.04,42.5
19216.33,11,568.71,287.64
48060.7,16,751.89,355.92
35006.51,7,175.65,222.72
12642.07,14,919.41,238.46
47947.42,8,249.42,379.96
26189.77,3,635.9,495.15
1855.23,7,238.32,438.7
37457.22,17,673.03,275.51
48520.1,12,356.42,44.31
9575.73,6,932.67,243.15
7449.84,19,672.44,275.01
4971.99,3,151.78,311.95
10565.93,13,254.24,244.68
4367.97,5,156.11,112.95
49018.49,5,583.49,306.82
5450.37,1,691.37,447.03
40394.02,19,756.93,186.67
32201.13,3,252.03,465.66
16473.04,15,355.93,355.73
31103.56,15,569.85,471.84
42694.53,9,843.59,23.25
32871.04,3,303.62,446.74
23704.55,17,73.14,497.15
2535.35,18,835.49,74.19
18998.08,2,184.43,220.51
33417.88,7,545.83,102.92
23128.31,12,966.66,137.34
18183.8,4,43.27,112.5
11885.38,14,93.42,106.89
49165.52,5,50.96,128.74
41067.65,1,601.42,457.8
46349.04,15,601.29,93.7
45018.62,11,842.49,375.12
13349.73,11,35.54,431.91
16227.62,9,893.6,51.44
42243.68,17,904.85,462.95
31869.54,12,954.51,38.94
48425.06,8,495.79,399.51
8057.52,14,479.67,86.2
9929.54,6,91.8,209.02
23465.63,1,877.3,112.4
32391.29,19,287.99,282.48
9958.58,16,195.5,212.5
40585.48,10,955.95,305.23
6014.59,13,599.01,213.06
34856.75,7,407.03,411.89
47711.46,7,468.34,396.84
45426.29,14,865.06,61.09
44320.95,12,379.59,60.82
8904.67,8,980.89,420.31
29292.31,6,160.57,132.78
25913.56,8,453.94,32.81
27993.04,16,169.32,24.2
7992.99,4,145.96,189.15
7546.38,11,134.02,211.04
32450.9,10,991.58,299.91
43948.0,10,161.56,193.61
43117.98,13,970.51,166.3
26748.43,17,294.87,151.22
13057.9,13,943.51,72.41
40483.13,3,503.19,294.38
7057.9,7,438.18,111.08
40955.74,5,573.45,273.92
18578.26,8,739.1,430.47
23958.54,13,109.06,214.53
22498.45,1,475.37,499.16
27955.9,12,799.34,311.84
25344.33,10,222.1,489.12
35993.07,12,269.26,476.33
3880.06,7,439.87,180.74
24913.35,19,504.63,350.36
11635.43,12,653.57,58.15
24872.44,10,570.92,56.98
13109.91,8,345.11,292.66
15777.2,11,288.69,424.65
22174.67,5,998.57,70.55
22477.71,4,849.9,378.35
7013.29,8,264.61,231.42
11296.69,18,773.88,353.5
15236.33,12,276.04,373.67
12811.89,1,441.21,397.35
28283.89,2,335.48,307.54
14851.85,18,194.87,114.57
40333.75,9,575.82,86.44
20782.0,8,465.97,107.32
30438.97,14,916.64,408.79
1587.54,9,704.4,281.08
15074.3,11,247.58,216.89
17290.34,6,917.2,367.2
40176.7,7,245.19,143.44
5601.18,15,645.52,289.98
7140.08,5,584.03,404.33
3555.13,11,695.18,15.36
30607.29,6,142.14,313.44
1261.04,11,415.74,26.07
13088.58,19,26.38,249.43
48913.94,15,610.1,31.36
18752.96,2,998.41,187.71
32827.03,12,722.99,343.34
25935.17,5,100.11,458.86
14972.8,4,969.99,182.12
1553.58,11,497.54,268.86
20578.38,1,41.41,355.6
24818.1,17,894.07,245.68
856.98,7,887.48,399.82
33452.42,12,655.43,162.7
22474.77,14,951.45,111.53
11291.23,14,866.1,391.4
8629.91,10,473.21,493.21
19965.93,19,495.94,192.56
3099.89,8,25.47,193.06
19790.9,14,961.05,56.84
17011.89,1,809.19,295.93
33443.21,5,594.62,71.61
33143.94,6,100.54,166.78
24630.47,11,344.69,15.85
27716.09,19,865.98,415.7
3807.76,12,170.24,206.0
12373.9,11,104.43,252.58
15927.03,7,369.8,319.24
25778.46,16,569.78,394.92
11168.25,8,846.16,325.35
41766.46,1,950.86,450.11
35501.95,16,633.08,340.88
48744.1,14,208.36,60.02
49778.85,18,213.36,382.84
49481.24,11,462.68,172.71
9336.47,1,883.12,60.84
31793.44,17,83.08,437.71
6850.41,9,681.6,188.68
36405.86,4,950.22,416.92
34901.87,1,977.36,8.5
47255.28,7,715.78,340.44
44024.25,15,17.95,95.25
6664.95,9,146.21,443.75
37541.16,2,914.61,62.83
3148.95,13,775.16,310.19
12310.87,8,611.28,330.95
10834.44,19,11.03,49.8
31470.97,10,308.94,489.13
33061.91,9,206.02,335.35
25963.0,7,35.92,363.42
1266.63,14,961.41,449.51
30131.28,18,501.07,352.38
45095.13,10,120.58,92.65
33165.18,6,847.76,365.84
33537.05,1,498.39,221.59
11342.48,12,355.61,69.2
39094.39,18,522.78,277.51
6704.33,13,473.27,342.27
6259.68,15,549.45,85.18
36414.78,8,199.18,43.28
769.9,6,536.64,358.35
30326.91,12,611.09,237.24
49180.11,17,64.7,60.61
2142.26,7,359.49,39.16
8691.88,15,874.37,91.33
11418.56,15,557.82,395.91
23764.13,1,616.83,40.76
33708.59,4,516.3,184.02
36942.72,8,707.36,366.38
24240.3,4,937.8,476.34
6019.33,15,135.44,304.65
5213.17,1,167.46,406.19
43556.63,5,636.05,124.09
2765.17,12,81.71,372.97
47334.75,2,909.32,341.38
22471.2,18,618.55,215.85
20000.33,16,830.3,237.78
29529.32,11,912.44,114.23
18725.97,19,897.74,142.93
31919.77,17,984.22,201.88
35882.37,10,503.92,4.86
37426.41,5,518.82,97.75
12754.84,15,787.63,299.5
47058.43,9,63.98,452.58
28392.32,14,739.78,451.24
33286.7,19,157.05,362.44
12046.41,11,619.55,367.35
16788.31,15,542.27,35.45
7879.91,13,821.11,204.85
6251.51,15,486.87,383.33
19541.48,11,759.91,4.73
30216.45,4,467.37,363.43
22334.02,19,683.05,55.58
21660.88,19,316.09,293.34
25535.56,17,932.35,367.86
42379.52,12,99.8,206.35
48382.38,6,648.52,120.46
9268.18,3,698.31,245.79
49761.43,19,831.39,384.98
36959.57,12,944.91,245.61
3453.54,2,298.37,182.68
4251.79,1,864.32,265.89
25323.64,6,769.89,355.33
43003.21,19,604.15,429.51
322.11,2,461.14,260.92
1092.48,15,868.96,32.16
45290.3,1,757.25,334.85
49520.5,16,507.75,272.52
38537.27,7,706.93,131.23
25138.73,4,320.71,229.15
1885.77,10,684.71,310.79
18506.24,16,294.87,345.21
19814.68,9,503.43,12.9
3747.21,8,914.3,175.5
27463.03,6,603.74,220.95
17534.62,4,645.61,103.37
49015.37,10,955.44,423.01
33168.93,14,957.18,273.89
19708.05,9,600.98,229.1
47305.54,1,663.81,165.68
2810.57,9,89.67,222.68
30130.2,10,435.28,141.79
47600.6,7,547.44,222.03
3963.78,13,637.55,475.27
25353.35,12,167.17,240.1
1173.02,12,266.47,482.13
31199.08,17,704.08,317.73
35208.14,18,490.41,459.39
28499.94,9,877.84,425.56
14694.35,18,696.5,345.38
35545.64,14,618.51,81.51
44096.96,10,906.58,252.66
35087.38,12,57.46,33.96
5818.12,13,631.27,431.42
34953.95,1,873.41,133.01
31522.08,18,965.64,65.14
18877.69,15,923.41,80.53
27559.95,10,73.67,481.0
743.24,12,330.6,350.72
24520.16,19,450.43,256.76
45531.02,12,942.57,17.21
48136.95,1,430.98,100.43
17427.13,6,556.28,463.23
27652.54,1,415.72,337.99
6594.21,10,600.86,372.32
10356.19,4,905.46,38.37
22324.75,12,699.02,55.1
4283.6,16,393.35,28.08
32740.76,14,630.16,146.37
4351.53,14,26.47,51.4
1424.22,9,563.53,488.46
25431.15,7,534.37,190.4
18369.07,1,131.45,231.89
34091.14,12,741.4,474.63
26162.83,11,919.1,305.12
16420.31,12,223.39,481.04
12130.49,6,895.0,431.31
33246.95,12,772.1,155.94
14486.95,4,196.42,82.68
49887.2,19,501.66,96.04
4136.99,4,841.04,112.13
38448.3,19,399.38,203.59
9355.57,13,380.54,211.93
47457.02,18,740.52,475.08
27188.65,17,227.46,160.38
24281.29,19,344.99,458.32
49245.7,8,193.56,435.63
40015.84,17,852.65,146.49
29456.77,9,396.51,176.62
45579.32,4,398.83,105.69
22772.3,11,454.84,316.98
1665.71,17,100.73,124.94
12548.27,5,916.97,321.22
39862.03,11,326.28,479.55
39884.03,4,641.31,420.18
23901.41,13,23.09,88.65
34366.95,4,510.56,310.93
9995.4,18,962.8,308.94
23355.79,10,213.74,358.48
8426.36,1,505.69,63.42
23010.77,13,813.48,115.09
44202.16,9,53.12,120.93
36668.19,12,14.31,152.56
45868.73,18,806.63,479.23
29928.96,2,889.69,183.12
48087.24,13,329.89,244.17
22103.99,13,475.41,404.32
26430.31,4,325.42,89.5
15355.26,3,718.72,23.46
25420.45,12,54.68,151.67
11904.39,4,111.83,274.69
23672.58,8,918.66,180.22
13532.01,6,936.83,7.85
29062.61,13,745.64,104.91
2980.5,15,219.79,163.82
13838.35,14,356.96,31.18
24781.62,2,562.16,1.67
28084.87,8,339.04,3.0
25429.84,6,386.14,297.43
25465.19,13,588.19,440.33
35590.67,12,802.13,466.1
48235.99,3,23.33,331.14
45237.08,9,57.87,239.22
33020.31,17,710.54,240.75
4989.44,17,588.82,95.03
8241.31,3,610.15,34.35
23898.61,10,700.04,95.79
41413.77,19,57.43,40.58
31133.73,5,156.04,403.26
37231.94,16,145.05,316.38
23461.31,1,221.38,88.63
38824.09,11,799.73,232.9
22034.75,10,781.49,3.29
6512.99,18,805.93,203.77
19741.01,14,40.41,94.1
7671.55,2,578.48,400.42
37059.45,4,686.47,264.74
13284.13,14,792.73,14.08
32397.05,3,27.54,438.64
26728.5,5,789.0,298.28
43399.06,14,65.36,236.75
45327.12,14,863.65,172.07
48353.99,13,145.0,30.05
25580.38,2,954.27,156.01
48810.28,10,444.71,72.55
24831.14,14,720.92,152.79
4154.87,18,915.74,373.1
49569.26,6,916.09,255.81
38304.4,18,205.86,448.05
632.37,11,148.44,274.76
4649.78,19,321.72,259.5
46503.09,8,139.31,471.13
45417.46,2,476.71,278.79
32725.21,15,886.08,102.88
10784.79,14,542.18,362.85
19101.0,19,134.63,344.64
3798.5,7,162.67,69.59
10930.21,2,664.58,51.86
48393.11,1,234.0,429.32
10731.33,8,39.05,426.66
44691.89,9,226.24,137.16
45146.84,11,538.47,346.43
5347.54,1,814.23,341.0
39525.05,8,712.77,202.09
8746.17,17,505.93,367.07
43825.3,11,115.4,91.07
2974.65,11,121.2,437.88
9589.9,16,839.31,177.22
5204.91,11,571.81,455.79
1507.65,1,714.52,49.36
26762.4,4,166.94,236.54
40447.86,12,885.99,193.11
12305.93,14,99.24,91.03
10507.48,15,872.29,135.81
15664.73,15,639.44,367.54
37398.06,14,531.11,453.59
46086.5,19,892.13,276.7
11878.86,6,76.72,323.38
10320.07,19,856.3,192.36
44358.03,13,135.87,426.73
32762.77,11,125.93,222.58
47575.54,17,464.14,215.19
43388.91,14,137.17,269.53
13996.41,6,435.35,239.57
39312.31,14,633.32,4.89
22376.56,14,744.49,35.49
43003.0,11,575.51,150.48
8881.18,14,438.73,103.22
38591.92,3,72.57,476.53
6423.22,13,611.21,158.99
5498.1,14,274.14,398.55
105.14,7,160.81,9.6
9822.52,14,115.52,160.79
44538.31,13,710.92,487.82
30199.31,2,361.64,419.78
5157.62,5,359.14,109.26
10501.99,14,414.59,143.39
6143.24,17,315.76,319.51
9488.04,7,440.79,495.72
13811.01,9,30.17,103.13
44927.58,16,418.34,499.63
22585.74,6,353.72,203.82
4738.78,4,842.48,150.43
17872.38,6,199.29,488.27
9488.64,1,149.16,202.77
857.27,13,540.82,60.53
46835.83,4,351.22,179.35
18635.08,16,686.96,461.12
27844.02,2,18.14,310.27
29944.01,16,817.89,444.23
45628.63,7,616.67,34.81
15017.14,4,826.89,67.02
35565.71,13,539.45,17.73
37131.81,7,924.1,382.16
23438.94,4,515.31,257.33
34330.18,2,980.27,65.98
32574.43,8,655.7,286.53
40660.22,3,859.1,14.36
1698.95,10,368.84,103.81
15693.68,4,28.86,255.12
7748.33,9,153.8,295.16
30752.24,5,337.65,370.59
11437.91,5,485.05,298.42
3811.53,7,378.28,422.49
16525.89,3,322.43,126.72
23577.29,10,914.4,277.98
1519.97,4,994.2,41.37
43110.03,10,154.76,217.18
14223.69,2,592.88,424.8
11745.4,13,289.69,10.48
6451.62,10,818.22,307.0
32710.25,7,271.91,283.47
37131.73,7,33.82,265.29
45536.31,8,819.27,145.34
45925.56,9,939.28,24.79
1165.9,14,869.31,424.23
5999.13,6,255.3,13.56
31980.72,16,781.54,234.59
17115.38,2,630.19,369.36
20013.06,18,693.06,64.7
14172.41,4,302.22,96.73
40307.34,5,181.31,65.36
9766.91,16,689.43,339.96
14604.47,16,37.79,32.25
41191.21,14,752.11,429.92
17435.93,17,296.39,340.45
13149.79,4,725.4,123.48
34479.93,17,277.44,354.25
30723.97,19,84.77,311.22
28454.81,7,215.99,82.85
21651.04,8,284.1,86.51
7698.78,5,235.65,136.55
39509.96,16,406.64,234.65
22536.79,7,295.96,71.13
49870.8,1,890.57,139.21
43259.47,15,53.39,462.62
44215.07,15,519.15,48.7
34170.56,16,489.32,288.15
20776.47,16,135.47,67.25
45823.95,17,678.95,408.12
36261.49,10,232.22,80.33
1379.94,19,136.15,436.98
12159.51,12,297.89,163.24
1264.57,13,574.99,164.25
12444.1,6,848.85,2.26
8376.29,14,473.3,299.29
24013.65,16,900.4,100.43
4854.52,1,83.95,375.86
372.54,19,603.7,331.43
16356.49,6,797.8,380.84
25124.8,18,733.38,36.9
37745.2,5,985.56,167.77
16867.85,2,599.4,416.4
22453.09,15,995.68,411.95
13265.8,8,265.06,261.59
29206.06,9,301.46,298.03
35574.48,17,303.33,462.0
34156.63,18,457.77,171.48
215.41,4,847.08,305.11
37885.36,1,88.78,454.26
12114.08,17,790.37,449.02
38050.04,19,278.59,424.15
18832.66,6,938.63,335.16
678.03,14,90.41,181.92
24593.07,13,323.58,286.7
19205.73,16,98.34,71.02
16664.98,18,86.25,360.11
9628.02,12,667.09,390.46
39147.1,19,161.95,340.42
43017.96,7,938.2,82.26
12970.73,10,613.26,291.68
39944.71,1,579.26,343.29
18497.1,8,364.96,466.96
44568.68,8,381.13,455.08
11710.24,8,625.47,471.14
39084.12,11,505.19,217.26
15746.42,4,868.68,494.43
3881.42,3,807.06,231.34
18391.01,15,276.22,436.84
29022.92,13,602.97,482.17
31499.48,14,642.47,257.54
43842.47,10,17.65,370.66
34197.07,1,544.77,439.68
812.16,9,700.67,35.34
25927.91,18,843.89,419.49
9818.87,4,627.16,382.85
19373.52,7,58.57,286.08
5502.05,7,429.91,7.36
32005.37,12,507.09,321.53
27394.16,4,69.91,50.09
47528.63,3,387.37,34.31
44821.83,14,195.12,154.57
10164.93,2,785.02,333.11
24509.19,11,837.79,271.84
36227.45,3,74.43,385.94
28459.51,16,892.97,245.4
11609.17,14,113.8,103.5
3759.83,19,774.74,426.52
11254.74,6,653.75,272.95
10080.25,16,700.84,412.8
7139.69,9,760.55,42.08
17344.97,17,448.39,280.92
11636.79,19,446.49,284.28
7354.42,10,28.39,79.41
18674.66,5,112.43,217.95
18695.89,7,382.95,285.25
20153.91,12,599.13,129.16
18684.2,12,798.78,397.61
16655.39,12,838.61,480.44
25911.33,3,286.28,48.68
17603.12,18,119.93,394.58
7273.25,13,528.56,422.44
7630.83,12,783.36,445.86
46065.17,16,376.37,86.24
21241.23,9,417.28,419.46
40473.05,11,649.74,268.32
9785.38,1,332.41,89.1
20764.93,4,544.86,418.12
32445.72,2,796.62,51.36
31462.19,7,46.0,257.95
555.44,16,970.13,456.65
18687.89,15,426.53,333.5
14237.03,5,310.47,56.11
9858.85,4,797.46,258.75
10082.32,9,232.11,152.31
31208.71,19,190.22,471.25
49593.5,19,208.97,50.01
47582.21,6,483.02,335.76
8980.46,4,938.12,120.21
43906.1,18,392.15,55.79
24751.92,12,57.69,292.73
47925.73,4,328.84,42.93
26455.96,16,349.34,371.8
48678.09,11,712.03,253.05
29785.24,19,751.08,467.63
27989.36,8,917.94,118.3
48065.33,8,20.6,327.01
45827.66,1,366.23,74.92
261.57,4,718.15,455.89
35446.15,12,266.32,99.86
29556.45,11,297.07,168.47
18665.91,19,310.33,84.09
15726.97,1,782.24,212.98
28472.89,12,702.28,58.27
44280.39,5,133.9,331.34
39630.75,14,735.56,98.1
39203.73,6,724.45,483.09
36556.89,13,806.56,76.79
15163.27,7,293.06,360.32
9599.84,3,209.38,77.26
19105.79,2,31.98,363.54
5850.23,5,71.48,72.04
1466.86,14,908.39,44.89
14048.41,4,102.57,490.95
45043.75,8,158.7,67.2
4706.32,18,52.93,276.24
25226.74,10,666.37,197.46
4398.01,19,961.35,380.7
48857.5,10,723.85,245.86
48969.26,9,22.32,40.33
15995.58,14,925.95,40.99
29070.62,16,510.97,335.42
15699.08,4,263.56,170.85
4677.01,3,523.75,10.41
27223.66,12,772.73,84.63
1117.06,3,879.53,232.9
5233.09,1,974.63,273.75
40854.75,10,140.93,130.73
27336.25,11,642.77,478.92
17466.23,19,926.54,137.39
46872.44,6,154.92,457.95
17745.96,18,493.97,422.44
49889.71,2,680.73,9.89
27147.12,15,316.14,139.65
19451.92,7,345.85,55.78
45076.95,13,704.11,99.34
1859.83,19,171.49,5.65
42190.41,1,245.41,378.69
27807.5,18,623.74,122.03
23656.98,9,706.81,125.28
36014.4,8,982.08,473.43
38093.44,5,993.8,170.11
11600.17,9,280.07,411.8
24594.57,15,702.41,288.38
25438.09,18,686.74,171.42
35872.04,13,767.28,484.39
5746.98,9,323.16,395.71
34665.47,17,788.44,7.46
38266.4,2,310.45,493.01
44821.12,10,320.69,219.31
35021.22,12,213.02,317.23
32476.82,16,943.69,227.98
10927.64,12,265.6,475.18
4620.56,14,69.31,4.54
41604.22,18,179.66,325.86
14964.93,6,892.18,237.75
26188.5,13,779.91,357.69
20794.61,9,430.35,408.75
37360.51,5,168.36,109.07
23030.91,7,915.78,8.81
9183.47,14,55.53,381.54
2622.35,14,317.28,21.7
11815.36,10,540.71,254.02
2141.86,8,862.43,443.78
8462.14,18,277.6,498.63
36933.21,5,379.73,294.74
12239.16,2,93.34,370.08
15583.51,4,852.08,349.69
39628.91,18,188.38,255.3
3490.07,4,758.73,203.19
48192.91,2,706.42,492.22
19136.78,4,885.18,408.45
40112.18,3,823.16,269.66
45124.13,11,959.37,142.89
26930.73,5,504.05,123.58
41654.15,18,455.92,409.25
47757.04,12,772.15,51.53
17077.5,4,932.83,247.29
690.29,15,569.73,40.75
39238.02,19,424.62,203.06
12263.45,4,606.25,45.38
23625.22,3,281.31,371.05
7592.29,16,758.68,328.95
10231.26,11,849.92,212.17
24644.61,8,54.79,168.07
49985.4,12,55.17,183.69
14960.27,7,803.39,135.83
20389.27,15,92.33,12.26
18272.44,18,778.06,258.23
30045.36,15,426.56,263.39
12855.51,2,762.96,145.71
34336.25,17,107.92,468.01
21160.78,17,570.25,493.48
39078.14,12,26.67,240.04
15238.42,3,464.32,206.13
46566.69,18,219.95,452.25
10531.18,19,882.45,41.6
47162.44,18,124.99,10.35
29310.24,17,813.75,130.68
3386.68,17,383.78,393.6
19883.59,12,881.93,131.18
47023.82,15,552.08,3.26
34243.11,8,293.49,123.43
10271.37,7,462.66,160.97
15035.16,2,849.28,102.46
36456.42,14,906.09,144.47
24097.58,10,267.07,243.2
19818.27,8,83.62,258.85
40222.36,10,323.41,294.95
24008.25,10,285.26,488.75
19807.21,18,872.68,405.52
4488.15,10,264.72,8.17
44247.17,5,671.48,34.28
3140.78,4,863.52,101.01
3222.69,1,872.32,126.58
4675.65,1,23.58,414.27
39102.35,18,717.32,1.08
960.88,18,350.85,16.7
48932.21,19,14.49,437.13
28064.58,19,909.29,112.49
8039.27,3,510.85,256.6
17606.87,11,677.09,51.77
14152.64,13,497.62,225.49
25537.35,2,660.59,389.11
7064.54,9,874.61,58.09
13502.29,12,211.3,172.25
39413.98,10,60.82,183.51
28061.61,19,418.5,424.61
4760.0,3,753.19,194.59
26959.72,3,523.73,56.79
44694.64,4,539.91,297.01
47725.4,18,318.73,258.7
10181.76,1,337.8,471.22
12303.37,15,875.22,418.35
21277.41,13,559.49,280.29
47476.47,1,281.14,205.37
39308.58,6,660.76,124.29
19786.35,9,348.02,299.03
25530.19,18,893.07,464.32
46794.95,15,532.35,0.93
44561.88,11,888.04,11.77
17807.78,17,209.22,350.84
13353.84,18,949.21,14.74
49780.93,6,199.75,59.1
3265.09,5,534.45,157.93
46783.11,9,445.9,46.32
33838.73,7,640.36,488.47
26148.82,17,618.56,39.48
16395.49,8,726.76,302.52
9418.99,18,870.73,117.15
45595.42,7,824.31,39.14
14187.23,10,256.32,348.68
42196.92,7,157.55,86.09
30144.31,1,91.54,174.62
26627.42,13,484.96,343.64
196.42,6,232.68,275.79
7920.8,8,91.67,219.87
16278.89,18,844.05,370.71
47580.51,18,406.88,278.21
15916.31,2,119.27,60.61
22208.24,9,981.25,423.4
18136.16,4,344.17,472.17
1822.32,17,953.49,153.25
43301.37,11,524.64,456.84
47907.86,14,334.56,226.05
28071.06,7,891.14,333.78
42201.94,4,507.25,353.58
8964.29,15,957.55,499.6
21599.14,2,257.97,57.86
28344.1,18,764.84,51.97
9153.87,19,671.43,380.39
32990.51,9,449.78,333.97
34173.34,9,433.3,72.59
41062.89,3,302.34,227.4
29175.23,9,741.84,165.18
7422.01,12,790.87,135.05
46598.97,9,693.94,89.42
37216.52,11,184.79,78.19
11230.11,2,186.46,167.1
38191.54,4,552.32,105.26
15968.51,2,770.74,165.7
19137.1,1,159.84,312.29
33501.37,9,452.09,49.59
14792.54,4,712.72,362.15
19572.61,12,855.99,199.32
15472.35,18,105.5,331.13
22756.8,7,402.63,54.14
14809.32,10,332.24,243.11
10582.53,5,661.92,458.5
23355.81,8,221.9,250.22
115.95,7,876.43,178.38
39864.85,3,699.3,434.71
29951.94,11,52.39,217.66
2951.59,18,333.52,91.64
9747.98,11,924.16,247.08
21961.5,4,438.49,274.97
42740.02,15,462.02,144.16
48392.77,8,456.83,425.49
41179.56,7,899.27,321.2
46896.74,18,751.39,15.96
20340.58,9,766.85,349.45
35290.26,15,932.31,8.97
11238.35,6,37.49,313.61
43947.43,2,259.28,294.7
37200.47,18,189.06,197.28
17785.36,16,382.95,87.69
1718.47,16,22.56,47.16
45444.03,8,895.47,381.28
47476.94,15,781.98,30.7
48842.71,17,529.8,351.44
42620.88,19,14.19,380.97
36219.35,8,336.07,417.78
14257.48,17,761.77,467.56
26194.36,11,356.04,161.03
10978.66,18,315.68,297.56
21760.4,17,854.08,488.07
44691.59,9,944.63,237.52
12190.99,13,242.63,73.75
19667.27,16,821.17,194.79
11304.49,8,978.76,116.28
17795.79,11,169.15,90.38
4368.45,2,456.84,275.51
28058.99,3,429.02,436.99
37798.8,14,534.24,276.42
47586.66,6,514.89,195.37
12630.3,6,554.65,306.39
21546.87,6,943.73,147.06
25264.73,1,991.7,195.88
37858.77,18,55.14,266.01
34672.98,5,376.61,358.04
35768.08,8,283.25,339.64
45867.15,7,253.35,201.43
45190.75,13,672.59,296.63
35194.11,6,471.49,53.16
42238.18,2,198.4,387.46
12325.1,2,141.04,114.86
47551.24,10,465.46,213.94
8850.08,14,428.32,206.49
547.22,3,728.87,371.35
43361.68,13,831.61,406.64
33094.99,10,582.6,150.71
1861.71,12,105.27,164.03
5397.2,14,722.25,455.12
20834.07,18,36.31,481.02
22331.76,16,842.98,446.21
16721.62,15,603.56,220.61
16668.91,2,711.97,356.53
1288.48,19,370.49,57.5
10840.95,12,840.07,31.74
41423.29,14,373.71,69.33
48730.87,7,825.37,345.43
10462.22,17,754.51,433.94
45204.17,10,246.68,221.71
18194.48,5,23.79,331.39
9593.64,15,687.53,457.45
49116.07,10,911.12,369.02
40007.67,11,320.15,389.02
28940.51,2,451.9,113.85
26122.77,17,650.84,75.7
41163.95,6,141.14,240.01
17893.26,7,821.67,173.8
17640.92,16,100.63,90.91
29470.05,11,903.35,258.55
3088.73,13,109.83,373.24
22705.29,15,980.17,338.46
44441.89,2,389.58,45.97
32059.48,4,185.79,215.66
26429.47,1,153.55,469.36
49912.19,9,293.68,136.05
40237.44,12,846.94,403.25
9893.66,18,424.71,6.91
36733.72,16,216.59,277.36
39931.3,13,384.85,49.87
31910.6,16,248.87,205.01
20599.58,18,578.12,119.09
27862.11,9,535.98,388.62
25574.99,9,13.24,390.18
42039.69,2,150.72,353.4
36802.7,2,999.52,458.47
45669.4,8,110.87,185.65
26537.31,15,32.15,351.38
3827.03,2,931.16,107.86
31459.69,12,796.77,394.79
2717.83,7,470.55,421.65
1953.5,1,700.04,413.17
18456.38,1,184.5,376.33
24998.06,11,912.32,311.52
26705.45,6,740.26,493.7
14303.18,19,58.82,185.71
12985.19,2,963.36,387.43
49197.3,10,899.87,208.28
5923.98,8,754.12,374.06
4413.69,8,23.69,231.88
23492.87,10,950.48,94.5
24757.7,4,917.51,158.41
22379.38,10,263.43,411.82
24262.74,12,93.81,294.33
31334.51,5,834.1,23.15
15770.28,15,106.22,91.33
35799.6,5,546.1,33.73
12075.93,18,599.24,254.06
10536.68,5,330.83,0.79
32110.6,5,394.65,177.64
40508.83,6,96.3,412.67
795.43,15,858.25,384.8
31383.02,19,414.31,355.81
31646.71,15,192.4,417.82
46449.34,19,710.5,287.9
17510.19,1,798.35,247.57
48202.11,3,172.75,156.54
23848.91,18,148.55,43.77
36315.77,15,840.86,142.82
14799.83,4,426.1,352.36
18165.05,3,559.7,24.42
32107.45,10,135.61,209.39
4022.46,19,584.53,317.84
1654.91,13,245.44,475.26
2096.03,5,232.47,300.53
3758.59,1,601.23,285.28
38402.55,7,926.87,237.73
7357.2,6,92.37,71.6
19786.25,11,791.66,16.78
2158.94,6,529.55,1.96
24666.99,3,915.7,275.78
41330.43,15,437.45,230.12
21080.71,2,536.83,229.14
46834.75,1,555.49,298.07
17760.73,7,381.98,473.33
28014.38,10,713.01,150.33
23227.86,15,447.69,285.03
9282.24,6,148.61,110.08
26858.97,17,425.17,129.59
38222.83,17,932.81,451.75
47035.13,8,509.75,255.16
2597.69,18,13.91,123.35
36516.61,10,110.35,59.44
33013.93,18,789.45,152.12
16342.74,9,948.2,393.41
39863.69,16,743.74,486.34
7118.25,11,715.79,314.96
34665.25,6,465.52,231.58
12876.64,15,131.98,490.74
14446.07,15,656.3,205.0
8695.84,16,121.16,233.54
23054.41,3,208.34,452.18
24170.5,18,991.23,371.77
41779.96,4,207.92,439.69
19423.71,16,293.99,391.04
39358.84,4,959.31,129.23
16761.96,10,162.59,185.36
4096.97,15,754.06,151.96
31984.96,13,468.08,451.68
34965.04,3,663.15,244.49
37905.55,9,61.56,446.76
27308.38,12,11.36,54.87
9935.07,16,915.92,256.08
19218.86,19,537.09,20.79
21442.69,19,478.76,243.65
29201.65,6,506.56,119.29
43339.08,10,520.16,88.82
15621.68,5,836.06,425.8
253.22,18,471.55,16.34
20118.99,18,92.05,400.54
26704.01,11,583.19,372.06
22551.82,2,995.49,133.43
45653.13,10,712.76,61.71
13460.98,2,846.91,36.45
30930.01,16,743.32,24.35
36731.03,12,425.57,215.91
14861.01,8,206.82,444.59
32473.75,3,87.2,423.77
30486.8,17,301.29,158.42
35211.76,3,149.62,404.14
39360.49,9,860.1,84.36
19752.25,7,528.0,141.89
10814.15,16,562.7,297.13
24635.94,8,882.3,323.39
43011.96,8,225.7,246.99
48833.96,13,843.52,252.26
25758.43,16,75.82,275.3
39230.76,6,848.73,310.82
14806.7,3,483.8,107.47
38415.12,14,905.45,296.04
47238.64,16,942.76,270.67
16373.82,16,566.66,166.34
29744.79,4,946.98,367.53
22752.01,7,496.11,67.2
39570.59,15,719.47,468.67
18324.6,16,85.65,384.55
45478.21,17,525.38,225.01
13841.43,4,640.26,220.19
963.24,19,366.3,488.54
40066.32,18,424.7,439.08
29224.63,5,157.52,208.31
45231.16,15,371.95,435.21
47012.11,9,877.03,33.56
2593.98,11,202.31,239.82
33581.45,16,960.27,431.99
39631.19,9,660.3,38.36
13926.35,16,511.64,470.8
14620.98,13,821.37,473.89
18337.1,9,286.11,399.35
18932.1,13,477.58,362.01
21504.48,15,464.84,178.95
3413.95,13,391.08,410.14
44439.45,19,373.44,267.77
40026.46,15,201.36,259.77
21184.35,19,386.57,45.0
17599.13,13,783.15,474.83
7827.9,2,11.67,435.2
9181.9,5,940.09,48.42
3537.97,4,584.3,249.56
11618.77,18,335.11,10.39
46471.26,5,340.84,452.5
42407.8,3,642.86,178.31
34026.47,2,45.37,482.36
1528.75,19,88.27,186.92
33203.2,15,531.81,197.23
44130.94,8,995.0,318.01
13977.42,17,401.39,174.85
23898.58,8,677.71,147.31
3612.25,11,705.8,360.65
21152.14,13,500.21,185.33
49966.69,13,682.61,237.87
15068.45,8,806.15,283.1
27960.51,15,921.84,266.48
5199.21,9,409.65,425.95
21388.89,15,478.97,417.7
5880.42,9,728.72,192.01
5763.08,17,873.46,355.98
37553.96,10,829.35,402.99
1009.02,7,650.85,384.23
17951.44,4,412.98,328.12
43971.7,10,288.89,304.41
19219.65,16,155.23,230.81
18648.29,12,447.78,482.18
36147.54,13,110.54,326.27
23887.7,8,262.88,207.15
45586.05,12,481.37,45.9
19380.32,14,622.03,172.93
46700.12,15,222.23,141.04
5273.72,1,303.45,151.89
47312.32,10,963.41,198.93
12814.6,2,991.64,291.63
45783.03,4,283.14,66.04
4493.98,12,186.19,356.65
30889.08,6,278.36,205.51
6105.99,8,388.62,79.13
17051.43,17,710.21,90.89
47336.49,8,858.2,465.75
46687.08,4,716.99,194.12
39328.14,9,764.22,17.59
23017.42,8,270.67,200.04
25997.19,18,273.9,87.7
30854.03,3,702.48,353.53
28107.92,15,432.16,222.48
8523.6,11,388.71,493.78
23840.69,18,418.29,448.43
16392.0,11,573.45,173.65
6756.61,11,986.01,369.07
30011.59,4,938.55,321.03
29748.83,7,835.31,457.53
39804.07,17,310.11,198.83
6597.16,2,116.01,257.18
36661.55,15,271.82,42.7
45283.0,7,656.7,421.36
19429.21,10,958.49,316.7
47764.61,1,175.77,307.99
2859.03,17,457.48,226.98
1032.0,2,688.89,141.13
3982.93,19,70.02,1.44
22110.56,10,722.91,461.69
34512.0,4,803.59,189.05
32505.75,16,639.44,33.49
35765.27,8,305.7,105.46
14402.35,16,781.52,414.18
36060.77,15,256.34,158.37
40705.55,12,437.05,153.12
7648.98,4,857.97,24.78
17962.83,9,724.68,84.11
44185.7,11,529.48,188.66
8268.31,3,76.92,397.33
44422.4,5,559.83,67.93
33049.95,6,373.41,350.46
3329.92,3,801.65,196.57
17172.41,16,390.94,358.43
29148.92,16,491.86,76.6
4067.79,9,536.28,425.24
22630.4,6,261.22,185.82
21800.54,10,491.21,422.26
44768.2,8,852.28,164.52
4774.02,15,455.23,138.37
35703.96,15,537.38,1.96
36929.41,5,775.42,253.81
6613.32,2,462.87,308.42
25000.01,5,89.83,452.99
1699.1,13,665.19,410.92
23655.69,16,215.41,304.1
33006.18,13,729.63,7.51
32246.62,14,372.31,210.94
18611.8,10,492.08,191.29
5444.95,4,299.72,400.24
45253.85,16,977.24,160.19
16416.48,11,78.5,23.49
417.83,17,939.41,299.23
26294.77,4,609.68,418.67
11902.93,18,594.46,228.93
23344.93,7,42.78,332.75
15673.33,10,397.23,432.75
44202.65,10,299.23,354.49
35433.46,1,774.65,437.63
15959.64,13,828.94,260.35
32138.05,6,722.66,253.6
27682.66,19,39.05,493.25
7329.17,6,422.92,227.01
28167.18,6,271.8,272.24
40631.84,6,52.36,125.83
13164.07,8,305.67,190.37
41681.25,4,662.88,336.79
22968.16,8,122.49,229.21
15073.95,4,407.98,352.57
41090.61,17,158.93,209.85
35257.63,2,544.82,244.66
34592.64,6,845.32,218.7
7995.35,15,160.05,400.57
28766.63,5,123.33,249.62
21906.35,5,877.17,296.42
11538.15,13,690.42,228.25
10911.14,2,77.79,114.23
571.75,2,509.55,1.83
7597.8,12,517.02,184.01
14506.62,18,893.2,113.58
24132.73,8,844.76,225.63
16827.21,16,368.66,345.0
5291.36,16,712.82,242.64
10360.82,12,363.8,341.16
33880.44,19,90.5,352.39
26537.36,16,847.33,433.01
7190.05,6,641.14,271.15
37530.03,10,948.32,274.51
45510.79,1,759.83,109.68
25213.59,8,367.76,385.99
1575.84,4,607.2,104.54
49041.31,14,819.65,265.87
16843.88,17,813.93,425.76
41003.55,10,558.0,32.82
46462.14,10,400.66,30.22
12824.6,1,309.07,431.07
402.37,6,391.88,369.46
9603.73,3,857.0,147.77
8062.57,16,439.46,41.06
16816.06,11,348.05,196.54
42142.28,2,46.28,331.21
5292.37,15,495.44,32.98
33743.73,3,822.42,295.52
16256.47,2,556.11,359.97
30002.19,9,994.51,308.45
45915.65,6,351.51,484.03
33166.23,3,578.1,470.26
44923.22,12,638.69,430.94
14521.1,15,537.49,495.15
21634.38,7,137.17,52.0
19133.55,4,68.39,266.55
10332.92,4,631.31,79.11
25709.49,15,610.89,463.81
24615.18,9,889.85,471.95
49819.59,17,613.87,321.31
38133.41,1,886.62,263.36
45668.9,12,973.01,397.54
16395.0,4,234.88,443.41
24193.01,18,168.09,499.51
15282.37,4,673.53,77.88
8041.62,15,69.24,166.77
15701.97,2,242.07,494.91
3288.96,2,920.72,232.69
38483.28,3,164.68,239.52
39878.51,3,987.15,4.81
1792.3,7,410.41,140.87
14264.28,16,892.38,186.36
15795.76,19,861.38,107.96
1628.25,6,691.19,67.27
14311.73,11,188.3,186.51
26224.17,19,313.07,28.83
4684.74,10,492.59,356.93
23222.92,16,318.09,364.95
37977.42,12,624.43,97.41
11725.2,16,507.57,408.85
27369.74,1,410.74,352.64
7604.5,2,330.72,243.82
8278.11,19,106.68,150.29
36489.89,4,640.3,213.77
39400.26,19,904.8,482.51
44350.14,7,791.71,272.38
36254.29,15,318.9,400.11
35625.12,7,384.01,18.93
14758.47,13,742.23,361.53
2881.45,10,795.46,298.87
33839.07,3,680.25,219.57
30197.73,2,823.4,134.92
40779.23,18,854.52,72.36
24925.6,17,995.65,126.73
25469.01,17,353.26,30.77
2901.54,16,969.17,161.6
11319.04,18,208.71,176.74
10427.21,3,288.65,459.26
43998.45,15,156.07,107.19
27246.93,11,877.35,290.4
40636.64,14,423.58,458.12
39203.33,11,973.89,315.61
8087.2,19,339.96,351.46
10832.29,3,306.66,36.58
22300.5,19,406.7,142.11
35624.4,6,456.03,263.38
29051.19,10,198.58,253.97
8457.85,2,822.44,462.58
30500.76,17,972.37,218.06
5377.04,16,412.81,433.18
14653.94,6,935.62,37.11
23798.77,19,778.16,238.7
11959.59,19,158.93,162.01
22245.8,5,756.86,240.69
44620.08,2,463.75,277.88
7864.57,5,931.0,166.96
13837.27,6,354.34,135.62
39024.9,6,765.37,28.52
10593.03,3,558.78,336.48
36349.14,16,75.33,487.3
47554.53,5,458.47,200.84
36309.52,15,960.25,381.56
29577.76,3,255.97,83.52
11642.96,4,659.02,224.83
45847.03,3,779.16,142.08
17852.4,11,62.31,86.22
34589.64,16,917.4,117.99
4977.82,18,941.21,58.37
17508.0,12,592.35,446.97
8964.3,11,299.48,369.42
3410.63,15,147.28,423.95
23632.85,10,224.3,179.32
1819.63,10,263.79,77.4
12638.63,19,807.17,54.34
9280.07,5,150.16,158.77
1566.76,2,151.14,25.47
39703.5,4,621.75,458.97
3811.01,17,13.06,402.81
8598.88,2,689.91,42.23
46994.81,2,703.47,25.7
30214.68,5,499.72,164.86
49817.9,3,713.25,459.89
24907.57,17,943.68,354.38
44016.68,18,693.71,22.99
2249.01,10,156.32,42.81
46644.57,14,679.0,288.6
49482.16,14,336.86,197.67
17396.65,15,780.6,329.39
10654.9,5,810.16,187.55
14128.3,10,664.73,472.72
45375.34,5,730.91,207.44
8726.63,14,698.89,85.67
21579.03,7,504.52,296.11
11508.25,18,159.28,493.57
33906.37,15,202.59,51.13
28204.47,19,421.35,337.46
45301.07,3,549.52,219.15
33904.6,2,175.05,494.0
14925.63,4,860.97,338.49
44411.71,4,318.35,292.67
33128.0,17,276.29,115.13
20507.33,8,909.16,415.06
40684.1,4,558.52,175.09
45823.87,15,86.4,261.23
47404.8,17,42.77,175.97
24812.84,13,966.6,56.82
20548.89,7,502.26,79.62
13682.34,5,329.96,16.6
38070.85,4,893.57,7.92
41542.75,12,377.68,134.56
26067.36,3,172.73,250.72
24392.29,10,545.15,488.45
16302.36,13,949.88,89.72
46684.58,2,414.01,454.84
102.44,9,214.2,414.72
244.2,11,14.88,421.22
5973.66,6,797.45,404.01
49490.47,9,408.56,15.57
12846.88,1,259.2,146.29
45918.96,19,494.95,427.05
29857.85,11,331.43,172.5
27327.09,12,343.77,228.96
25238.47,1,296.08,465.91
49274.51,8,13.63,175.85
17610.23,8,722.41,456.8
24089.56,3,387.92,256.18
4186.57,13,975.44,53.26
25754.32,12,393.77,67.18
43159.93,16,935.85,206.34
24101.15,3,753.64,227.69
48842.86,19,554.31,320.64
46051.89,2,772.13,371.9
14138.99,19,855.86,228.79
4835.62,11,565.56,454.61
45067.2,10,957.09,434.36
9281.36,13,251.84,108.37
37879.85,14,295.06,426.03
45361.9,14,498.29,352.06
46631.61,3,502.6,197.45
14766.69,11,421.04,418.42
20601.89,17,754.42,26.89
37973.5,13,81.22,60.42
29349.22,11,270.36,497.27
45510.75,19,601.15,433.31
25034.85,9,166.91,271.85
2684.84,11,367.87,263.23
11842.11,17,140.67,72.5
37605.81,8,570.29,412.33
12895.69,5,336.74,308.84
7339.88,16,477.6,368.49
37229.36,7,237.95,95.29
25374.42,8,985.21,437.42
12782.17,14,355.18,276.82
22048.12,17,490.95,195.8
44470.69,18,826.92,19.82
43964.3,6,459.4,392.81
42987.75,16,690.85,203.25
10283.0,15,577.95,347.71
16692.7,18,533.25,442.72
18288.37,12,825.1,35.59
34778.46,8,372.58,299.2
31112.96,19,167.1,481.88
38881.59,11,960.6,141.22
12679.52,19,914.61,494.9
24601.36,18,301.06,90.22
26786.76,15,371.93,40.8
34250.7,17,810.8,224.77
48746.4,17,745.62,322.09
39831.86,12,74.66,456.29
639.51,8,541.28,134.49
19063.33,15,808.18,8.7
37364.6,19,832.44,382.17
17457.02,2,672.69,371.62
3338.75,11,546.41,440.39
25977.78,2,378.93,97.09
43767.25,19,979.11,29.97
23693.26,16,615.08,484.54
8179.57,3,242.68,150.7
5616.29,19,809.27,222.34
20846.28,17,597.78,131.54
37413.4,4,495.62,496.24
2289.44,10,171.97,23.13
37341.4,18,827.88,432.96
14333.84,19,537.38,328.99
22174.55,10,523.55,373.31
30338.16,5,654.73,156.06
10842.5,8,418.17,55.84
47599.73,17,207.28,258.46
16697.26,7,766.63,275.26
22725.81,8,690.82,134.75
24993.95,14,372.27,435.69
32124.47,1,199.1,4.26
2328.15,19,414.87,74.12
11304.52,2,514.81,316.17
18159.51,12,65.95,391.93
40065.9,17,103.08,457.59
24343.36,16,611.82,337.84
12602.09,12,590.74,368.96
36167.77,15,868.78,292.08
33638.21,7,421.1,375.63
37822.26,6,119.61,239.53
48875.58,8,690.57,436.66
1543.0,7,780.67,414.27
19699.97,14,938.5,69.36
7969.73,5,23.66,132.87
49166.83,15,963.31,36.75
27413.43,13,739.24,306.31
36549.4,4,11.87,138.32
45537.39,1,260.49,349.9
13607.52,14,655.16,301.61
36444.61,11,48.99,12.18
1345.38,5,707.04,205.5
27722.25,8,710.37,193.59
10275.84,1,285.53,71.77
10325.82,2,111.27,373.96
11233.81,5,532.11,199.93
5555.48,6,824.95,413.97
33507.5,18,837.43,139.9
28146.22,1,642.6,347.18
16325.22,9,44.43,436.52
10568.41,5,526.09,240.62
29101.71,10,992.47,45.77
4317.97,12,208.8,117.73
35822.72,3,350.54,235.55
901.73,13,641.74,497.04
20668.95,11,991.7,34.26
25453.66,17,322.38,202.44
6615.69,8,847.97,256.84
46027.74,9,149.39,89.77
26905.62,13,842.78,396.03
26301.93,12,103.2,411.09
41089.39,6,376.85,105.6
15359.13,11,302.11,461.29
32056.59,1,15.45,494.31
22491.72,18,405.36,395.74
35116.89,19,754.27,105.3
35553.58,13,234.0,494.93
28441.06,19,852.7,241.05
21540.62,11,38.47,491.7
451.96,3,730.53,196.44
11764.49,19,92.18,452.2
15476.87,11,446.67,451.59
45614.51,6,412.24,104.49
45334.21,5,822.98,467.43
4117.56,2,193.65,218.62
19427.14,19,142.16,115.14
2125.03,7,391.83,73.71
2368.05,7,764.73,90.77
351.45,2,989.84,404.15
27744.74,3,132.51,45.12
24817.38,15,200.56,99.01
15188.43,12,172.66,42.04
39731.97,15,755.01,497.75
39582.94,14,459.58,332.24
28705.71,18,541.99,498.35
20892.21,15,679.04,384.8
27839.87,17,563.87,211.63
25338.25,8,535.3,395.89
18317.6,18,493.93,96.53
34557.46,15,299.14,231.04
36772.54,13,974.56,307.95
49994.53,3,587.84,170.22
24794.41,4,179.22,274.19
48605.13,17,932.38,233.92
33427.85,2,599.45,188.92
31561.14,7,375.41,491.08
31622.24,18,38.73,380.44
41517.97,18,713.95,199.41
3617.84,10,72.58,400.37
29324.3,3,130.87,407.68
15862.72,3,53.35,451.87
35206.98,9,336.69,31.21
16279.19,11,489.34,353.13
33193.15,9,632.4,358.15
20388.55,9,339.03,118.5
45868.12,6,376.6,80.2
30332.16,13,636.56,442.98
41122.01,7,910.26,339.97
27354.73,11,38.28,270.71
14071.28,15,176.16,436.61
27429.54,8,733.99,407.63
22941.55,3,708.83,255.12
48876.83,10,17.0,85.01
10252.57,2,746.58,6.91
37190.14,5,412.31,446.57
12420.22,16,527.22,350.19
43899.45,10,996.96,265.14
14066.11,19,93.85,269.69
24464.21,9,623.2,113.16
1640.53,9,358.6,210.53
43842.72,11,914.78,217.09
46422.33,4,144.79,214.94
4863.33,7,82.63,76.28
36689.84,13,367.5,451.43
6873.19,2,313.28,331.95
43900.98,4,857.93,103.0
10158.17,18,483.6,319.75
40626.63,16,981.37,156.22
13896.71,4,371.24,23.81
10763.94,13,236.48,5.05
2021.7,2,194.32,259.89
29747.75,13,884.41,201.1
39861.85,12,472.85,142.96
5000.7,5,742.64,444.89
19095.53,14,208.82,466.46
18914.57,8,726.68,248.98
11275.51,6,778.85,253.76
22217.84,7,702.1,267.48
46548.41,17,348.94,218.58
16054.84,11,484.13,82.02
43926.98,5,57.59,422.0
11395.52,18,349.42,58.63
32951.44,19,896.27,334.41
32217.03,6,669.03,104.34
12276.92,8,57.55,228.62
2092.74,7,510.0,230.69
49425.9,12,350.24,372.72
11044.81,17,854.05,339.39
24686.65,8,187.13,431.3
34412.55,18,616.89,62.46
25547.12,5,834.35,403.13
2723.91,6,878.44,176.27
41681.83,10,85.21,60.53
13873.53,9,76.43,240.37
34374.91,19,48.3,216.59
6147.1,8,439.76,77.1
30064.97,13,703.57,251.45
47990.14,18,907.95,34.69
4992.83,7,727.66,461.11
39128.5,5,774.53,468.74
29727.84,3,568.99,95.02
4640.28,2,842.96,80.93
24104.18,9,248.54,233.48
29643.47,15,50.94,289.17
2244.99,3,510.91,407.36
41881.61,12,970.68,141.78
26929.47,10,831.02,351.96
32325.01,16,627.81,466.45
34702.52,6,979.26,339.54
8419.41,12,778.54,288.31
19799.19,16,460.36,327.88
15002.75,7,773.24,40.5
42016.74,4,666.68,467.01
36845.52,19,178.28,94.37
34840.17,5,992.19,274.68
34652.6,13,535.46,463.42
19391.17,2,47.6,125.32
37644.09,13,563.69,84.3
16541.72,14,420.85,329.05
7244.23,7,819.54,287.46
37963.68,9,841.02,348.36
5054.08,1,340.73,55.97
34766.76,11,442.83,216.93
3094.8,12,401.99,62.36
24182.01,3,463.21,329.19
35514.83,12,854.24,307.49
35406.63,5,602.94,348.09
33072.43,13,362.83,416.52
7676.04,18,812.37,172.19
39402.73,16,915.19,269.77
1355.79,8,655.71,392.19
22694.17,15,609.97,86.11
6916.08,2,963.43,230.18
48301.86,5,521.69,106.35
8544.88,11,23.92,354.24
925.15,6,693.17,31.09
19244.69,3,774.38,296.78
23871.13,2,209.56,414.05
929.64,5,695.28,312.75
4027.62,18,602.37,187.84
42839.22,5,76.54,11.39
7401.35,17,429.03,49.16
3234.98,8,264.81,150.71
4053.74,8,835.0,97.88
31994.33,6,304.21,168.93
42275.19,3,80.65,170.06
37663.08,5,251.86,163.88
43504.85,12,48.58,36.66
22713.54,19,753.31,361.45
10095.77,4,934.67,203.49
5171.99,13,730.79,312.56
43522.41,7,703.97,83.0
28580.65,6,734.78,281.17
32822.02,9,150.97,355.42
22440.47,7,508.62,194.89
47613.68,2,17.6,492.6
23353.3,15,229.47,323.82
5967.32,9,549.38,24.86
27656.94,15,309.44,237.2
24824.3,14,364.12,85.31
12327.93,13,842.88,262.95
24180.61,8,646.56,353.58
26971.55,8,284.2,222.92
30189.92,7,215.37,296.6
43438.44,7,246.44,426.59
2398.53,13,589.69,480.69
33606.54,5,999.91,244.37
2193.1,12,12.3,261.5
10420.13,18,860.45,405.31
37280.7,9,876.41,492.67
16866.92,9,196.42,145.68
14452.78,13,989.16,220.23
13269.26,9,595.82,16.92
20586.28,8,824.14,272.9
17611.84,5,683.26,411.61
38877.27,13,105.1,494.89
26283.83,12,67.63,228.03
39877.94,5,711.72,370.19
46011.44,17,294.5,388.15
2952.72,10,724.51,229.85
47825.05,7,973.69,273.42
39244.86,8,164.91,341.62
45014.52,4,981.87,184.33
3540.66,11,525.44,299.58
29322.48,12,667.78,282.07
16774.41,5,338.87,100.4
30631.7,4,933.2,270.81
36737.53,15,426.49,418.98
47362.48,2,314.32,323.33
47338.24,1,652.53,161.94
43354.25,15,903.27,31.5
4544.32,18,516.07,296.96
534.41,2,143.6,96.17
16996.08,11,164.67,160.23
33483.16,3,425.4,487.77
26069.52,3,60.43,461.73
3471.75,13,473.44,241.32
40051.88,7,443.22,480.36
22286.09,18,610.08,119.87
28315.45,6,941.23,177.49
27881.62,8,25.46,213.59
1212.95,1,933.72,35.43
32017.37,17,974.42,134.86
22653.37,14,895.56,297.88
37143.38,6,240.6,115.25
27553.73,7,119.49,446.08
4495.53,1,138.46,255.36
17876.97,3,445.52,457.9
46486.77,18,281.89,184.48
36341.08,19,328.29,39.02
1763.05,19,965.06,62.36
6146.69,18,116.0,350.1
24224.24,5,475.71,192.71
10486.51,9,506.11,467.66
41296.45,16,597.7,175.75
8382.53,18,306.04,221.37
37938.95,4,494.23,29.8
31909.75,13,196.1,176.03
20876.95,4,305.31,434.36
17972.3,9,793.63,32.74
37717.23,19,744.37,186.5
47470.94,11,37.63,370.06
21358.58,2,947.77,354.86
2438.81,8,436.84,277.24
26894.05,12,652.59,409.99
29374.18,1,655.34,301.87
13246.73,11,31.72,201.43
33843.66,9,499.57,416.94
36552.73,17,267.95,288.16
9952.08,8,776.35,165.43
11828.02,1,942.37,308.3
23965.04,6,707.39,232.04
18484.28,16,793.99,258.56
46298.62,13,187.85,305.53
31516.87,13,63.23,211.59
45424.29,7,929.99,481.14
24034.74,7,184.61,218.99
26105.28,10,839.14,133.25
48153.61,15,717.29,181.71
12992.89,10,481.32,286.22
15944.22,14,14.89,218.01
43894.89,12,745.7,235.81
23079.82,19,797.81,248.46
35923.02,2,41.02,140.78
31365.52,4,880.58,43.59
11516.07,15,557.76,234.45
13928.67,8,217.47,140.51
46714.27,7,239.81,243.31
27260.41,3,28.4,200.8
22773.16,13,88.1,429.77
41681.66,1,194.5,270.75
42856.88,8,291.05,365.53
32955.05,15,873.21,498.25
24574.72,15,727.12,279.67
23670.95,3,325.73,425.33
26254.0,3,521.32,235.7
39365.81,12,815.18,66.52
44094.46,9,901.95,199.2
37100.73,7,997.15,132.29
46428.65,11,698.34,78.15
9722.44,11,599.03,133.69
636.18,4,322.42,177.0
413.11,18,20.65,451.53
37402.6,1,457.34,416.96
6659.19,16,760.2,147.07
47853.19,19,187.32,341.47
39869.88,11,907.51,389.31
12856.15,16,254.92,11.44
32513.66,19,519.63,46.03
47741.65,7,740.15,473.26
15820.92,13,41.06,308.48
41620.64,19,253.61,473.67
2081.37,2,790.79,145.36
34923.02,2,321.64,264.82
22635.09,18,472.28,81.85
29429.88,8,516.05,368.27
38251.57,18,228.7,233.91
17807.48,12,592.13,39.51
20742.23,2,722.7,345.08
12204.35,1,345.69,337.14
19030.75,3,222.96,89.86
1039.02,9,376.39,28.35
27837.19,9,997.04,463.69
10726.31,13,932.55,105.83
939.33,16,802.13,466.01
14187.44,8,951.03,434.81
42349.11,1,739.4,202.48
43558.9,13,584.28,219.74
29550.8,12,188.52,65.69
48998.26,13,960.11,187.21
2153.34,17,735.02,219.24
48770.02,14,295.01,308.81
26539.01,18,776.9,171.16
43662.09,4,319.69,456.88
27585.83,1,850.97,468.59
34853.75,14,587.68,272.44
15763.49,19,828.09,332.08
23688.78,12,558.55,444.39
37330.39,19,402.42,370.74
21377.53,11,739.19,183.29
43506.68,13,786.64,341.42
25171.79,18,878.83,70.64
49806.46,4,333.38,287.86
25986.49,13,309.68,459.96
11599.01,13,964.62,33.79
46451.25,7,497.96,194.88
49801.95,7,463.48,185.08
6417.71,18,418.5,342.24
17507.47,15,319.44,450.97
888.28,5,425.63,204.6
31605.69,1,379.36,336.72
29363.42,10,152.28,267.66
43344.35,18,806.18,260.32
23985.16,3,846.29,128.94
46661.34,2,423.41,32.95
41677.37,14,92.87,45.94
26017.33,13,79.52,408.49
6441.39,14,446.79,356.92
4263.61,1,599.91,459.24
4299.83,11,729.98,412.92
25455.67,15,975.38,267.78
31166.49,2,87.65,387.78
610.83,19,981.6,218.61
22263.36,15,319.2,430.93
20638.28,8,335.09,309.32
13568.51,9,778.64,435.41
15698.18,2,366.08,65.36
46613.35,1,251.19,304.58
24207.74,9,230.03,196.33
21867.7,12,406.34,100.94
15730.84,16,11.39,489.17
44290.43,19,768.48,299.41
10143.44,12,296.85,494.21
34249.44,14,810.79,425.26
44244.56,3,319.46,494.03
47748.12,15,836.42,108.56
42411.29,11,999.71,405.9
19039.79,6,816.3,121.17
10915.24,15,510.88,58.36
20536.47,6,629.12,260.15
14736.0,9,142.52,374.99
4504.88,16,514.85,275.91
36524.91,2,867.4,195.2
25752.53,10,743.58,87.4
47066.7,1,152.74,460.85
43371.1,14,635.7,182.68
40293.54,2,442.9,273.45
8578.5,14,939.57,261.49
37001.58,13,641.89,288.36
46191.22,11,607.21,49.67
39897.99,15,753.62,116.99
4696.69,5,175.5,162.21
25091.45,9,387.28,314.94
38447.11,2,927.69,206.22
1445.02,1,576.1,357.84
12171.72,13,870.69,171.85
47253.83,9,310.56,55.86
46695.16,19,142.1,388.43
9594.06,5,682.48,177.85
13882.62,6,774.76,30.9
2194.5,14,921.06,199.55
17003.81,14,902.73,458.74
12449.14,1,746.08,66.01
3451.64,14,321.8,461.73
13808.95,1,147.78,448.15
10918.67,18,69.83,206.0
39967.01,8,878.15,310.34
10671.0,1,599.38,370.91
44200.57,7,303.72,198.77
49455.42,3,776.9,60.1
32603.79,1,792.22,197.16
25596.41,19,92.22,9.51
45767.92,7,471.13,444.75
20518.26,19,486.35,206.19
17128.99,5,303.07,419.17
17603.03,7,700.17,157.79
33604.41,6,767.29,137.28
2225.24,11,686.37,374.62
10883.74,5,591.92,451.54
47437.76,16,550.21,426.21
5205.68,3,924.74,74.59
22588.39,12,124.01,57.41
39762.51,13,92.19,141.8
45222.82,19,799.06,158.42
26642.3,2,59.73,408.63
8168.62,15,461.59,16.0
19311.73,17,379.25,317.88
7620.19,19,81.24,285.18
41867.48,4,23.93,325.73
27449.33,5,711.39,299.9
36180.13,1,607.06,108.25
44243.03,1,157.49,159.69
48149.52,7,280.37,475.37
20479.11,8,956.33,151.78
30881.62,11,264.99,68.64
24183.4,12,635.04,154.49
22096.1,15,390.32,51.82
24239.24,5,632.14,371.62
11761.24,13,348.05,131.67
45683.45,19,763.36,317.5
41984.95,10,169.13,321.46
47598.73,9,471.99,339.54
25235.54,12,156.84,105.66
26505.52,10,87.53,414.25
25736.82,11,663.81,248.08
4694.29,12,223.85,446.81
43011.87,10,191.54,460.54
32452.6,9,385.04,393.69
48752.14,11,609.43,373.36
8056.96,10,138.24,218.41
49743.77,5,293.13,225.94
38993.73,17,817.3,345.66
35157.03,3,147.89,282.82
9517.54,13,118.94,233.22
8996.14,10,219.95,249.6
17738.03,13,677.87,189.02
40471.35,3,251.36,396.73
33736.16,6,410.83,430.52
30662.11,1,806.87,27.13
2405.2,5,237.08,182.67
16364.2,7,940.63,496.58
3694.02,12,244.35,260.68
8364.6,2,856.63,398.72
26552.83,10,889.52,128.0
28633.79,16,684.66,26.65
42720.77,2,159.78,413.01
33198.73,15,258.29,158.46
43087.31,10,651.41,260.29
40381.11,3,718.48,451.94
48655.42,15,295.96,305.12
22956.83,1,844.2,449.55
5404.66,5,608.38,256.35
10076.93,7,991.53,314.25
35945.49,10,10.24,488.49
30814.61,13,280.27,6.55
38008.74,13,521.64,246.91
44738.9,12,245.73,243.97
5962.32,7,976.14,179.3
36618.53,14,919.16,241.01
26258.88,3,982.97,490.71
29756.34,17,411.33,97.11
35473.77,17,238.43,193.51
46192.04,1,154.71,246.92
2108.32,19,264.55,4.03
7342.17,15,871.59,11.1
34265.26,13,569.28,141.46
43622.55,18,346.34,494.98
33763.35,6,847.15,456.21
33465.93,11,378.06,184.76
33711.77,15,833.48,476.99
2892.55,10,161.56,426.27
16245.93,12,56.86,200.32
7350.37,10,595.08,260.36
4535.59,4,536.75,189.84
26141.47,19,492.07,242.2
47504.38,5,72.56,217.16
39189.55,3,616.75,389.2
39779.72,4,742.36,445.58
47047.53,15,590.44,465.39
44171.15,8,992.96,484.97
7205.11,7,36.46,113.31
28441.0,3,685.84,154.41
1587.67,13,612.86,69.4
17288.19,14,660.08,20.8
49758.12,3,474.14,258.19
1947.29,13,721.11,442.66
37626.71,10,125.68,134.35
44823.27,7,189.5,281.52
9332.28,9,724.06,408.75
17230.27,8,307.7,380.51
25271.38,19,379.37,425.7
36526.29,9,101.42,397.07
17228.24,18,875.08,106.41
22149.41,17,86.63,419.62
36862.43,16,872.22,195.47
38083.25,1,428.8,275.91
3269.97,1,262.02,124.33
17227.89,1,148.7,203.35
25745.83,15,621.28,154.6
29936.69,4,413.44,384.23
46131.01,17,971.05,423.88
35654.5,17,499.58,136.98
15348.36,1,558.91,91.49
7604.29,2,911.04,80.2
49383.83,5,722.28,210.34
34576.5,18,49.58,289.52
37205.3,1,729.55,154.94
3709.0,8,342.42,155.29
17543.61,3,863.84,186.8
27892.73,4,252.62,190.38
23290.37,7,924.67,462.86
17039.69,3,188.94,301.68
20088.05,12,654.85,45.7
47007.23,1,724.83,468.71
26866.77,10,792.19,334.48
33938.42,2,904.49,194.06
35745.69,7,87.32,470.72
20477.89,16,73.66,338.5
11479.5,10,334.23,204.52
9734.11,12,292.72,69.35
16650.88,19,135.53,383.03
18767.47,14,966.12,137.39
33483.36,4,49.35,14.15
30782.83,16,268.67,160.21
18715.85,14,558.56,148.11
41298.25,2,115.2,37.35
16201.87,3,976.45,118.66
23760.52,9,119.22,414.25
6148.37,18,76.24,178.25
27468.14,9,452.85,42.23
41639.3,17,872.31,439.7
7314.48,5,92.32,298.07
15082.67,18,109.36,477.37
17875.79,12,299.37,166.07
15292.54,19,148.35,303.78
29953.63,16,87.64,397.53
40139.94,12,948.3,326.45
10322.91,19,87.1,229.64
3767.78,7,477.49,215.22
31494.31,2,73.14,209.94
44087.93,1,985.81,367.6
28080.44,1,205.18,258.3
30172.66,2,616.97,478.7
15521.48,5,643.26,269.51
40250.92,6,552.16,471.18
7159.13,18,765.96,72.46
2202.56,5,60.76,232.57
45623.77,16,214.72,423.69
20875.03,16,944.73,348.31
14286.43,11,950.11,26.77
17547.92,8,892.19,40.18
12621.62,13,955.24,38.74
38157.43,16,156.69,33.28
7903.57,15,673.67,433.92
29301.14,19,643.61,360.33
4577.74,11,615.6,470.68
16879.93,18,912.02,376.13
32651.75,17,459.26,22.46
14202.98,16,906.34,140.93
5855.07,5,391.92,489.84
35393.71,5,281.62,320.89
48780.18,12,494.52,303.06
33856.7,9,523.78,6.26
13159.91,3,473.15,314.64
6755.83,11,64.04,453.47
44003.61,13,677.7,28.11
43906.59,1,487.08,374.76
26199.2,6,965.93,362.51
2719.39,8,714.86,338.82
2742.63,10,805.8,58.34
24385.89,5,508.03,67.2
19648.96,3,66.77,386.19
3484.59,9,230.22,458.8
45270.74,8,817.91,338.95
24325.65,5,603.81,286.59
21333.11,5,850.46,113.47
14601.19,13,142.61,92.81
23086.15,9,986.68,453.86
48740.96,11,86.07,72.18
10012.57,5,326.94,257.82
6574.55,13,338.61,466.57
46010.37,19,274.92,116.08
13936.6,14,799.11,249.84
30167.94,3,798.64,417.79
16054.68,6,679.05,335.04
23437.21,14,27.77,242.42
48869.82,15,384.9,62.6
33642.95,12,488.07,481.19
28830.8,7,894.92,253.9
14773.18,14,155.6,207.67
48486.84,7,592.92,318.3
1602.46,13,276.45,290.92
39505.58,6,279.34,22.8
3263.42,15,360.5,452.19
49049.01,8,263.46,72.55
18498.86,15,58.18,490.94
19839.52,1,831.18,251.31
29001.33,19,130.73,158.77
2101.58,19,769.18,163.34
49627.34,4,445.52,330.18
16111.05,10,738.36,127.49
46020.45,17,318.78,404.62
14640.7,13,796.17,344.47
48444.65,1,891.24,121.76
19694.34,1,307.82,98.16
42001.02,15,393.38,43.47
23157.19,17,251.58,425.56
10048.66,2,946.57,104.25
4811.08,14,208.96,196.43
28771.21,8,74.43,61.54
26507.03,12,173.74,79.8
25815.94,4,674.02,0.9
23048.72,16,660.86,493.63
48414.65,10,933.79,308.33
41678.57,8,689.44,228.01
927.23,8,982.01,414.89
8825.84,14,41.98,281.99
2861.19,16,701.57,387.44
6838.27,15,435.54,121.12
20573.96,9,985.92,112.91
25520.98,9,679.63,344.76
48478.72,6,751.23,45.74
23197.14,2,864.44,41.35
26032.7,12,859.85,392.07
19783.77,14,247.77,148.83
18973.08,5,925.34,200.48
21875.53,13,982.56,134.73
24736.92,16,667.47,82.16
4074.76,5,807.9,483.02
5547.39,10,367.7,64.55
4802.27,13,442.17,296.39
11194.44,11,54.68,383.33
41510.7,16,761.83,401.6
34739.32,13,965.4,331.07
10550.44,3,660.86,87.37
36587.72,6,145.57,401.97
36346.31,6,230.64,75.25
4195.05,17,950.23,23.46
37873.63,14,201.36,372.78
45060.25,19,136.72,49.34
13560.52,15,187.0,433.97
45037.26,13,530.93,2.15
10838.65,7,622.74,467.48
18619.68,18,988.57,238.04
9232.69,7,162.0,379.43
24843.56,5,382.22,266.19
49523.55,2,360.73,321.74
34640.93,15,976.58,279.4
30656.87,12,951.43,163.72
25663.15,18,119.51,125.8
4384.88,2,898.5,497.27
42987.53,18,921.5,262.03
33655.91,7,539.97,9.66
104.37,6,534.09,455.47
33629.01,3,976.62,112.36
15579.11,14,805.18,257.44
24907.35,3,343.56,141.91
2904.33,19,750.57,413.82
22850.16,14,199.37,166.83
1903.28,4,883.44,199.84
19312.95,10,32.13,355.14
23686.44,11,735.8,253.06
22083.97,2,397.21,400.85
24280.88,4,464.01,61.03
12859.84,15,955.87,220.63
45074.49,6,468.51,91.21
16895.18,1,379.46,91.53
7261.0,13,929.35,73.23
12271.13,7,578.77,5.1
11704.52,7,968.53,341.53
32036.21,2,267.71,391.34
13627.84,14,37.35,184.3
23538.06,11,408.15,143.27
31343.02,10,231.85,384.32
7993.76,17,706.88,3.42
33128.65,7,91.4,494.26
38366.06,1,538.49,352.52
2710.8,11,736.61,180.52
42095.68,14,859.27,144.65
45546.99,7,586.6,12.55
40944.75,19,503.3,274.24
27695.9,14,623.71,244.5
12932.13,16,772.92,162.54
28138.22,4,672.69,92.77
37689.13,2,865.57,76.63
24701.59,18,873.03,428.63
43275.02,12,234.78,481.64
4846.32,8,56.33,330.94
5819.49,18,29.01,160.66
24682.41,19,752.96,30.73
31215.65,7,133.94,95.81
40569.3,17,318.56,326.77
14774.06,12,877.3,296.97
39405.98,2,251.08,384.73
31357.4,9,585.54,221.45
33502.38,2,614.45,78.9
46886.41,1,764.31,453.9
7840.95,10,790.47,256.52
27627.19,7,814.35,498.94
24775.35,4,829.63,342.73
14279.72,12,263.93,272.46
6613.63,17,234.52,477.61
23836.19,14,414.04,224.72
45996.03,11,244.34,258.5
46860.67,4,46.65,232.38
23020.99,4,944.69,335.34
11791.22,19,56.53,223.73
15447.44,3,837.83,165.59
2855.64,1,306.5,51.15
25403.94,5,333.93,409.9
6622.23,2,962.07,423.7
46161.66,12,88.78,356.41
268.04,8,751.26,455.81
24265.95,1,276.05,197.11
32034.34,4,188.32,365.98
22207.26,5,451.46,330.78
38036.95,7,439.89,88.06
944.78,5,74.38,443.33
36543.55,4,733.38,65.03
11500.35,11,276.86,334.55
23402.31,18,729.28,447.69
16997.89,12,890.8,209.69
37042.63,18,886.62,199.09
17426.59,18,477.44,153.88
23033.89,6,735.26,450.26
25397.28,7,933.0,494.57
13420.47,14,965.94,169.97
21338.27,9,988.54,35.01
18777.71,8,219.53,171.89
48215.12,18,425.65,257.74
40744.51,17,277.82,489.46
26096.56,1,705.8,142.06
49161.32,16,70.9,6.83
47613.24,9,414.41,70.43
28834.71,2,363.72,438.19
45274.25,2,192.77,154.39
49646.88,1,360.75,432.29
29440.32,8,50.82,472.6
4544.78,5,405.96,234.97
34112.36,19,712.7,217.92
47166.78,14,371.67,341.19
32701.8,19,330.73,101.6
30547.95,17,854.27,116.82
27488.13,2,262.15,119.44
9248.08,15,215.89,206.09
26793.56,8,300.78,8.54
31315.85,17,848.52,73.33
27767.83,5,239.25,262.82
16467.69,12,244.37,151.43
17890.11,18,402.96,305.65
17510.02,1,666.72,476.79
6414.85,17,533.29,63.22
38696.5,7,708.18,174.91
32825.75,19,453.82,403.2
12785.7,1,263.34,316.35
19653.17,2,177.36,149.65
32704.99,12,389.73,198.55
45463.64,18,699.27,442.48
10913.59,10,899.47,237.14
342.35,4,612.27,499.75
28716.92,4,515.37,374.53
31656.64,7,510.57,143.27
14595.4,15,696.34,20.79
15478.19,12,756.49,378.17
16005.11,10,709.8,22.07
8571.77,5,658.29,421.51
6955.75,9,35.18,372.99
49466.78,17,248.81,255.58
22789.75,9,166.32,354.5
41454.03,17,276.99,372.95
41367.61,15,683.32,383.36
39822.54,6,27.41,350.52
47417.03,3,825.63,212.9
21813.14,6,843.91,346.34
42687.85,16,485.31,135.6
39332.6,18,228.33,281.85
14956.38,5,751.18,456.8
38796.56,11,872.11,454.96
9217.61,9,306.87,229.22
24098.24,5,833.93,277.55
45556.44,19,163.65,439.89
962.84,6,305.78,64.34
20864.59,18,244.24,396.64
45396.23,6,683.67,0.66
15342.05,4,404.28,163.77
34040.72,6,112.78,344.47
49694.85,7,359.75,213.82
14447.62,18,346.3,417.33
9421.92,4,184.7,336.78
9797.24,12,539.6,92.06
17757.8,18,745.56,167.91
49004.53,4,56.73,291.56
38825.18,4,223.4,461.62
25072.63,14,970.58,6.93
15471.61,2,729.13,322.21
23353.66,1,925.1,159.26
43982.95,16,237.64,210.97
9910.19,18,520.68,152.36
750.02,7,686.87,112.97
10384.3,17,600.26,222.25
15355.73,9,862.66,112.14
45320.91,11,436.97,100.7
43193.65,8,68.85,89.39
24624.34,16,740.21,439.12
24298.55,2,969.42,37.72
42480.48,12,263.79,8.06
529.61,7,346.54,395.22
46863.27,11,718.76,377.87
44653.03,16,774.29,185.49
3213.78,15,566.93,489.72
49715.32,1,626.01,381.59
25468.43,5,765.36,277.44
1173.84,15,712.04,367.73
17183.79,11,98.55,462.87
48393.32,4,866.23,218.49
46611.48,19,400.5,255.78
15272.54,5,106.16,70.14
39957.45,1,40.05,212.66
36291.8,15,169.91,259.36
10250.62,4,464.14,402.72
31503.44,10,668.86,450.87
28887.68,3,805.03,261.54
26257.64,1,465.35,267.64
40214.32,10,613.2,385.35
12975.06,4,163.2,13.09
38526.74,12,920.96,444.36
12648.17,17,611.1,20.05
21239.72,5,84.76,166.03
45854.64,5,561.06,425.5
48800.35,14,750.84,470.64
39254.48,18,576.8,283.45
27658.09,14,565.66,369.22
12567.76,2,554.91,156.51
14903.75,5,424.99,411.05
43318.42,13,929.77,16.33
22003.95,4,441.16,82.27
15954.36,17,617.16,480.71
37821.75,2,667.45,31.04
36400.6,8,946.87,323.0
31718.32,12,158.51,254.36
19047.54,10,522.6,487.13
20375.46,15,495.15,471.5
10791.79,17,830.8,359.0
38999.76,16,180.74,385.65
27782.9,12,154.66,387.58
12184.1,1,624.68,252.1
34799.75,17,859.03,106.86
989.56,12,259.67,444.29
1777.53,11,903.31,401.16
44141.93,5,918.99,399.39
38657.13,5,194.99,214.44
15123.17,14,537.31,96.95
41601.28,17,915.37,324.78
45928.09,3,817.22,459.78
9577.77,4,172.09,67.07
34333.41,5,602.39,123.32
8562.24,19,752.52,239.57
8935.77,19,919.35,421.04
49316.87,5,56.13,409.08
20071.55,14,732.7,149.06
7077.66,9,236.88,50.06
31107.6,6,218.72,496.98
7169.56,13,802.64,28.91
23471.98,18,933.67,42.77
40523.86,18,715.34,143.01
48789.07,1,246.69,161.3
14712.4,9,774.04,260.62
29051.08,8,922.57,335.6
37051.9,17,202.54,5.53
11393.17,13,800.63,233.13
37898.47,12,720.67,241.02
45188.65,5,359.0,240.41
31640.94,3,287.96,195.95
27941.76,11,793.66,463.22
30816.1,9,125.59,249.94
38816.34,1,196.43,115.77
28386.31,12,737.23,13.25
20134.91,12,665.45,400.01
38774.37,17,315.06,8.45
27945.06,10,38.15,145.93
7807.45,6,970.38,107.7
568.48,17,171.53,387.85
20336.9,10,955.48,185.77
31919.97,3,217.0,379.44
45949.73,4,926.34,389.02
18198.64,2,835.59,148.48
32223.25,2,24.8,103.4
10628.92,11,673.13,54.45
22691.47,2,605.08,424.75
34894.34,9,669.44,456.47
41864.23,1,544.81,279.64
26315.07,16,546.77,40.64
623.57,8,137.56,375.78
15518.57,13,358.97,267.79
29733.54,10,465.44,77.7
3703.3,15,788.41,41.52
26390.9,8,535.66,3.03
48629.04,17,751.79,221.26
43687.57,14,410.02,245.47
23991.96,9,482.87,23.28
22222.86,17,450.36,120.86
12533.37,9,326.26,29.49
37267.26,16,574.02,207.03
44693.5,19,444.53,87.95
49596.87,12,560.21,87.45
19245.02,8,431.42,81.49
14021.21,8,13.01,51.0
19051.49,10,25.33,67.32
5493.73,4,826.8,123.94
4376.77,16,435.98,270.58
23083.5,8,843.74,243.86
38988.1,16,397.86,460.24
26783.86,3,673.08,473.53
44500.51,7,256.53,443.79
48554.72,3,197.85,250.47
23155.59,8,534.57,432.78
46031.04,12,606.05,222.67
23778.14,3,82.01,485.9
43121.7,4,889.17,364.06
38855.44,9,68.1,302.41
49420.71,17,944.92,85.22
39394.36,12,271.62,459.29
11586.38,9,783.64,496.75
10836.2,19,580.37,231.99
15742.3,7,257.62,79.17
19183.1,19,363.93,493.66
4933.74,10,151.16,430.76
24629.31,11,514.29,384.61
20285.16,17,429.39,311.19
3499.62,15,928.12,106.44
33378.05,2,821.32,342.7
48719.64,19,841.38,45.25
22308.66,14,432.93,387.54
1697.06,9,688.02,392.43
36041.01,2,612.32,154.53
8638.02,13,758.13,479.35
41715.11,8,870.4,380.73
27861.17,16,421.91,438.24
32218.6,13,999.68,134.16
23145.97,11,766.91,230.89
235.56,3,620.95,28.66
28446.11,8,620.1,443.45
30078.68,18,303.54,280.26
39319.48,9,653.34,334.24
14076.33,1,213.42,386.31
30664.63,2,83.29,447.63
37820.32,10,980.52,411.87
29926.08,18,450.74,320.2
44868.94,18,977.0,316.56
32893.56,10,341.52,355.8
34400.51,4,186.01,168.02
36574.43,11,434.92,14.16
2234.92,8,42.69,497.81
7752.97,17,357.18,321.99
16383.89,1,284.66,34.48
43911.79,5,188.16,493.68
8815.5,10,847.16,472.3
20571.66,12,619.12,373.96
43280.62,1,104.61,139.99
45209.77,3,737.47,304.27
22563.22,10,864.35,226.24
45655.92,12,159.09,311.45
33015.24,6,101.12,413.98
17011.28,8,220.69,366.62
15320.8,14,544.83,64.11
8283.6,15,498.31,413.65
18928.4,7,411.05,303.63
13479.51,7,739.55,71.6
25304.17,4,416.95,66.03
29841.4,13,874.75,26.44
45726.45,14,618.4,268.81
14394.92,14,428.44,441.27
44584.89,2,233.97,7.36
2290.95,5,466.95,373.11
38229.98,16,384.59,429.25
24068.92,3,591.27,6.41
48533.43,18,654.62,56.36
1837.31,6,562.44,3.45
49854.42,19,436.96,391.83
10582.5,13,158.72,181.25
3771.19,18,597.0,109.65
48799.47,6,210.72,441.63
29584.15,15,309.97,134.35
26497.74,9,446.59,52.07
9727.51,10,209.53,231.26
8618.18,17,487.85,310.23
3680.33,8,593.82,293.68
18114.05,16,857.98,124.93
14668.36,2,791.96,89.74
1940.29,6,834.75,8.92
2678.29,5,715.57,475.74
5089.58,8,867.4,441.36
42031.64,19,534.5,380.6
27919.93,1,143.48,104.65
36407.61,11,491.29,305.29
1568.8,2,694.66,73.12
20355.76,8,551.92,476.22
48167.94,12,559.96,26.92
3115.97,16,639.91,127.9
5305.06,15,858.27,380.53
16845.03,19,959.74,66.62
20288.58,13,902.46,495.09
18141.03,12,187.83,65.19
520.61,4,336.81,425.51
38876.67,14,396.73,238.55
8549.7,14,451.35,416.11
7244.06,14,147.02,390.93
17393.64,2,11.12,373.76
11190.42,17,866.84,363.98
20169.57,1,532.95,232.01
49649.16,4,966.71,185.54
15651.36,7,55.93,270.48
35574.53,1,770.49,166.42
43045.89,5,69.28,253.42
30280.26,12,329.8,40.8
561.63,19,398.24,390.4
1672.58,9,427.81,110.72
30982.97,8,359.78,458.29
8102.89,12,42.93,222.75
25009.16,2,367.04,182.03
39207.29,8,179.54,436.78
43723.74,18,954.11,430.83
48690.4,9,411.17,404.53
10898.96,12,25.24,282.99
16017.67,14,385.61,386.46
9076.95,14,122.26,307.1
43549.56,3,78.05,77.2
8368.58,2,993.52,145.82
28738.92,14,282.38,299.01
35230.73,15,345.51,144.52
44901.93,18,221.81,281.41
26167.15,7,460.23,278.32
31723.69,2,601.87,71.85
21581.59,19,468.77,76.4
2628.14,2,261.26,149.5
39519.3,17,915.36,227.02
37024.18,4,326.1,456.24
22311.43,7,912.67,100.99
5827.25,11,377.75,418.85
22701.74,19,738.61,89.43
1117.8,14,981.34,467.82
13256.77,14,123.18,313.52
33244.42,4,29.13,245.59
19616.6,3,195.28,75.65
26717.24,12,851.65,209.45
15232.08,13,447.75,21.35
19319.53,12,610.75,116.2
705.09,6,130.12,203.59
17023.11,15,362.03,275.39
27537.96,9,293.12,100.9
26817.89,8,571.19,99.37
3628.15,17,584.23,319.87
47851.65,4,180.56,345.19
7725.2,17,334.2,391.84
41086.01,6,739.52,39.72
24961.55,17,573.06,210.42
19999.98,5,730.05,399.63
3256.78,17,317.89,227.21
16029.96,19,962.02,77.75
29495.7,9,418.81,118.84
18999.83,10,659.26,474.53
36983.96,10,96.24,99.86
26983.9,18,371.33,292.28
48500.03,10,118.19,446.05
38046.5,11,578.16,138.6
17099.23,9,770.99,434.06
44730.94,1,564.01,227.26
15656.3,17,433.58,317.83
16394.83,4,492.08,393.74
3636.65,7,874.88,338.79
49059.17,17,401.57,399.01
11241.09,19,883.47,357.05
5251.57,1,635.75,474.06
43455.42,17,988.63,330.45
40789.8,16,437.16,385.18
23484.29,4,484.52,225.65
20587.55,14,344.87,96.34
32566.19,18,462.65,403.39
23929.17,7,687.97,44.56
36025.26,4,96.35,411.75
21043.16,15,218.39,99.29
20653.41,16,351.71,326.76
35589.48,6,786.23,379.67
32470.73,2,413.19,246.03
43328.53,15,289.79,156.98
41466.18,8,356.45,460.91
44704.98,14,197.44,109.59
6619.43,19,380.84,63.85
43038.24,16,983.28,443.9
11638.34,4,501.05,100.1
14169.39,17,872.75,416.88
42247.12,18,663.95,201.43
36587.97,18,437.65,474.88
19813.77,12,303.87,141.15
30086.4,4,721.86,293.65
46356.94,17,872.76,155.8
26263.42,4,54.83,383.85
33669.7,7,81.39,340.46
2949.74,17,65.43,385.93
47752.28,12,329.28,453.39
273.29,12,397.82,143.26
26837.9,12,484.29,149.69
38797.58,7,487.85,356.05
13507.62,17,416.76,40.76
26109.71,5,743.55,170.55
39465.75,1,633.97,68.15
33305.16,19,764.06,370.51
15671.48,15,242.18,284.92
27825.49,2,617.63,492.35
44311.48,8,902.15,210.41
15491.29,12,727.86,218.72
1187.05,17,496.32,141.24
46409.08,16,197.04,218.97
32759.34,18,578.31,93.97
24644.01,6,228.3,335.96
35952.2,17,467.21,483.87
8201.3,9,301.54,100.91
14122.91,10,298.21,123.04
43113.55,16,510.03,406.76
37727.87,10,838.36,332.61
3423.06,12,603.78,13.64
1266.9,9,438.69,232.25
25317.62,12,912.4,400.52
6847.9,5,972.49,361.77
6046.88,15,793.61,31.15
47907.51,10,624.09,437.57
9237.04,1,745.65,436.43
9846.67,10,709.04,244.27
6013.14,19,74.88,368.85
11867.68,5,669.77,199.66
31486.51,12,267.43,23.0
36332.17,10,931.84,14.34
20399.12,16,861.83,178.31
19589.61,19,697.86,106.61
49855.31,11,717.71,6.56
18490.67,9,262.36,64.29
33642.64,7,474.93,165.82
15200.21,16,825.81,196.68
820.55,19,335.81,283.03
34927.56,15,648.75,360.74
25605.72,2,708.39,79.48
34565.06,7,434.52,192.68
10326.45,18,816.97,476.8
48980.38,8,917.28,167.84
45708.56,5,425.0,347.12
21945.08,18,808.12,18.34
22630.18,8,468.18,148.91
29528.21,1,889.31,120.95
7880.36,18,724.92,28.2
37212.36,16,790.06,408.4
720.63,17,506.92,241.93
35174.99,13,955.19,481.63
16087.43,7,977.1,221.89
40998.63,1,609.7,479.05
39266.77,16,659.44,308.53
26439.69,12,612.66,220.15
32764.97,7,288.2,288.32
34136.16,7,640.13,442.0
3232.36,8,948.71,389.94
37793.66,3,808.62,428.73
40473.97,7,847.23,356.72
45593.6,16,962.53,270.27
17567.41,11,712.77,388.36
38329.13,18,424.3,489.32
4773.13,15,283.76,409.29
42361.82,7,150.15,480.57
7011.71,18,787.69,383.25
32871.76,9,860.63,19.68
17053.0,11,204.62,276.46
42358.25,5,526.26,437.88
4809.86,18,403.67,340.12
11961.99,8,801.72,261.7
43425.83,1,879.73,103.82
37229.24,17,269.01,266.35
19950.52,3,939.1,197.92
45797.78,9,122.53,166.47
3428.59,7,939.81,487.5
26108.5,10,750.38,37.08
29347.59,3,72.66,160.96
3119.02,12,617.38,451.9
14407.83,18,825.61,448.86
4583.54,5,536.18,113.74
25402.63,10,429.31,221.71
22707.94,3,887.37,93.39
36621.13,18,700.41,99.21
6162.06,14,471.79,306.81
33103.91,12,695.28,180.41
49915.11,2,722.24,1.73
17598.39,18,57.53,405.69
40312.56,2,477.99,7.83
22156.44,4,596.85,175.81
46318.66,5,486.03,411.49
32024.11,15,414.64,392.98
34177.19,15,102.87,82.29
24397.94,2,391.65,381.47
9677.44,9,778.9,129.83
36993.71,18,600.55,149.56
13643.66,10,213.23,287.73
2011.09,9,305.67,228.9
4771.99,14,717.25,228.03
23568.69,11,521.82,474.91
48481.29,10,748.67,205.46
24305.49,5,757.07,373.48
30508.68,2,668.53,0.92
32729.05,7,760.91,178.74
8070.44,2,488.19,13.65
12779.82,8,277.18,52.34
19778.77,5,656.11,4.26
29406.6,7,542.96,353.62
16204.21,16,797.21,492.25
16569.31,5,597.96,482.95
30593.67,14,386.31,23.82
39277.83,9,233.96,236.39
2291.78,18,341.51,385.07
1359.53,9,25.24,110.77
7322.99,10,702.42,266.02
1465.23,10,539.26,294.93
49348.82,1,820.09,81.75
39787.53,11,450.95,241.89
43044.09,11,610.71,258.03
30868.88,11,920.08,136.67
39281.27,4,310.95,247.67
25007.85,6,450.24,456.73
30594.71,16,829.08,248.64
156.42,9,776.87,92.79
13605.93,11,996.95,408.31
15976.07,7,996.67,122.8
3011.51,9,634.34,124.92
9790.44,6,582.77,402.98
30643.4,3,266.54,96.28
5926.88,5,671.46,225.78
32245.47,4,446.38,410.7
471.52,18,507.17,417.73
19774.41,8,899.86,27.99
22937.24,19,798.64,447.57
14491.26,4,118.88,496.35
49316.72,4,271.09,387.05
46291.63,9,81.47,340.38
32544.33,16,47.97,439.26
26750.43,1,883.1,258.77
1893.68,13,828.79,107.11
27730.42,2,777.26,203.88
12198.71,19,346.77,492.22
38143.67,14,909.06,421.03
20430.44,4,462.29,434.84
2555.9,12,336.17,433.33
33437.0,15,81.72,36.65
3137.46,11,882.46,253.57
39022.26,7,537.99,220.36
16214.96,11,135.82,131.18
1915.0,8,22.8,453.06
21076.67,11,513.84,222.21
42201.6,8,398.16,311.3
25122.24,15,737.0,128.69
31779.07,10,237.59,432.22
29053.04,13,416.85,337.33
34256.27,8,520.24,486.58
37060.45,9,199.3,461.9
42294.62,16,204.66,26.13
49265.17,3,819.84,215.83
34973.42,17,888.66,89.41
25466.2,4,22.6,208.14
23486.47,18,939.95,38.33
18792.71,11,991.6,36.65
21297.4,18,21.08,267.65
48157.08,15,645.86,378.29
26912.9,3,270.74,107.29
19570.65,6,14.44,404.85
33646.73,5,694.73,27.03
14639.32,19,541.49,84.3
30568.51,12,844.03,362.88
19908.47,9,265.78,313.04
22001.99,7,816.57,129.29
33102.69,17,304.61,201.81
37260.06,4,541.15,92.52
44114.98,15,684.36,317.57
38036.66,7,788.18,285.63
47072.81,16,656.96,78.4
19559.82,3,659.09,52.46
43821.98,6,245.28,163.98
14991.77,16,809.45,287.89
48660.85,14,908.92,440.8
28354.44,4,426.65,469.93
22590.3,12,239.97,326.41
31732.03,12,970.11,34.87
45578.48,16,444.07,270.5
31596.87,18,51.16,91.27
4117.03,15,532.32,194.13
23338.59,4,154.91,262.63
3704.13,15,208.57,344.85
38528.1,12,252.88,467.11
49889.11,11,271.26,436.36
24871.7,15,365.31,408.14
37351.36,16,780.43,329.45
39476.96,3,750.18,319.96
16436.18,1,812.38,462.07
38444.27,14,561.87,372.76
24892.52,4,974.02,23.45
13849.81,3,548.52,385.19
24497.57,1,685.7,218.0
36041.04,4,56.89,78.28
21084.61,13,114.87,342.16
33695.2,3,911.52,108.5
34186.12,14,342.31,454.71
33250.19,6,259.15,197.07
8015.01,6,792.41,145.27
15529.91,1,172.74,242.08
48966.46,10,250.55,174.75
44313.91,7,36.67,38.89
31275.15,1,217.2,437.34
13591.65,1,539.05,457.32
7905.26,17,316.24,181.28
46319.44,12,908.11,151.56
19663.38,13,147.48,171.3
36461.08,8,413.37,267.27
22784.03,15,120.01,487.78
7611.78,11,908.16,338.86
34992.53,4,992.13,7.38
46054.68,17,443.11,35.4
41656.2,17,518.2,124.56
36221.1,11,102.53,163.05
4566.07,2,373.34,19.68
30670.92,10,716.74,171.02
5171.58,12,740.66,476.34
29259.17,10,599.55,422.2
3990.31,7,141.3,115.43
42109.85,16,453.7,262.6
15329.0,5,919.2,239.02
29538.48,17,294.58,188.53
19270.3,4,489.37,393.61
27696.72,10,610.53,421.58
36080.31,10,245.49,164.72
7272.26,15,69.95,411.74
581.12,3,150.4,69.69
10532.25,13,727.47,460.98
17802.4,13,601.7,290.45
16427.54,7,158.76,336.5
16569.1,7,948.34,108.77
5214.14,15,308.06,291.66
38234.08,3,505.64,494.28
36685.76,3,784.63,207.91
9088.11,19,790.86,363.41
6077.51,13,872.48,476.62
24291.06,12,443.0,176.29
28155.41,1,80.81,275.45
20462.57,14,947.64,241.5
45384.59,12,304.77,173.92
43877.38,6,935.51,46.75
121.97,3,745.81,373.4
41004.47,10,462.93,132.88
18914.91,6,660.03,164.63
43351.33,8,373.5,229.07
25610.36,10,314.88,464.59
34384.34,12,198.59,365.27
32100.83,14,226.46,191.7
38396.0,3,599.13,387.8
15265.71,4,225.58,31.99
18246.39,4,424.3,415.07
12543.79,5,280.42,124.12
19726.06,3,895.55,289.73
17399.57,17,262.76,156.33
24590.05,14,857.48,489.68
4085.89,19,545.28,239.02
15095.1,8,659.97,159.35
27638.39,4,611.51,22.46
9935.17,11,593.76,31.91
1944.23,6,628.14,108.57
46907.5,17,492.81,211.49
39671.93,1,754.88,345.49
23974.21,2,113.72,96.24
10450.13,2,967.6,323.52
8257.02,15,382.04,474.51
26235.47,10,179.63,259.49
6678.58,9,610.8,268.36
4350.13,9,351.67,60.71
46556.93,10,67.08,250.63
16336.86,17,209.42,41.46
45583.29,10,42.39,232.07
14268.49,15,863.89,303.03
49416.99,19,422.42,351.83
17089.03,4,810.65,186.38
5572.31,10,428.82,456.41
8132.8,15,26.61,98.95
41291.41,12,200.89,380.47
29180.19,2,167.26,359.85
23600.17,9,703.79,241.39
36860.83,1,62.38,224.36
37244.37,14,621.09,300.93
32490.79,13,331.29,385.95
18674.27,2,330.33,227.89
37194.16,6,664.95,234.71
5523.81,11,126.63,339.6
6905.33,6,612.86,414.03
35686.93,5,186.03,101.71
10647.89,1,538.26,69.27
15612.56,2,92.07,343.5
15743.93,11,468.59,437.38
3949.17,1,958.81,8.28
26082.89,10,227.25,171.07
45837.65,10,213.94,380.35
9926.6,13,667.58,221.42
28222.08,12,376.39,90.75
47538.03,5,440.59,380.59
43935.12,6,300.55,99.31
7509.33,8,165.93,489.71
1575.46,12,123.52,164.32
18131.73,18,996.1,407.6
28054.35,7,946.66,139.36
11462.26,9,813.46,98.61
1430.37,3,180.69,460.33
34548.41,11,487.38,416.54
35819.29,7,897.01,435.88
6402.76,10,836.23,472.87
18541.86,18,451.1,176.51
11852.51,10,404.85,337.89
15290.21,1,811.24,245.2
4217.57,10,384.81,207.01
17487.44,15,879.97,283.5
23216.67,10,973.04,377.48
35154.36,9,368.0,312.3
22217.6,10,837.84,309.9
30031.06,14,428.62,287.09
45736.8,9,863.3,421.44
8391.5,9,717.41,487.84
49649.61,8,241.76,367.14
24548.25,18,591.61,308.53
40343.11,14,42.03,257.89
11401.93,14,441.55,255.88
41410.62,10,360.18,300.21
19678.37,12,312.49,181.53
29848.53,19,166.58,293.35
39945.08,3,246.85,112.38
32379.2,16,451.2,304.87
27395.87,18,120.45,113.08
34930.11,12,554.02,3.02
3058.69,15,752.07,174.35
24297.16,14,53.54,292.03
31584.42,6,980.35,120.38
45959.49,8,912.73,163.65
47739.89,10,389.25,343.4
29770.78,3,778.53,127.65
932.22,3,351.13,368.84
35569.81,12,839.46,172.8
5594.31,7,939.85,127.85
49837.06,3,87.61,222.46
35850.01,4,910.25,460.35
30619.7,2,946.97,272.56
15703.54,15,556.79,402.85
29762.0,14,15.72,244.53
32470.98,4,535.84,18.3
25754.51,3,967.67,264.06
10664.14,16,939.25,127.87
38565.34,19,833.99,216.85
28280.28,19,246.55,73.59
35572.27,3,93.06,496.9
8184.62,1,706.02,275.53
23533.77,12,566.37,103.79
15829.93,6,242.51,469.69
6553.78,1,410.79,101.81
48197.25,19,597.04,395.3
19917.62,15,874.61,436.21
7600.85,13,211.6,215.59
6602.56,8,14.86,209.02
40759.62,3,947.82,2.89
36164.02,16,715.45,471.75
17136.67,16,52.49,325.33
42113.03,2,778.39,107.41
45036.93,18,348.99,305.72
24306.92,11,996.49,307.88
27396.17,13,967.9,25.05
9711.43,5,270.08,473.96
39072.4,4,94.79,457.53
2636.64,7,876.76,177.44
39503.91,14,403.3,200.87
49478.42,13,393.64,302.44
12271.75,3,437.62,36.21
26805.73,2,593.66,187.98
49019.02,11,931.49,294.73
42719.25,8,868.77,134.2
32434.23,1,822.57,494.33
41963.07,2,763.58,351.1
23025.59,13,262.9,178.77
33294.44,8,152.08,141.25
49196.75,18,406.93,12.37
38945.84,18,349.5,154.85
796.11,10,548.71,381.96
22217.51,13,358.72,191.78
18592.19,16,179.6,451.63
12561.37,8,127.05,101.41
36894.85,14,970.74,270.52
4524.53,7,669.55,365.24
42263.18,5,781.58,330.1
9472.52,4,700.85,290.43
7116.5,8,41.97,221.58
30339.6,11,110.81,238.0
11606.3,10,651.53,13.15
7616.11,8,561.79,245.81
30440.25,5,695.59,323.49
17816.96,17,643.51,165.97
1338.07,6,487.57,30.79
17015.88,6,87.85,11.7
9494.23,19,316.84,363.5
6370.44,10,248.86,72.15
31808.32,12,47.28,124.67
16471.51,17,324.69,340.64
12132.77,3,279.28,157.74
33754.4,6,51.25,84.59
19015.35,18,510.69,462.54
12534.99,1,765.16,55.26
20511.53,1,771.85,499.7
46833.23,3,960.64,288.49
46593.25,16,422.9,385.97
45688.34,5,313.97,418.16
37669.84,18,772.76,459.87
35059.09,5,534.45,209.46
1431.65,5,222.85,491.71
21492.88,18,519.4,341.84
40102.92,7,594.66,86.34
28742.72,6,24.69,14.36
20784.45,5,120.34,157.66
7577.93,6,972.77,142.24
19729.88,5,615.03,426.21
25164.52,14,201.27,136.52
12678.83,17,350.15,76.1
18261.0,2,950.97,418.64
10738.87,10,12.21,260.53
26565.33,15,192.35,189.16
47793.41,6,357.35,152.17
31464.14,19,10.42,294.03
34489.02,8,962.44,245.6
6848.73,14,480.31,118.83
46072.14,17,934.15,335.75
36611.48,6,283.95,135.63
39659.74,18,274.62,475.04
29436.63,17,933.82,129.04
16681.97,7,488.18,420.39
46414.53,13,791.44,396.39
45392.62,12,891.79,49.63
21047.36,15,531.69,253.72
37072.09,15,108.02,380.57
43174.95,16,618.43,285.75
13083.52,9,651.58,83.26
30565.93,8,393.83,146.88
6429.28,7,945.02,391.22
1419.35,14,639.05,490.59
24220.35,15,514.33,13.01
28683.82,6,43.66,140.82
44221.36,4,468.4,263.72
38297.09,16,514.29,123.16
18916.09,4,744.47,137.94
7613.97,16,531.16,27.56
24240.59,6,973.6,477.92
13148.49,13,970.38,263.86
45192.27,8,611.96,278.22
37989.52,18,920.51,37.27
21840.07,8,898.4,406.75
16205.29,1,424.95,377.09
4035.71,19,27.82,197.96
1625.61,8,148.14,123.53
13072.18,15,27.33,303.7
2905.35,15,531.95,499.55
49230.59,7,451.93,22.28
5949.51,14,239.32,254.42
41403.69,9,115.39,481.16
723.2,3,937.53,447.77
15633.55,10,524.39,181.51
43771.17,2,230.54,209.84
6971.8,11,392.53,178.15
46803.62,17,14.76,190.14
11827.81,6,711.43,492.4
47249.59,8,876.0,406.58
49605.94,12,939.36,244.83
30490.06,3,909.78,253.45
34027.7,19,851.78,119.95
32322.16,3,496.83,319.7
11581.27,1,609.97,405.0
16818.38,13,81.34,21.54
42111.56,7,382.91,172.84
18370.16,8,813.98,166.22
2190.91,18,996.01,87.65
30431.47,3,571.71,170.68
6083.76,17,327.94,229.3
8163.53,17,35.48,72.38
37222.18,19,116.98,221.08
29180.12,3,289.72,316.2
40663.08,14,608.74,104.68
49919.67,5,993.96,315.76
34120.1,15,758.71,79.21
49356.0,8,161.93,135.05
37156.64,13,285.74,387.19
30662.25,18,197.52,177.69
31724.22,15,968.27,275.64
39096.32,11,41.93,45.6
15310.95,14,465.52,130.04
47301.09,1,584.24,282.78
17084.33,14,189.3,35.5
15963.57,14,81.87,58.89
8510.37,5,718.75,420.74
32447.69,3,797.58,159.4
12649.35,9,81.82,249.04
3973.37,11,221.35,196.48
45737.32,15,177.93,335.91
20737.67,12,950.31,208.01
27632.17,15,937.3,365.96
9545.32,11,611.6,24.11
26542.73,18,458.58,261.4
30714.06,4,128.73,473.24
7798.22,17,431.77,309.71
4782.33,16,970.78,232.39
40592.69,10,449.06,422.79
38077.32,4,393.11,216.4
25116.96,10,46.42,499.09
45649.55,9,375.22,210.86
21091.06,3,841.03,496.02
15169.61,16,676.21,170.62
32149.74,19,829.76,108.36
35329.29,1,823.12,6.06
20586.23,3,471.45,414.74
20736.61,7,960.99,48.03
2782.98,2,449.81,185.96
34082.48,4,842.34,122.13
23050.04,16,707.5,233.59
37923.59,8,577.45,247.2
22670.35,11,503.91,446.72
18612.03,7,758.41,390.16
17089.73,14,561.05,145.25
22384.95,11,893.07,61.28
10021.96,13,397.43,29.46
16829.77,9,287.93,336.18
9078.82,10,293.85,410.87
21726.61,10,194.77,319.83
8828.0,5,285.71,355.15
44382.61,14,82.71,148.44
30618.1,14,740.11,426.78
28101.2,19,732.36,256.56
29202.28,3,252.38,403.87
46088.16,19,60.42,54.02
18696.47,13,42.71,425.21
13719.78,2,810.8,165.76
46258.25,12,672.81,231.72
44576.75,2,629.85,293.6
28637.65,18,620.74,134.4
23346.34,1,739.27,334.51
17749.41,9,272.48,406.58
11229.39,13,701.94,450.46
13263.68,7,709.67,419.7
34779.33,9,525.43,174.11
29164.23,2,45.64,408.42
30580.84,1,636.65,432.46
28360.78,19,401.96,108.08
48699.56,19,191.83,43.83
687.65,18,517.9,117.37
1589.25,4,448.51,186.18
49512.99,9,428.94,5.38
49631.61,15,229.12,227.87
22799.37,9,262.13,165.9
4301.3,17,914.55,5.55
1990.07,4,865.59,492.51
13174.32,13,689.18,132.35
40443.35,4,800.58,46.86
34969.66,15,721.87,103.76
28379.59,3,200.29,111.94
39902.23,15,178.62,56.81
35860.76,15,521.48,41.7
24600.44,12,685.52,267.28
41472.51,16,977.0,392.12
9262.73,10,662.95,403.89
8866.43,15,90.61,191.01
26011.66,12,218.71,398.9
2459.76,5,183.07,391.45
29876.93,5,304.13,439.29
47365.82,14,973.57,341.3
38231.8,11,35.44,330.37
48878.07,3,615.15,23.38
44451.96,5,628.4,150.62
1723.42,5,379.67,1.85
12574.81,14,113.08,218.18
29018.05,8,682.05,46.35
11369.74,11,746.69,66.51
34678.82,7,164.25,99.29
8193.06,1,92.64,341.31
29601.39,1,183.83,215.04
44651.41,7,570.27,339.96
24741.98,19,20.48,435.82
10341.26,13,242.92,448.11
44078.51,8,901.56,189.42
45833.74,6,471.69,287.47
7688.44,2,110.37,82.16
13541.07,19,17.91,34.15
33041.63,17,312.08,5.7
39450.3,17,995.32,431.31
23406.94,4,981.36,335.13
8773.0,6,517.27,316.45
7351.75,19,42.24,330.9
44018.73,16,406.21,6.9
4683.81,13,922.74,69.13
24369.96,15,654.5,391.86
11182.97,5,784.45,305.63
31710.77,10,330.81,245.99
46802.92,15,49.12,403.19
23011.96,3,271.58,377.91
38596.76,8,457.35,74.52
19901.47,8,566.77,230.1
20236.67,6,341.47,422.61
46186.74,16,188.58,417.92
36304.42,3,417.43,247.88
35991.82,17,742.72,105.44
19066.32,3,120.77,28.47
42175.5,5,760.38,391.08
49945.13,16,73.99,77.36
30184.45,5,976.27,419.76
48421.55,1,139.36,117.4
37875.97,18,16.97,73.76
39081.81,5,632.56,92.62
48552.48,16,155.0,10.55
26345.48,9,421.74,415.96
19503.48,14,19.61,285.36
11952.44,13,711.92,417.85
32171.5,13,946.56,344.44
48066.05,10,490.49,131.54
25230.29,7,623.02,357.52
48021.97,12,111.35,300.42
32172.71,9,787.55,33.05
6605.66,16,428.04,299.55
4699.28,13,871.02,357.74
42799.41,19,247.13,284.68
34910.69,7,435.05,143.56
7540.57,8,242.72,102.23
12114.66,17,297.82,135.87
27834.54,19,152.87,251.73
9103.23,2,97.57,104.55
48496.67,8,670.41,478.82
15428.19,18,22.41,205.39
42400.82,8,680.24,124.7
15396.28,13,244.27,94.0
9225.97,2,476.16,141.02
41514.27,11,10.22,242.75
33040.33,17,203.39,401.02
49284.32,1,596.99,165.88
49577.57,11,720.26,476.38
12213.06,3,568.1,366.71
6556.51,11,254.22,358.22
39182.11,4,235.99,388.25
48465.13,11,833.08,433.67
27413.27,6,881.38,150.95
27764.45,12,249.02,346.1
10842.25,18,473.15,117.36
20342.62,12,525.45,404.45
31639.17,19,654.11,484.44
45998.72,1,289.35,166.34
25462.34,14,236.58,45.22
21475.56,17,870.59,411.66
207.38,16,535.0,435.66
31308.0,12,645.62,22.51
8486.98,3,87.2,274.95
2445.86,19,778.97,6.36
16057.69,19,809.78,280.15
17632.39,10,919.82,298.09
24628.73,2,314.9,466.99
5834.82,17,944.59,160.79
35581.55,5,57.65,31.99
12542.15,17,877.61,340.09
14154.72,13,425.18,149.85
23344.83,15,251.4,138.11
24957.44,12,465.77,280.25
15477.36,15,846.65,160.85
41551.76,3,26.19,9.76
19416.75,10,188.57,168.15
17564.98,3,990.67,408.85
30376.62,3,94.84,154.22
37983.1,3,505.96,14.96
37839.79,8,301.73,18.66
7279.93,11,741.78,153.3
38556.67,4,887.92,360.7
14644.66,10,894.58,200.91
47114.51,14,797.01,146.48
22819.09,9,285.43,498.82
18963.7,4,171.65,381.68
37653.72,2,105.39,443.16
34949.39,18,825.53,451.34
17925.39,8,469.84,439.39
39400.16,3,990.36,59.42
25093.72,4,178.76,157.96
37571.81,18,905.73,244.78
27165.72,6,965.37,398.2
8924.49,7,333.93,224.7
33572.91,15,100.13,121.86
46015.18,1,415.26,199.6
31482.16,16,912.22,1.53
6514.27,11,289.98,478.3
3915.51,15,162.52,364.37
40458.4,7,657.25,480.71
22549.76,14,558.49,241.64
30019.06,11,947.93,329.52
21424.85,3,705.3,495.5
22941.88,18,277.04,170.44
20682.97,13,167.87,272.36
33751.72,9,197.64,49.84
37379.37,17,604.23,75.98
3872.52,5,452.43,223.6
9027.94,3,700.46,430.05
34157.12,7,68.18,172.8
16904.31,12,58.53,462.03
3391.06,6,660.76,127.55
40057.03,19,222.24,253.07
6925.53,15,974.75,480.99
41755.32,12,447.77,270.71
33534.44,14,506.69,362.65
47370.85,17,572.69,437.53
31748.5,17,399.64,230.07
12711.91,5,524.86,75.83
12637.18,1,140.19,23.17
7033.65,10,85.27,418.44
29788.16,2,391.51,481.47
20878.66,11,108.38,265.27
26267.85,1,446.95,370.32
36624.8,11,926.02,3.29
32021.49,19,226.82,397.92
24433.41,10,800.25,151.47
16020.78,14,569.09,63.71
3605.86,19,564.19,181.75
48940.33,9,376.99,387.63
45460.15,9,314.13,434.45
17053.05,10,864.87,277.0
40653.92,10,674.31,367.76
36807.85,9,17.04,337.6
41678.58,16,937.62,122.82
40632.24,4,342.21,203.91
37894.35,6,264.8,284.3
27594.87,15,329.11,316.06
27177.05,16,293.26,12.48
24058.49,17,124.82,476.49
20906.79,12,246.41,167.53
27176.81,3,355.07,340.88
8610.93,8,698.75,183.08
43358.38,17,350.87,485.97
28440.82,14,221.91,369.36
20338.02,4,122.36,358.44
8407.8,4,628.65,357.34
32843.54,7,418.3,419.97
22552.86,16,733.62,491.7
47436.29,2,32.84,39.57
16819.21,18,758.29,85.27
30293.5,1,203.73,115.24
32072.96,10,222.08,493.36
4693.74,13,950.64,196.68
46006.84,17,89.66,412.29
34927.26,18,987.57,253.2
13986.19,13,461.57,42.12
6996.62,10,700.01,171.32
10296.72,7,912.24,386.73
19582.14,5,95.24,309.97
40490.97,6,667.8,247.56
36771.77,12,886.59,31.26
35428.71,3,245.5,386.0
21894.4,11,542.22,468.2
48645.25,19,427.47,306.65
21249.69,1,899.42,156.91
8926.33,10,902.99,27.71
6792.76,15,525.46,290.46
49473.48,11,844.19,348.47
27385.6,14,603.27,206.68
35895.76,7,23.55,151.89
9436.43,7,56.44,460.39
49572.23,12,967.63,488.38
47667.02,6,798.4,456.53
7970.97,15,550.22,255.97
22560.49,8,350.95,219.66
33453.99,8,899.44,343.98
9261.39,5,808.85,243.67
24940.21,4,399.63,352.6
16213.6,10,971.95,28.93
47766.69,18,603.26,8.32
33396.09,19,979.97,72.87
45661.28,14,914.27,376.55
49210.45,16,865.85,117.8
23360.04,12,217.1,96.08
37043.74,4,228.3,195.27
31737.81,11,920.63,1.43
30073.13,13,722.49,404.9
46820.41,16,699.25,337.45
447.29,14,358.4,268.06
35360.41,4,620.09,107.73
28205.93,3,824.19,48.23
20152.74,4,197.78,180.6
15010.1,1,790.03,335.1
16725.82,13,991.22,19.09
34691.98,19,971.3,478.06
19482.27,5,50.53,107.98
36524.68,13,654.9,226.04
36078.03,5,146.55,397.47
5005.68,10,858.67,96.44
47448.22,8,992.78,251.08
32357.31,2,135.92,340.75
12661.86,12,838.02,17.93
4159.98,2,423.35,134.84
17504.28,1,183.06,26.25
40941.82,8,621.13,183.88
45204.25,16,560.08,435.66
28342.08,3,979.38,227.75
48112.96,14,902.25,119.46
42096.6,13,123.46,406.75
35669.96,14,557.78,400.47
35431.02,2,386.84,159.97
38285.64,7,735.37,497.54
37099.79,4,688.79,219.85
22657.05,8,783.68,168.53
1103.97,1,269.29,208.59
38338.46,5,886.8,424.45
29928.67,7,780.61,439.46
31531.09,3,511.21,305.07
17153.46,17,939.91,376.54
25869.7,9,122.3,321.15
8735.72,13,600.9,6.56
17866.67,12,110.51,209.38
30085.48,4,944.02,285.38
30925.38,16,435.65,194.77
22462.96,3,193.62,25.23
22222.51,5,646.62,262.44
27525.23,7,891.28,218.51
36814.97,7,77.03,4.6
45494.4,4,235.45,101.19
41637.83,15,275.06,135.87
5842.2,2,999.42,379.96
44752.68,17,527.59,0.44
28603.29,6,277.02,241.55
29504.99,7,540.07,449.97
5933.94,4,587.78,368.35
49213.55,10,602.96,452.72
31742.97,10,701.12,230.67
25850.59,16,941.09,146.7
4318.18,4,490.72,347.84
16743.15,13,530.09,246.62
9478.4,6,109.48,126.07
45693.41,4,541.4,434.26
14926.33,2,232.94,201.92
33531.64,8,951.17,307.93
36453.25,17,14.67,38.18
18698.64,19,308.85,72.49
17625.42,17,12.32,446.97
44796.91,11,789.62,356.12
15980.3,16,153.2,205.94
34848.3,6,129.66,435.01
47652.76,5,862.4,94.2
2640.58,18,286.16,206.4
43491.86,8,665.71,16.68
10718.19,12,194.86,123.5
11226.08,12,341.6,126.49
42308.88,5,273.88,52.09
3760.5,14,159.63,207.42
11710.65,13,729.84,456.4
32995.84,18,383.48,268.41
34758.54,7,726.15,299.71
18644.35,9,294.73,287.83
18775.11,3,730.11,103.72
41010.74,8,519.8,242.77
36141.12,2,326.77,50.56
38833.65,15,361.49,383.5
30028.97,11,677.66,389.98
32062.2,4,39.08,297.36
38034.81,10,305.44,157.12
2940.58,18,977.74,393.47
31288.64,9,966.09,367.47
16677.54,5,182.08,223.91
4530.91,5,58.67,100.48
35981.17,9,920.08,404.37
43211.19,8,97.92,198.78
18040.0,3,244.59,62.63
35340.79,9,402.59,342.87
8861.39,4,673.52,305.42
46915.35,10,409.0,269.56
20158.68,11,234.06,279.75
1070.1,5,501.89,250.69
17682.88,16,934.88,208.95
19782.64,3,316.93,222.37
2314.58,13,313.57,174.72
34338.05,12,103.33,261.15
28856.17,17,173.11,243.48
36066.94,5,788.94,387.07
888.16,9,50.36,218.04
24472.94,5,983.91,172.87
48270.58,2,947.71,53.66
19426.42,1,660.0,402.54
5978.48,3,982.62,316.53
7616.77,9,206.56,46.79
40077.97,14,531.72,31.91
3176.09,1,461.81,255.82
10976.94,16,525.41,55.58
45791.68,5,429.24,208.02
44843.02,6,310.52,104.2
45867.01,1,261.47,264.5
12889.1,5,31.23,184.17
32321.03,4,319.45,199.74
45964.91,13,194.98,349.95
25588.16,17,944.91,229.27
47007.65,17,783.4,212.49
7235.19,6,339.57,223.26
32495.77,5,966.5,291.52
11247.11,19,922.27,380.58
22092.91,6,971.58,229.77
19874.18,17,560.84,406.36
12082.49,9,847.27,274.53
23875.66,2,213.56,127.88
476.2,18,978.91,50.9
16109.9,18,626.26,395.62
34545.59,13,721.04,365.99
26469.57,2,739.57,460.76
48346.98,4,504.23,331.51
26934.55,8,568.35,147.63
25715.67,5,152.86,392.2
16454.06,11,131.42,105.56
22312.74,16,672.08,314.93
34492.06,14,299.96,302.84
19516.91,13,361.98,262.07
5782.2,18,344.31,248.7
20349.92,4,281.5,188.8
19583.82,15,142.5,282.67
13187.05,19,415.21,344.52
44803.56,3,569.57,303.04
6085.04,17,679.05,180.81
28416.23,14,14.35,424.32
12613.7,15,181.18,313.25
1551.72,8,55.47,31.22
16542.09,7,328.56,27.7
10542.26,14,697.89,420.72
7342.33,4,734.9,304.42
25611.08,6,715.36,417.56
25450.52,12,920.78,80.95
12058.65,6,337.09,63.77
24370.5,18,486.49,411.3
2551.74,13,368.45,387.78
24257.67,19,808.86,377.04
37629.61,4,667.94,459.79
39789.9,1,225.12,153.21
14255.26,16,367.2,42.14
23121.17,15,762.77,288.3
34719.39,15,336.63,66.41
6734.06,15,762.55,312.44
41974.16,6,585.27,272.3
43477.98,15,372.96,376.58
39230.68,6,531.91,186.49
41905.15,13,965.58,170.37
33891.79,4,964.49,361.32
7829.16,16,259.0,489.48
17934.35,12,763.38,229.77
26163.35,8,671.54,311.53
17147.4,18,236.13,76.45
1916.2,6,349.53,476.15
37737.89,4,522.38,391.2
24090.97,9,794.16,262.92
22255.38,1,54.79,437.81
32467.75,14,644.12,446.95
19248.68,18,735.29,361.96
29614.35,12,921.41,131.82
24745.69,1,461.41,449.0
23961.82,18,455.63,174.98
16318.93,9,672.05,11.57
14983.3,17,38.53,226.57
7544.53,12,776.55,220.69
21576.52,13,119.42,237.04
5011.67,17,308.47,271.37
24628.03,17,764.8,309.7
7392.91,7,852.07,472.08
34136.97,7,509.93,409.46
3105.24,19,256.6,270.12
824.18,6,470.9,319.28
8411.43,10,728.88,486.48
21585.66,18,539.66,231.0
36078.44,3,606.6,329.44
3182.73,15,302.86,206.13
23936.69,16,257.22,187.34
7055.51,9,493.43,423.35
24675.88,7,175.38,73.97
39574.63,7,444.29,36.84
24882.4,14,47.6,190.69
47143.22,18,928.85,9.8
4801.15,17,838.4,279.76
8581.77,18,570.21,407.69
17320.86,6,617.36,75.72
33458.61,10,86.6,447.11
44971.62,1,357.75,435.13
30670.98,6,194.54,454.62
41036.2,15,848.93,92.21
40651.68,15,736.41,137.35
3273.57,18,728.1,151.25
539.73,7,179.55,298.37
20430.42,16,975.04,477.28
13970.21,3,796.33,186.77
44597.95,18,50.62,79.65
39492.39,13,870.25,277.78
33233.25,14,333.19,58.33
45035.18,11,44.42,95.09
2477.94,18,136.6,322.86
49625.11,18,742.33,380.11
29277.82,1,248.38,302.46
7561.05,8,471.83,150.98
13929.12,13,587.53,465.49
23346.83,2,956.92,67.88
6251.92,4,536.53,61.55
20138.05,1,369.39,168.86
44871.25,8,882.51,197.53
32046.02,13,213.61,477.59
19727.69,16,287.95,299.32
6198.18,1,50.37,20.22
7735.73,6,569.02,178.59
18447.32,14,617.72,435.36
33179.29,5,874.35,398.25
17326.16,11,935.26,169.83
38478.44,11,542.47,109.85
34340.09,8,530.88,265.07
5000.92,11,420.46,235.65
37863.34,9,65.37,183.16
49250.99,12,156.8,469.24
24750.01,5,360.14,74.24
34320.19,8,257.36,484.68
45215.48,15,496.02,332.45
12172.69,6,681.37,417.07
30405.52,16,844.9,101.91
26751.66,16,204.77,264.26
5100.87,8,572.65,450.89
5050.1,19,703.13,152.16
5875.66,6,280.41,58.39
3525.71,17,474.84,368.31
3360.63,9,865.31,155.27
48388.17,3,414.82,154.43
31578.42,9,24.76,275.62
32258.11,7,891.21,274.9
12072.72,5,593.91,57.53
20090.26,8,725.26,33.46
34404.96,4,787.46,148.15
13401.59,7,608.59,347.05
22462.92,15,671.05,432.82
49271.71,14,562.54,288.61
34181.41,9,660.01,176.44
2912.06,1,405.8,435.18
40288.0,1,460.78,167.59
15018.07,2,548.4,459.32
47256.16,13,614.27,56.51
31987.45,3,141.5,238.14
40719.13,11,391.25,48.85
22993.7,15,225.87,291.84
48414.39,5,248.69,119.82
35617.18,14,783.83,475.97
24650.87,6,255.67,481.63
12324.29,12,460.71,321.96
22586.49,5,602.5,287.52
41969.96,5,435.16,392.95
44699.84,5,261.03,169.88
549.66,11,50.79,132.58
27275.07,15,833.7,238.44
13540.21,17,408.51,228.62
1793.69,13,990.47,38.81
38461.41,7,459.44,210.2
33398.45,17,184.22,473.55
17641.8,3,659.74,158.62
30589.51,8,365.19,208.45
15453.5,3,95.93,153.31
42840.55,10,401.06,147.64
35507.93,16,830.56,286.58
12094.14,11,243.05,134.68
16160.63,2,202.73,440.06
4345.66,10,974.57,255.19
37476.58,11,596.21,380.48
15120.89,19,14.78,70.29
26577.47,16,306.74,77.8
25629.08,9,534.53,38.48
40397.4,19,707.67,430.45
23725.35,13,562.25,358.42
40672.07,13,59.61,215.09
133.99,4,506.51,191.9
30894.04,6,393.56,396.1
28555.05,17,70.72,59.45
9599.77,13,744.21,28.83
44453.83,4,239.31,224.48
4141.25,8,683.23,346.09
45570.62,17,664.92,134.45
25701.13,12,257.07,269.92
38115.08,15,405.16,111.63
7732.06,6,891.91,481.84
6346.42,19,276.51,442.71
2879.99,4,45.91,121.02
11074.32,7,620.28,174.76
22255.74,6,518.98,262.67
16884.23,19,611.33,80.56
26968.33,4,281.77,498.3
26598.35,12,502.52,405.72
6360.21,13,941.26,493.27
14724.27,10,408.55,225.89
35872.27,8,607.85,278.95
3730.09,1,646.84,150.79
15261.48,6,726.47,322.53
26248.45,11,476.3,250.8
1071.17,17,640.59,404.19
42066.08,17,645.99,417.59
46418.17,13,345.69,298.28
17999.77,15,508.18,460.3
37142.95,6,462.6,350.53
6990.28,5,269.95,489.19
23792.07,17,814.36,162.63
41196.09,13,235.51,95.83
33108.71,10,368.12,490.13
33827.81,8,343.28,51.35
5166.68,18,444.49,98.56
36142.73,18,411.47,93.92
979.65,17,446.0,66.91
1424.59,2,170.58,441.06
3507.12,12,734.22,144.99
27372.33,16,836.85,210.61
23372.47,16,701.25,304.53
5858.62,19,313.72,204.92
19870.85,14,598.37,490.37
25148.88,7,635.18,2.92
9747.36,12,303.86,336.44
33778.82,1,353.46,224.02
18692.06,11,192.73,71.3
44414.03,18,996.7,435.84
15752.55,9,440.85,376.68
17857.17,1,188.25,227.58
30076.76,6,475.01,280.57
39983.75,18,716.73,301.46
21388.07,18,26.37,430.59
47457.63,1,18.29,457.96
19549.64,18,394.62,187.76
49279.15,7,53.99,377.12
8059.13,9,434.77,323.46
29132.43,17,909.46,41.13
37782.09,11,440.15,302.29
37533.57,8,980.03,361.46
18843.11,14,461.5,359.44
30624.67,12,578.18,494.53
44297.36,2,376.18,194.74
12472.95,13,703.11,282.33
24914.61,16,719.82,496.41
32123.9,10,264.41,275.07
29847.03,5,599.94,308.41
35538.15,1,470.76,457.06
36822.59,1,593.79,119.03
17010.15,7,584.47,334.43
19812.84,16,456.75,491.59
36745.24,16,760.25,290.43
22719.35,1,544.96,487.25
10877.36,16,563.37,266.08
40844.14,1,967.74,7.35
21442.37,12,21.25,156.22
10040.29,5,312.11,360.14
23067.41,10,49.28,351.88
2524.21,12,137.67,69.5
25104.97,2,244.53,428.61
35667.46,18,740.11,238.92
30309.86,16,987.88,497.77
42730.96,13,513.27,201.06
13254.52,8,682.26,197.24
42430.62,7,649.56,128.91
46977.5,11,252.72,223.05
10376.83,11,37.35,281.72
9389.53,11,351.93,190.46
6577.84,9,893.59,35.85
24098.4,2,981.76,341.92
40935.59,19,798.15,44.79
1062.85,16,414.24,192.83
48781.11,10,260.14,90.81
31439.91,9,945.49,313.12
35806.7,1,460.84,56.88
24700.47,11,548.39,386.24
47614.49,3,222.02,235.79
31017.39,14,116.05,281.35
3287.13,3,738.82,334.21
28638.57,9,122.58,53.54
22442.79,1,643.76,86.2
24257.45,13,559.79,192.49
14834.94,9,418.37,236.46
8669.54,6,924.51,117.1
27542.23,14,171.16,197.51
28763.5,1,565.02,100.61
25667.92,1,396.47,98.29
36610.09,5,288.9,222.55
23291.84,16,717.45,363.38
26907.52,10,960.22,325.19
40979.8,2,911.75,304.74
12289.09,10,623.72,192.94
38964.29,12,983.25,197.05
46632.77,17,584.91,439.72
28429.18,16,982.73,391.53
10505.05,17,108.79,116.97
15889.5,14,459.92,213.68
16447.5,1,637.97,401.88
45014.01,5,986.0,267.49
49545.04,5,235.21,259.82
39171.68,9,358.59,276.12
6507.49,11,11.86,342.57
27902.28,10,561.95,200.88
7308.31,19,306.61,323.95
37234.45,17,584.21,402.21
24837.19,2,831.14,313.22
23911.49,14,106.73,165.23
30355.67,10,388.44,245.78
7929.43,4,325.37,129.83
41946.2,15,352.92,5.28
12945.75,15,501.64,140.06
36089.69,11,478.1,279.51
11944.7,2,15.1,90.62
37679.85,5,500.29,101.76
16046.15,15,779.48,187.88
15602.83,8,698.27,171.9
7135.58,18,928.73,86.33
24987.36,11,815.32,55.02
20565.67,8,755.55,162.4
5595.89,10,154.7,207.76
27195.17,13,172.05,204.56
14477.65,9,946.48,173.77
13717.52,12,965.3,456.76
32051.12,10,908.5,18.76
49101.16,14,345.51,194.08
31166.02,14,634.77,439.84
8388.14,16,35.59,329.58
17917.77,12,147.64,380.42
46977.06,8,216.46,394.61
23172.29,5,808.07,376.79
1274.51,7,493.85,62.41
15530.37,5,639.48,491.2
20699.66,9,323.34,300.35
16914.91,17,872.44,363.31
45601.78,13,743.61,12.44
20062.52,6,676.24,108.75
48486.64,10,984.88,25.74
28925.21,17,128.96,453.56
48428.47,14,130.87,66.58
6807.27,8,235.51,290.88
27983.77,9,487.82,53.0
22866.02,8,318.22,400.92
5889.41,15,835.27,49.05
27404.17,4,261.02,413.97
12348.13,12,741.45,280.65
41284.69,9,263.32,472.59
23843.23,16,77.33,168.08
26400.27,2,199.05,477.99
5925.62,12,875.56,483.27
34257.84,3,770.4,472.89
37733.86,5,737.67,18.84
45432.99,16,367.4,66.97
19168.89,14,116.73,28.96
13847.94,1,707.04,79.55
8692.35,3,123.92,482.18
45745.88,4,126.01,110.42
19976.22,13,389.03,277.31
23455.49,1,831.06,106.98
13023.69,19,494.61,307.01
31306.38,19,124.67,341.03
12484.88,2,244.5,61.63
11857.24,4,529.96,82.26
24969.74,7,23.16,470.4
10193.09,6,285.41,328.54
29037.43,16,785.82,157.72
3190.84,17,167.25,473.07
10066.07,1,855.76,218.53
5459.77,19,390.97,360.69
10288.92,10,902.85,51.59
49838.73,10,608.85,90.53
23924.74,11,526.05,52.44
3699.96,3,254.62,413.74
25600.46,16,754.23,164.16
38997.42,14,18.49,18.07
395.34,19,737.5,396.56
1637.4,10,718.83,297.5
8847.43,16,929.72,56.58
17940.4,2,709.87,93.6
34024.6,18,198.52,214.12
46711.52,1,95.77,378.94
4143.85,14,923.2,427.07
31655.4,6,134.19,439.22
3171.1,6,547.78,196.51
20402.91,5,602.27,331.05
30921.65,17,249.59,316.82
29024.31,19,803.82,204.52
38182.85,16,923.89,269.39
30507.01,11,307.79,219.0
25854.72,17,692.26,2.0
43198.35,15,545.0,233.94
2016.72,11,550.06,325.38
1056.2,13,497.45,290.61
21633.43,13,489.4,412.33
41607.51,6,784.15,69.15
3940.65,8,929.53,111.07
38048.57,17,786.09,167.27
16965.61,10,35.73,219.64
40366.1,1,664.59,230.67
46482.39,3,147.36,244.68
41902.57,11,972.89,395.02
12346.86,16,599.89,394.68
31407.31,5,249.8,28.93
32586.83,6,642.86,52.81
35863.35,18,468.04,372.57
2199.29,9,395.37,113.65
14415.09,18,172.41,139.39
19090.05,16,220.58,365.63
26634.21,6,434.04,357.2
19521.95,4,475.57,141.61
32165.33,7,688.73,369.37
45706.67,3,324.38,58.06
48454.55,13,36.31,345.46
17678.55,8,959.97,75.97
27132.05,10,43.82,424.8
43485.29,17,176.55,349.4
18879.03,17,914.8,285.54
41848.4,19,625.44,492.54
2013.67,9,130.48,355.84
34306.78,1,995.25,368.04
48286.69,1,270.58,433.06
24512.98,16,686.48,445.55
12195.83,8,646.53,430.08
37499.19,17,703.93,389.84
44611.18,3,514.56,244.66
33525.88,14,643.85,382.52
23313.98,1,210.94,236.06
15578.21,12,293.93,257.73
36537.04,5,89.44,488.05
26040.55,16,901.2,135.63
9279.74,5,788.19,207.86
45449.78,16,447.14,218.64
30938.71,3,347.52,272.61
11172.03,3,791.14,63.55
49520.79,13,925.37,417.19
19845.16,8,671.66,422.02
40773.74,7,505.35,180.95
17412.83,5,249.96,26.75
38660.83,3,30.01,41.14
48120.22,6,116.83,272.5
25784.15,11,423.42,380.23
37489.82,13,354.29,72.8
39102.35,5,233.17,166.2
38040.9,5,491.5,339.07
26789.06,4,449.67,316.11
404.88,8,145.57,161.23
43528.54,6,672.29,298.15
24404.19,15,88.55,325.55
34833.78,16,970.22,55.02
26960.6,5,176.07,108.0
17046.29,7,162.14,318.44
30234.89,5,774.08,135.62
16630.67,18,529.97,261.39
24730.12,1,871.62,56.91
4680.69,16,384.44,134.13
12864.86,13,885.68,298.72
43073.68,7,851.24,440.58
33832.71,6,232.77,444.4
14521.86,1,186.71,138.13
26368.71,5,758.97,275.36
44420.86,2,181.43,268.87
38483.93,9,80.2,170.84
41800.49,13,265.34,195.44
29111.12,17,589.23,468.66
8179.77,12,632.73,39.79
29307.57,5,692.8,132.72
42429.66,5,432.35,43.37
44440.72,8,909.89,421.89
41348.03,18,58.52,463.63
40029.4,16,53.97,333.51
14596.34,12,131.04,252.33
30164.51,17,478.16,292.47
38007.57,3,619.16,4.68
43153.42,5,631.74,5.74
7893.31,15,261.61,68.93
1889.61,1,429.26,298.2
2872.54,10,601.5,244.18
10161.72,2,963.47,447.34
18440.6,14,316.46,159.6
28638.05,10,316.55,300.76
32397.9,10,626.52,327.3
40671.24,3,434.97,5.99
24905.49,5,701.75,128.71
11750.72,7,671.97,195.63
15162.9,5,154.84,30.58
8982.88,16,909.4,106.97
46484.45,5,181.82,85.26
22845.49,7,96.88,19.49
4556.22,17,120.57,150.74
25849.97,11,224.39,113.71
22506.86,11,109.7,177.28
24923.83,3,655.41,492.6
49404.67,12,254.84,136.74
33299.96,14,516.6,329.89
36929.5,1,91.73,299.39
32709.11,2,93.44,493.14
27970.61,11,257.87,75.55
8424.26,19,657.69,45.58
4267.97,17,22.34,386.0
47550.6,14,170.14,408.21
47118.99,16,115.96,7.99
951.38,1,976.77,151.12
24841.52,5,574.4,440.76
26554.26,19,627.69,446.96
12148.02,18,368.02,383.52
29336.29,7,875.02,163.5
22454.06,18,691.87,195.5
28827.47,11,674.74,191.54
42113.69,2,597.02,140.59
34461.63,12,87.37,201.14
43236.94,12,761.49,253.93
27204.03,17,721.2,146.6
11377.39,5,234.73,10.87
11732.17,1,102.42,15.91
13759.51,10,373.6,401.68
11410.66,7,350.39,421.99
18197.0,13,937.65,362.19
19860.15,2,846.49,465.62
22371.54,3,899.33,275.36
15932.34,13,638.98,108.0
42451.78,17,459.69,109.2
31852.76,2,13.41,214.87
24062.64,5,549.79,174.3
27390.26,18,644.44,341.43
15288.22,7,637.44,479.09
28444.62,5,309.27,15.84
5491.9,11,792.42,193.89
48719.76,11,754.67,286.74
27880.78,9,505.02,88.07
13989.36,11,256.51,251.06
24331.14,18,507.58,16.4
32954.41,17,755.84,149.01
26357.39,13,500.11,477.91
44711.96,12,57.45,338.71
15491.68,14,242.17,361.15
47081.21,4,336.02,0.2
22982.56,6,684.41,371.0
17593.57,6,848.9,230.46
47285.09,15,470.03,33.59
48158.54,2,169.42,35.27
38878.37,8,270.19,431.03
49272.57,12,753.18,159.7
5562.58,16,488.21,109.49
6073.67,17,68.1,234.57
14053.66,3,787.02,361.78
5368.98,15,798.94,76.26
28361.85,1,526.43,331.7
23602.02,9,416.76,141.05
29090.2,15,63.74,367.97
4389.39,1,900.55,365.62
35620.39,4,629.32,269.81
29683.53,19,373.2,461.17
9916.5,8,187.99,454.53
35611.18,11,869.59,161.57
43003.33,13,298.47,38.42
1501.19,7,921.13,156.72
12517.82,3,183.39,454.89
29198.93,18,335.15,4.76
49827.02,8,729.67,180.57
4652.0,14,957.38,110.48
35978.61,11,305.8,457.07
19910.07,15,203.64,236.54
26888.35,14,249.61,440.74
25376.41,4,850.78,199.37
1141.89,4,110.99,54.38
27494.89,14,129.18,355.86
2008.27,9,376.87,198.89
2699.18,12,912.66,66.33
22587.95,3,216.18,398.67
12049.76,5,209.8,233.55
47048.21,9,757.48,270.89
25709.85,3,741.48,238.26
801.14,9,256.8,362.68
45325.11,19,351.18,56.0
4304.92,13,592.19,363.56
43564.07,10,963.34,371.22
25668.14,3,416.43,57.38
37172.51,7,502.33,464.79
4586.14,17,340.01,387.62
2791.1,16,496.96,6.81
26830.8,12,701.01,400.96
42388.03,5,513.9,133.36
26734.27,1,489.09,109.47
13680.48,6,989.82,421.52
14052.7,7,108.05,222.66
23988.68,8,194.6,368.66
25266.9,4,843.73,375.07
6305.79,8,634.78,106.7
34057.13,5,339.91,317.84
20874.65,12,985.69,230.03
4028.25,16,451.25,246.74
49575.65,8,956.78,219.48
3564.8,15,482.62,115.94
689.51,7,836.0,278.16
25595.23,19,880.55,178.27
39654.17,6,595.98,396.34
7965.55,12,713.42,58.39
47510.18,17,510.74,470.29
10279.12,17,146.81,15.97
48542.69,2,454.89,70.9
136.57,13,175.86,10.22
41082.22,8,837.66,141.88
30667.12,10,102.05,17.28
42114.23,10,524.75,300.38
22910.23,18,390.76,480.84
11136.12,5,367.97,358.11
37372.72,6,564.85,390.58
27303.81,5,514.49,108.75
360.37,12,558.5,257.06
29147.66,19,258.18,190.13
25856.93,9,782.74,256.41
28309.71,14,850.87,48.55
7495.41,10,186.86,68.97
20707.58,3,796.43,303.56
2626.96,4,686.64,3.38
13649.25,19,92.16,478.74
35451.84,4,965.56,222.97
38618.33,11,763.51,66.7
24251.32,15,531.76,389.64
25058.17,9,160.02,477.25
3820.66,3,870.99,221.15
23770.17,7,209.96,202.89
49103.49,16,387.56,488.65
14900.99,5,249.36,180.14
23269.95,12,343.84,305.14
11145.35,18,684.85,11.1
9095.14,15,861.66,85.47
19800.86,2,191.54,191.17
36310.0,16,245.0,447.89
40570.6,9,409.91,320.49
35096.37,14,525.67,372.31
7558.51,16,948.56,110.84
16329.49,6,925.97,127.28
31099.6,12,860.96,33.4
22410.62,13,619.54,219.26
47940.08,16,327.78,155.28
38911.51,14,521.72,422.45
9870.1,1,517.86,63.74
30735.79,13,552.54,417.97
28997.99,11,102.83,42.26
14403.01,15,15.85,335.11
664.55,8,70.5,144.82
10728.02,9,529.64,447.95
24439.12,10,537.43,459.2
19380.48,7,727.92,309.86
14244.29,7,561.9,371.84
22108.74,5,701.25,152.51
38727.89,5,35.88,447.25
11580.67,7,585.01,117.24
29641.46,15,665.69,105.8
36517.76,7,608.96,254.44
35217.73,16,781.92,299.27
32640.96,7,621.22,327.58
24737.2,10,388.74,171.6
30114.88,5,888.71,372.35
44458.23,11,833.64,240.84
30051.32,9,569.76,368.44
32586.41,3,195.31,212.04
14309.03,1,875.09,471.31
29919.43,9,839.62,96.75
27356.93,19,334.7,173.8
47053.77,9,522.2,81.4
35140.79,11,127.11,193.92
15843.02,18,812.8,97.66
26815.45,6,283.52,442.83
12351.83,14,429.33,246.61
45964.56,19,52.7,218.52
18749.75,13,662.31,272.1
6306.81,7,678.85,179.79
24212.31,14,568.23,293.1
48232.13,16,900.35,201.29
24041.86,13,368.72,244.69
1174.47,17,49.1,235.6
15826.72,7,622.61,324.22
628.08,7,612.46,446.86
22285.94,2,93.43,165.75
45616.77,19,90.43,383.42
28595.34,2,779.6,132.34
42841.77,8,501.13,384.66
8753.46,6,465.2,69.89
49942.66,10,181.67,301.44
21368.21,14,470.37,63.07
36318.6,17,529.76,119.68
49427.65,10,965.04,388.7
42400.15,17,895.28,66.28
35296.8,6,814.24,58.19
36775.28,14,486.97,65.87
20142.59,8,140.95,98.42
6692.3,9,714.65,159.06
14207.21,4,624.11,337.92
45850.25,8,666.53,126.65
33364.14,6,506.3,422.47
35134.14,11,593.92,273.98
46691.07,12,225.74,291.37
47181.39,12,381.85,414.65
23997.95,6,743.39,156.17
16426.52,19,715.9,411.6
44850.13,19,178.32,380.81
27005.75,17,53.17,44.69
45921.32,7,316.56,346.25
23984.02,5,437.97,317.78
45219.23,2,223.27,439.9
36491.07,9,383.81,472.42
10494.32,8,522.14,477.84
32761.58,7,115.34,374.8
11738.32,1,420.4,344.29
1046.49,15,402.74,422.0
9925.09,17,209.26,469.93
13907.56,7,935.17,201.48
44442.43,4,208.92,31.75
43586.61,2,289.46,143.07
44405.47,12,287.07,45.83
3495.57,7,294.48,241.91
18016.1,15,622.12,473.12
13963.29,7,822.86,327.38
5697.81,1,109.82,470.76
740.48,13,763.41,436.72
18882.67,19,942.53,402.28
19182.43,11,82.62,341.85
44212.41,3,635.65,273.14
10729.94,4,298.33,474.53
17189.89,10,921.73,3.4
45933.6,17,298.04,297.67
43311.75,1,499.83,17.49
38346.63,14,797.0,344.28
21605.41,14,803.78,47.98
26986.33,3,553.06,186.52
19744.32,2,566.01,156.78
34074.15,19,479.54,408.65
36934.67,8,396.95,137.46
43286.04,18,468.06,64.18
47494.36,9,323.2,56.2
8438.46,7,843.84,392.8
22118.66,5,541.64,61.71
37942.66,7,892.18,275.66
13932.09,1,704.26,385.4
25649.19,5,288.42,404.26
24873.46,17,222.23,12.69
4712.79,1,731.56,146.79
36134.79,5,993.55,99.53
15495.22,19,805.93,60.18
18617.76,7,424.02,166.46
42114.32,13,953.42,454.67
47208.06,7,25.65,255.15
44803.23,16,823.81,98.4
12239.38,16,704.53,81.71
34495.77,16,778.87,111.11
44875.17,18,369.9,100.59
30930.59,13,825.43,192.94
42240.64,7,980.16,267.88
20433.76,1,243.57,465.44
28544.9,17,426.63,162.1
27593.11,11,995.16,443.93
36996.54,19,142.05,398.51
31555.46,17,229.14,255.81
23598.25,19,569.52,409.88
27751.06,12,800.09,382.44
1049.24,19,299.33,26.21
21948.22,9,181.99,261.24
6676.48,4,170.47,22.31
7270.66,3,678.37,425.86
39596.42,16,474.13,25.73
44807.68,9,17.51,269.84
28426.7,6,835.45,321.37
34070.49,7,568.46,298.4
33641.96,13,851.12,463.49
12655.77,4,673.62,92.61
22566.93,4,336.28,352.82
35576.74,13,373.77,211.63
4873.21,5,371.58,455.65
29302.93,7,342.15,163.82
29553.1,3,92.87,299.94
7043.35,13,34.62,382.73
12006.14,11,661.96,23.91
21811.73,7,424.07,390.65
39079.91,7,492.74,366.07
2318.51,6,872.98,303.71
7172.41,14,167.18,152.73
29552.58,7,386.45,331.84
13893.47,5,442.06,340.2
45291.31,10,471.67,463.75
33708.81,3,500.1,338.56
3874.24,16,581.25,191.59
30585.9,4,210.18,440.62
11249.53,7,177.01,131.98
18080.38,17,416.96,91.87
44928.46,18,696.17,5.25
3860.96,9,849.78,150.15
4010.06,6,144.61,495.16
10531.26,1,105.45,204.86
35414.66,16,668.28,249.8
43945.77,13,875.25,449.17
10158.88,9,759.36,278.1
49051.48,13,664.15,453.97
30678.42,11,917.39,310.18
21938.41,14,616.02,214.51
32855.72,18,727.08,384.61
3651.74,11,550.46,172.79
21950.06,4,235.87,312.86
46210.72,7,766.19,471.38
3382.38,14,123.96,170.25
39161.68,12,887.6,371.44
35490.03,4,349.24,368.37
12456.16,16,525.39,209.94
34179.19,2,630.99,90.68
23973.49,19,575.42,487.45
16903.34,10,972.88,61.87
16540.78,8,743.09,95.14
23837.41,14,65.16,410.91
43984.63,1,723.96,316.72
21804.15,6,951.02,391.54
47711.14,4,84.87,402.29
17696.84,10,806.28,424.61
43328.98,11,829.85,135.72
2103.97,9,350.83,389.55
14057.82,11,34.28,283.32
5964.81,4,549.49,253.87
44240.37,5,362.09,357.01
39451.73,10,391.72,400.24
37867.36,6,539.7,303.76
13925.35,16,282.43,113.0
17755.36,13,139.7,153.1
26596.42,10,696.84,206.75
20331.35,10,180.74,493.56
38210.87,3,781.4,489.19
49204.43,7,533.47,222.61
43277.69,16,697.66,128.36
318.84,7,717.83,300.62
34935.66,8,725.98,425.32
38673.01,13,884.38,491.67
11977.13,1,46.32,268.92
10389.39,2,570.17,436.17
21622.55,7,391.75,269.49
14768.83,9,677.04,297.11
39281.39,4,584.62,234.54
28500.38,11,327.02,495.02
38196.04,15,560.06,134.88
14819.8,15,599.49,194.43
438.03,4,313.02,148.26
28757.62,16,887.15,89.73
28021.11,17,754.84,230.8
31232.57,8,94.04,419.46
31112.57,18,526.96,335.22
37787.09,15,951.65,306.26
22103.86,2,61.65,73.07
12163.65,2,925.46,146.2
37691.59,17,610.82,55.39
30094.2,3,27.47,179.73
11429.26,17,317.56,389.78
26819.89,19,327.75,431.43
39843.94,1,795.99,0.97
8335.09,3,881.67,414.56
3649.65,15,620.44,236.56
47504.28,13,85.25,494.07
2152.51,19,653.89,489.9
19980.09,11,558.16,125.9
26355.27,12,882.24,267.94
17153.38,1,122.38,222.65
11093.91,8,606.91,246.39
16813.94,2,380.72,429.67
34562.63,9,759.95,392.74
38669.12,12,312.32,435.24
22931.79,17,74.7,77.87
7236.81,3,951.23,312.41
27629.83,19,735.48,491.76
47169.63,14,979.38,306.22
33361.45,3,773.22,160.11
37252.61,1,146.78,198.25
1551.37,3,952.26,260.06
4314.11,7,235.34,190.59
20286.51,19,50.8,386.48
37137.21,12,774.45,119.09
48363.82,9,802.22,334.12
32537.37,11,374.69,302.3
11263.32,1,546.06,450.7
33836.53,17,854.98,306.92
46809.84,5,110.62,37.58
49517.95,19,744.81,279.25
21610.88,6,574.68,201.77
46824.12,16,891.05,249.33
21361.47,10,221.35,404.72
8213.71,10,84.23,45.28
37742.59,14,669.73,343.77
5267.56,9,250.58,231.15
21040.99,10,792.62,308.15
8001.7,3,463.71,401.96
35851.39,14,162.5,89.87
35604.95,16,696.1,74.89
17980.09,14,225.84,382.08
42257.86,1,538.21,349.53
20149.57,18,402.67,50.68
8715.82,15,658.02,226.41
22119.53,5,118.7,25.99
18680.74,1,127.31,93.22
21205.45,7,85.39,498.28
41287.31,19,32.68,119.87
5655.73,6,108.23,421.73
30629.81,18,95.17,146.06
43996.53,6,625.22,405.81
26975.35,9,562.04,17.61
43275.26,11,816.92,290.53
5880.85,17,748.18,22.19
43354.46,4,825.55,352.4
24177.17,3,374.47,176.21
46754.46,17,877.97,160.77
16166.37,10,639.89,206.51
4407.44,4,454.8,149.22
17672.24,5,414.55,76.81
43391.61,17,51.33,277.43
47045.78,18,201.11,339.27
9161.49,9,120.6,131.05
40150.63,3,901.62,362.63
12209.15,19,472.94,123.76
38761.66,14,158.17,477.81
19000.65,15,836.83,126.96
25024.62,9,557.72,280.87
42044.21,7,796.44,73.57
45323.47,3,228.57,207.68
19142.86,12,175.77,173.6
35503.21,7,134.21,22.38
15982.22,19,75.17,276.0
4059.14,8,405.23,145.16
15183.95,2,919.08,241.63
21742.38,14,977.01,265.3
46493.58,4,594.26,168.45
30866.46,12,123.29,77.11
31686.96,13,947.23,11.18
11371.62,14,622.52,293.53
1451.39,12,104.53,119.45
10935.32,12,486.07,147.81
12733.36,11,661.51,458.43
34463.68,5,228.52,419.46
29954.57,14,94.29,361.22
25191.43,14,914.21,374.72
27357.33,11,164.48,261.66
28497.32,2,594.28,488.69
43689.18,1,771.17,285.85
36251.66,6,738.3,173.79
33473.74,6,612.67,48.55
28568.37,13,142.77,304.43
23276.3,9,105.08,107.53
37378.09,18,659.47,63.21
2740.38,12,399.19,132.58
9977.56,15,812.88,240.57
1365.99,6,156.93,79.84
25683.51,19,665.64,104.65
22979.83,13,618.15,330.9
31918.72,5,842.46,216.39
41051.64,8,239.28,41.75
8683.29,15,960.15,280.23
3506.88,18,998.59,476.26
31742.18,8,261.56,226.58
16395.17,3,671.13,230.96
49584.19,3,142.7,417.79
18193.38,13,777.8,427.88
23429.86,9,482.2,435.68
4556.56,19,722.82,240.15
34341.35,8,837.98,379.03
40498.16,14,422.76,346.62
37902.54,12,443.77,374.12
7534.77,19,119.96,486.74
39708.76,5,293.98,118.06
12184.78,13,259.11,418.71
19115.83,19,275.11,138.2
5282.48,8,258.77,38.0
43628.25,2,951.79,111.83
42514.03,19,478.25,207.14
6108.63,10,965.41,98.28
31950.32,5,592.7,212.99
13185.37,16,998.13,409.28
15383.29,3,281.4,261.76
26738.87,7,925.87,6.48
26742.82,14,975.35,478.48
9081.96,5,716.21,59.49
220.66,14,193.33,254.68
23535.46,15,704.6,162.5
39746.24,9,821.75,197.9
39643.65,5,908.57,124.97
27568.12,9,368.55,386.56
35335.83,17,70.19,243.44
8700.2,13,133.43,166.91
23180.13,4,841.39,176.0
36337.69,2,146.6,64.63
13932.9,2,197.86,34.58
16646.18,18,819.06,65.37
27232.18,9,357.06,25.49
40077.78,14,388.08,12.25
31870.62,1,385.31,22.65
10566.58,1,722.62,467.15
22734.92,6,411.24,470.26
6371.6,16,257.82,433.64
27413.85,19,121.34,466.04
22586.25,8,411.4,209.49
44882.29,14,427.59,188.3
5296.68,19,265.01,493.07
45082.2,4,682.12,198.83
41961.49,17,364.23,161.76
21545.3,6,646.68,46.75
24328.89,10,739.05,483.4
3729.28,3,237.15,71.18
36826.45,9,887.14,85.43
22849.87,9,488.79,387.95
21261.92,19,292.91,264.21
42537.22,2,320.79,35.72
29938.74,15,987.39,197.07
33475.73,1,806.94,274.54
36888.18,11,707.59,199.53
9108.71,2,628.86,395.51
40355.28,10,826.86,338.39
28580.02,4,592.01,44.21
32924.34,5,660.29,95.34
27942.41,15,354.83,383.83
8299.29,10,271.9,303.98
49081.98,4,599.63,488.99
47252.11,15,920.46,169.31
15268.67,6,350.44,126.11
24525.56,3,83.14,146.32
15347.66,13,646.72,470.97
21575.53,12,587.13,212.3
36072.3,14,24.24,454.85
25121.63,16,581.24,175.22
2955.66,7,989.27,91.44
16521.91,12,719.9,317.3
9599.71,3,87.99,260.75
49652.64,9,867.67,136.53
5498.95,1,40.14,496.07
43514.7,8,960.14,302.78
5992.48,3,102.81,80.12
23672.16,4,821.43,235.01
37647.26,13,662.47,140.16
856.93,12,163.0,384.96
1755.16,6,972.81,257.36
13734.91,1,47.64,481.72
7392.82,1,354.28,292.75
12393.02,19,586.91,497.89
41383.72,10,967.88,409.08
26865.87,7,831.76,274.52
9895.99,13,357.15,41.57
3320.96,2,106.14,486.84
2771.82,12,647.72,8.76
10111.27,14,756.57,437.53
38099.11,12,599.83,258.88
15448.32,10,768.71,222.07
23834.02,1,268.48,291.69
7225.36,4,804.6,67.62
40058.97,6,664.46,29.83
36117.46,4,495.4,287.51
10176.05,8,493.43,99.29
47222.26,10,457.09,19.83
31173.06,1,523.6,389.3
36467.7,2,220.22,95.58
35993.46,12,450.17,229.95
38683.58,15,339.87,358.29
15442.6,3,698.18,53.64
34108.3,9,129.55,342.02
31199.5,6,366.29,328.09
46639.63,8,176.31,440.16
38796.42,5,612.6,489.36
33797.3,5,612.18,11.07
27636.62,2,112.57,208.14
18883.28,14,745.32,397.36
32348.36,4,995.89,138.79
41986.38,11,867.61,450.77
1213.73,5,878.65,118.65
17423.58,18,324.13,172.63
8783.02,2,255.71,5.51
13258.18,14,215.01,391.94
38554.35,19,107.15,113.33
40607.48,14,912.8,4.18
43489.14,7,583.2,197.99
49410.38,17,701.1,396.15
34475.05,7,905.12,479.99
35937.05,19,263.24,289.97
3598.3,1,538.54,173.41
49859.27,5,855.72,24.91
8407.12,2,578.46,212.27
35012.93,12,211.67,96.56
2620.22,11,697.85,381.1
2602.55,11,876.64,157.26
12736.18,10,457.8,477.73
3113.36,14,27.64,184.91
28481.44,4,20.79,361.57
25509.08,2,966.66,355.63
18544.17,11,297.84,198.46
7617.08,7,800.41,34.12
11466.27,10,616.52,280.97
21883.93,1,737.93,367.75
14583.74,19,685.05,48.97
39607.39,2,414.96,300.48
37279.47,3,961.04,371.12
16363.33,14,405.3,349.43
33305.32,2,693.56,319.12
34100.53,12,58.88,448.26
45746.49,1,91.07,141.7
13630.43,4,767.04,219.09
1934.48,18,177.19,248.5
4241.57,14,296.93,149.27
46252.17,2,881.37,34.82
25062.52,18,740.13,348.44
36679.17,17,447.69,391.85
33262.94,9,706.65,329.99
10492.84,18,940.67,455.51
40228.04,9,87.61,195.02
9850.91,13,916.5,100.91
44048.18,3,119.07,75.22
29623.89,5,486.19,255.64
16198.26,3,401.61,167.55
28511.53,4,435.47,193.69
4584.0,4,634.16,431.03
32758.49,5,153.34,464.12
34404.54,12,573.4,318.28
18825.75,6,603.9,270.83
2812.01,10,239.58,306.34
30027.39,10,54.74,128.17
40759.72,11,873.85,223.91
41200.45,8,589.42,7.57
27622.16,19,418.31,445.19
18763.57,3,583.51,330.97
8143.19,15,118.92,132.02
25971.95,10,639.14,316.96
36825.57,17,491.97,490.61
19616.34,8,872.11,275.29
22797.94,4,918.07,70.81
32103.65,10,330.91,143.28
31985.34,18,917.48,143.16
14762.08,2,328.69,172.6
18796.62,16,635.12,212.33
1180.73,11,444.67,398.67
38688.38,15,927.67,94.33
6286.52,18,528.69,272.51
9527.18,9,313.28,96.88
25664.52,6,573.6,58.94
26360.51,1,399.33,397.47
9242.87,16,847.22,496.68
49427.17,6,771.6,295.4
44244.26,6,406.93,307.23
14221.49,7,76.33,351.6
44591.3,12,913.41,207.05
37407.33,19,104.63,393.92
33135.14,6,540.2,333.57
12329.05,5,280.7,472.61
44746.22,16,173.08,498.99
7510.44,6,26.99,462.55
14765.07,2,109.15,109.72
13699.52,12,647.46,21.27
26670.88,1,569.91,235.47
49752.4,18,55.25,204.41
7791.8,8,905.78,253.66
15004.82,2,847.36,161.65
38837.17,7,638.6,347.78
24342.47,14,317.67,302.02
48235.74,16,403.35,475.6
49284.75,10,398.17,206.35
31813.78,16,23.03,337.66
12018.8,3,971.59,37.18
23928.09,7,120.28,88.34
34969.54,7,37.71,348.42
33455.77,7,194.21,488.89
1763.84,16,683.5,172.51
153.61,9,617.72,213.5
10135.02,13,440.64,157.45
49418.17,7,984.03,168.38
32130.57,1,156.99,29.18
44666.05,16,378.38,315.59
42571.72,15,474.92,475.62
12101.01,17,808.21,44.63
39342.78,18,901.69,477.25
33650.04,17,446.12,130.98
16432.22,17,681.58,138.23
32498.63,19,850.47,242.06
17645.95,7,970.55,456.15
26686.7,2,615.86,320.81
32164.67,14,82.14,460.68
47216.64,4,136.27,446.75
32128.76,16,674.48,243.64
48227.39,9,137.27,258.53
19601.75,2,195.95,488.0
9571.83,3,176.91,293.18
17507.91,2,43.58,30.65
25158.48,6,474.03,252.62
14540.36,8,698.18,122.77
31813.77,15,541.94,2.48
9312.91,1,350.08,198.17
6853.45,6,607.36,191.78
30812.84,12,286.99,418.91
10089.3,19,429.31,156.56
46169.5,10,911.37,233.47
41945.82,3,889.18,192.96
4394.27,18,884.95,498.39
9484.43,13,461.63,290.89
36281.35,4,38.89,194.33
11782.16,17,291.63,93.55
9350.29,16,247.38,340.97
24205.96,7,862.48,455.83
24698.51,5,447.92,499.43
5944.88,6,414.64,383.12
42481.16,7,904.26,316.93
25436.63,6,989.14,362.83
460.9,10,37.93,332.26
29434.16,15,766.55,325.11
25012.65,16,812.75,411.09
25998.86,14,138.07,82.7
26818.41,2,294.15,256.99
33901.22,14,625.0,72.98
13579.91,15,753.62,88.78
34673.42,16,146.58,478.15
33187.03,6,402.95,309.85
24919.17,9,755.28,477.88
49539.96,9,863.67,160.88
15580.41,1,596.75,39.0
38147.13,3,318.66,314.79
27780.18,11,86.3,228.82
20318.21,15,477.1,55.1
48280.06,7,407.32,233.15
22349.16,12,511.22,392.42
2491.92,9,161.06,348.95
6743.0,13,554.29,161.97
27094.31,5,23.59,421.61
32016.76,9,508.21,406.17
42065.58,17,204.28,249.6
4583.99,12,429.95,358.36
31056.06,11,177.54,336.33
24616.05,19,346.04,410.8
1084.73,12,102.29,134.69
11236.75,1,207.38,469.59
3008.7,19,136.94,449.5
25115.81,1,641.86,399.71
742.34,11,245.76,22.99
23505.24,17,379.43,403.9
27198.48,13,659.73,74.24
37180.71,9,183.17,174.42
11524.29,17,165.93,446.08
32438.22,2,672.05,469.93
7556.29,3,564.91,196.1
32101.44,7,579.06,235.12
615.82,15,565.25,279.69
38166.93,17,95.93,175.27
26690.75,13,280.44,295.37
17959.63,16,92.11,183.44
7907.63,7,253.63,199.02
45222.48,19,631.77,115.78
42454.62,11,177.92,39.34
908.1,2,724.27,101.86
41712.38,5,547.49,294.8
35493.96,8,803.37,349.78
14448.39,16,878.7,462.46
46249.97,10,935.27,90.12
8892.92,16,659.78,18.54
42513.27,2,692.43,299.22
33858.93,7,627.86,342.01
27266.56,10,11.83,68.6
30803.49,15,891.9,118.45
26425.29,1,60.91,158.85
36433.73,17,738.06,463.81
49789.85,7,838.61,422.81
26689.09,9,143.54,313.5
3563.26,6,865.11,254.51
44517.48,7,440.89,405.68
17327.87,18,832.41,410.17
45396.72,4,339.73,339.78
46565.02,7,215.9,348.09
44592.33,6,352.66,73.66
29743.82,12,726.08,32.63
32603.32,14,388.26,211.41
14299.06,12,127.61,59.76
1088.48,16,24.06,301.0
19050.16,12,182.98,99.88
4795.17,8,488.32,41.8
2888.39,3,514.08,230.68
7086.1,7,825.53,137.62
1403.95,9,214.81,15.19
38514.75,11,235.63,375.8
9633.18,19,715.76,375.56
49258.37,12,49.82,422.13
42782.45,8,305.95,260.88
37011.76,11,21.97,50.48
45775.8,17,719.49,413.94
14519.56,5,787.7,439.93
6418.99,3,673.9,250.28
38377.68,15,266.29,442.42
12438.55,10,483.14,222.34
41505.42,17,435.56,55.46
13323.94,14,279.1,50.97
2840.07,17,611.59,334.52
48717.77,6,568.56,430.55
41212.75,11,850.97,127.62
37938.53,19,733.84,160.06
45217.91,8,908.8,454.14
19090.68,6,754.56,49.66
10351.8,14,306.86,410.37
24106.63,4,511.92,216.95
48130.39,4,289.22,117.7
35702.04,14,301.02,295.62
25650.04,4,32.08,282.57
33098.04,16,878.83,409.21
12582.52,19,401.21,334.57
9583.59,14,337.5,346.97
43865.26,5,633.52,125.72
44372.7,12,630.53,105.5
1645.68,1,805.84,119.46
49593.28,18,722.67,498.35
11505.16,17,675.76,81.58
49493.62,15,518.1,130.42
21873.62,9,441.24,140.93
30845.09,5,143.98,107.24
37732.97,15,426.7,198.66
8573.69,19,993.47,20.81
46187.84,10,391.16,124.7
10588.19,15,567.84,74.82
37948.11,18,349.71,393.24
24977.27,16,143.61,300.26
17662.76,6,467.9,407.84
32550.34,2,322.01,45.87
31343.12,3,845.42,237.87
738.79,2,374.52,497.7
39686.48,17,94.65,198.51
27666.61,16,113.16,204.15
2151.37,16,226.22,46.16
8029.69,15,850.73,288.4
3132.18,19,302.23,10.51
47233.71,12,476.73,415.67
23201.76,2,62.55,293.27
16652.84,19,543.17,53.52
42269.68,11,274.67,475.35
20945.37,7,216.6,80.21
25736.0,7,363.15,113.13
10076.05,2,687.58,263.22
47297.39,16,132.75,305.96
10825.82,17,86.37,451.85
34683.06,6,124.98,119.73
37865.22,5,591.68,121.92
40062.38,8,203.77,257.79
11500.86,7,95.65,389.28
42722.46,8,919.22,115.42
41636.95,16,654.74,293.07
33621.42,13,79.74,297.08
6256.45,13,910.79,308.49
48396.89,8,735.91,398.88
47558.51,2,50.11,461.88
34428.1,5,568.05,65.98
8643.76,2,512.57,369.42
9578.47,6,303.97,120.38
14221.15,13,795.84,61.09
8587.25,8,246.63,263.33
28415.57,19,851.31,196.62
22204.26,1,63.3,17.39
21350.43,1,558.81,217.74
7252.01,15,262.12,481.87
13458.95,16,383.02,84.4
30714.9,11,614.51,64.01
26682.49,4,922.81,294.54
28348.86,8,133.54,434.16
6315.11,10,230.97,324.71
38688.07,11,487.29,286.6
21945.46,1,690.63,169.44
26794.59,13,26.73,472.76
40410.3,9,846.84,317.85
42962.0,1,689.52,208.86
30967.01,19,769.5,33.34
37120.02,10,678.37,380.75
49170.04,6,661.66,435.13
46767.36,8,592.72,55.01
19423.98,13,320.31,46.24
43942.44,2,316.74,403.95
792.63,15,410.56,16.16
30997.01,13,769.31,244.84
7844.69,16,243.31,150.19
29456.29,4,193.77,251.82
25166.65,2,801.7,475.47
15670.41,4,191.54,249.3
27391.07,5,607.21,252.77
18347.03,19,613.88,334.9
7834.17,18,326.94,173.7
22100.99,11,31.12,413.4
19147.96,7,849.4,209.87
35095.7,3,36.16,355.47
8739.95,18,476.09,215.13
49836.91,9,375.21,312.08
18004.66,8,642.67,483.24
3121.18,12,658.32,336.22
895.06,6,633.01,185.18
9357.32,10,713.06,22.85
36046.84,9,519.16,17.99
40014.44,14,547.77,482.24
39172.25,15,688.0,69.34
41362.45,7,469.16,166.36
14883.3,7,923.76,353.62
45978.68,9,988.75,289.69
1329.47,12,474.5,24.82
46516.83,3,780.32,80.15
14774.25,5,412.33,380.24
48343.19,9,917.18,465.68
18200.73,9,887.16,36.15
39045.51,5,495.53,199.17
26869.07,15,69.75,22.73
11992.98,14,467.17,390.86
33157.41,13,388.32,204.39
33252.35,6,66.36,82.34
3356.85,2,785.64,89.92
46269.6,5,475.82,358.2
26445.33,17,884.8,128.34
47701.51,13,670.84,457.77
19232.96,18,38.29,493.05
44345.39,1,314.96,234.04
41158.38,17,506.46,408.22
30392.15,19,462.84,234.72
4897.44,3,476.31,428.64
24688.07,18,305.2,280.97
42970.58,2,219.99,167.96
2898.11,5,505.72,372.13
36735.15,10,544.45,310.08
38340.11,18,969.74,400.32
31613.53,10,111.09,257.28
8466.46,5,242.63,240.09
43598.6,4,925.24,222.89
32666.08,6,630.67,98.78
10932.34,11,24.4,131.95
45611.02,19,443.62,68.53
10560.24,11,133.65,289.17
26333.38,5,390.97,39.31
23614.77,14,893.87,257.77
11027.23,7,613.13,210.71
15289.82,6,367.34,359.98
26807.44,15,524.21,176.46
49446.23,17,426.85,340.56
27432.12,19,642.22,451.85
22760.02,16,39.12,6.2
35439.64,15,703.6,476.64
35263.76,1,70.51,479.63
3373.01,15,160.21,62.26
15762.31,6,96.67,496.27
11904.0,12,249.19,358.21
31253.7,13,878.34,490.86
47099.9,8,960.01,260.48
30314.97,15,190.89,66.26
41172.13,5,612.07,441.88
32104.1,8,303.16,68.51
7895.63,13,130.67,374.47
14656.39,7,795.15,345.22
16395.73,12,435.53,453.84
39775.6,2,484.76,18.72
40824.96,1,40.58,324.4
44102.42,17,539.19,233.98
15833.87,12,161.41,182.23
16356.91,4,889.77,79.68
42716.64,13,164.4,392.68
7475.83,1,962.47,373.45
4716.36,15,547.4,479.26
30958.01,3,465.44,56.43
1336.18,19,795.17,222.83
26892.61,15,404.48,403.11
21125.67,1,291.48,350.6
18828.37,11,979.08,171.59
43289.11,4,70.2,491.27
11504.58,4,19.88,420.41
11260.08,2,641.34,206.14
27055.69,17,793.55,489.19
44500.45,8,730.35,404.91
37148.9,17,33.9,323.96
3016.21,14,661.12,70.92
49625.58,16,806.09,95.91
36880.53,14,293.64,255.99
44207.25,17,25.29,345.59
31485.88,2,567.29,294.32
17918.22,6,709.12,265.63
40388.2,9,554.36,30.91
25209.61,7,892.62,331.96
10461.69,1,982.89,132.59
28291.15,17,585.94,479.26
45060.74,4,440.2,448.0
433.5,11,50.03,377.05
28827.95,7,225.38,274.76
13042.44,1,543.09,39.23
19250.79,13,982.22,274.93
24345.36,8,313.9,127.49
33006.88,9,279.21,274.91
16367.64,14,428.85,160.8
16336.24,9,81.08,306.63
48677.63,18,851.57,336.95
36913.55,17,50.42,21.33
2426.66,9,540.41,253.07
34103.9,4,457.63,468.54
44579.63,19,619.96,395.64
30754.03,1,779.24,143.99
18361.39,19,848.74,131.44
32418.8,3,639.41,19.37
29942.1,11,610.45,380.0
47454.18,7,397.43,80.79
39381.51,4,365.96,112.62
1412.5,6,479.59,260.22
36464.28,14,374.93,301.79
37676.09,6,425.59,21.41
42236.21,4,656.21,186.13
30084.83,11,784.29,187.76
2547.04,13,662.62,313.46
45587.51,4,563.05,215.8
4991.58,14,234.29,245.43
444.63,1,487.73,409.09
27965.74,8,811.85,25.76
20429.07,2,510.29,400.06
22946.89,13,65.04,271.57
35417.99,2,254.74,100.17
27150.44,1,162.99,317.78
33069.66,2,567.6,108.78
26960.77,7,381.32,223.61
14976.63,5,520.1,286.77
45070.91,5,159.84,455.65
16742.4,2,478.38,155.82
3525.52,7,904.32,251.19
42683.62,17,930.77,287.09
30823.8,16,506.99,484.16
32549.01,15,839.97,201.03
14090.63,8,501.93,425.93
5423.9,11,466.06,396.09
34256.65,5,891.26,313.0
3380.64,15,187.84,332.82
49831.12,14,978.38,100.19
25808.63,9,677.47,41.9
31655.69,2,298.56,378.01
6035.63,12,370.65,339.65
31095.45,2,909.75,497.25
643.78,8,657.87,109.8
27549.26,5,464.52,35.84
16745.06,16,755.33,431.14
43774.43,7,317.25,84.52
37230.11,10,723.57,26.21
13621.16,16,439.34,398.28
41408.78,11,635.12,38.06
41734.25,16,558.58,255.48
43996.79,13,524.17,96.76
8501.31,6,830.47,199.56
41717.18,7,900.47,460.09
45464.77,5,796.81,482.93
37365.26,5,368.39,245.69
5450.06,1,469.92,378.13
8438.29,17,519.77,99.82
37471.88,12,110.87,445.72
23849.93,16,724.75,481.74
49255.28,9,973.74,148.79
36704.25,14,454.24,81.68
7376.03,7,366.21,139.44
5422.11,15,500.12,474.93
20343.38,16,243.97,209.62
47653.47,19,626.04,466.18
33073.75,7,214.24,197.31
30047.99,8,686.2,353.5
14020.86,7,406.18,321.6
33289.12,3,660.94,141.71
47278.84,12,543.59,279.83
41033.24,19,84.27,494.42
10155.98,5,953.48,417.27
34407.87,12,952.37,83.81
44122.51,1,610.4,13.07
7991.44,16,603.27,389.29
44023.32,17,177.4,223.59
15703.19,16,266.17,84.68
17059.21,7,488.09,414.64
18790.03,15,795.61,280.61
22065.98,19,680.21,302.67
11837.76,8,21.19,70.63
43435.22,1,564.68,106.21
31252.25,11,426.75,13.05
7608.95,3,669.0,338.57
6646.97,10,305.57,290.2
29207.16,12,298.19,61.14
4644.28,3,138.39,356.73
47620.48,18,123.89,253.09
12648.74,16,105.06,409.71
10384.86,16,255.46,338.86
14268.16,10,29.45,414.08
48707.73,16,50.94,398.82
394.81,9,281.88,67.16
41006.47,9,773.03,468.29
46646.04,15,175.09,110.35
7605.5,19,626.43,476.68
49803.2,12,875.23,301.03
41136.22,4,966.59,307.3
33511.4,4,120.23,77.91
15016.21,18,658.16,204.66
30371.88,13,629.35,91.81
12106.78,16,869.22,340.39
26233.42,6,774.53,292.15
31009.27,1,681.71,428.26
1327.63,14,184.52,255.98
5194.28,2,339.75,324.79
14193.26,2,38.21,159.88
41017.23,7,926.5,253.81
10821.11,3,269.49,399.01
1188.98,12,857.12,481.54
15347.77,3,505.71,390.51
21166.74,9,89.62,203.9
18259.53,7,304.0,39.83
48791.3,10,608.93,362.72
20670.69,16,496.24,171.85
45595.54,8,240.05,393.05
38130.63,6,470.65,452.25
4267.03,2,986.11,228.65
38639.12,9,351.25,391.58
1366.07,16,310.11,86.81
36986.13,10,404.79,110.04
47318.08,16,696.61,372.88
43746.69,15,647.44,208.2
9474.29,18,314.85,215.95
5105.41,6,68.18,28.9
7561.22,9,745.55,243.44
26643.67,10,169.39,191.54
19105.1,16,311.25,466.55
21648.41,5,400.38,170.23
36320.68,10,546.92,317.68
42666.53,5,360.2,205.26
6832.97,8,257.54,425.7
18827.42,4,596.61,448.04
18740.32,9,25.49,362.57
11310.27,18,28.82,397.43
157.55,4,235.62,59.99
40304.61,8,857.88,229.17
30212.99,12,544.55,212.12
25940.7,2,619.23,347.09
30758.56,12,306.88,258.55
18338.43,18,364.33,210.67
17050.86,4,981.91,115.82
49588.84,13,681.93,267.57
1861.52,17,133.73,105.46
37282.48,4,818.28,66.41
32549.6,18,511.74,404.89
35781.29,6,622.33,412.58
21756.99,3,102.02,347.97
23684.84,17,328.56,2.96
47403.93,6,926.74,436.33
29308.13,17,121.96,4.63
33065.15,7,922.37,12.17
12197.56,14,562.29,237.13
1267.37,9,565.14,26.72
35103.5,6,665.63,208.86
19069.56,4,511.5,37.67
27943.0,19,579.46,2.9
42699.0,13,175.65,117.08
46593.99,8,594.89,393.13
6311.85,3,692.42,368.38
42169.03,13,502.75,115.36
13134.13,16,180.14,1.98
46337.3,11,750.6,360.06
10020.39,3,766.77,274.88
3548.83,2,521.73,86.84
45554.06,7,800.87,464.24
10562.83,9,884.87,196.96
14465.56,8,886.05,449.1
20683.62,14,301.92,222.41
2028.87,5,704.76,129.44
28553.84,16,25.68,352.93
26072.13,14,415.63,441.29
44866.65,3,453.63,307.4
1701.08,14,138.76,416.14
31881.84,15,570.09,80.24
38705.99,4,590.7,128.18
38776.48,9,372.71,200.48
34983.84,14,625.01,298.69
15802.19,16,891.77,195.97
35477.25,19,333.87,217.71
42656.29,8,958.95,476.19
38987.54,1,242.86,239.06
13661.8,2,788.84,81.08
4548.0,1,784.12,158.17
43440.77,14,654.2,189.07
10254.63,4,375.36,11.57
15979.8,9,795.07,174.89
18001.61,2,529.43,384.62
24440.62,7,724.11,301.77
32222.35,1,964.49,157.96
43846.42,1,937.19,202.64
44985.64,12,81.54,459.67
29454.36,8,487.84,400.94
25607.02,7,885.02,256.77
10002.65,16,296.85,442.35
14009.92,15,696.74,1.42
12953.83,13,14.85,373.25
19514.73,2,281.27,130.25
10646.82,8,307.59,231.7
4534.96,11,626.5,407.68
38875.75,12,836.04,74.3
35313.97,3,971.39,61.46
12152.36,14,297.51,48.36
38569.05,16,372.98,464.5
48079.72,8,460.8,499.65
34172.83,19,648.68,29.96
47110.31,13,490.79,57.77
48156.22,9,542.8,460.38
44594.32,6,344.61,456.61
35618.33,9,604.65,416.5
4736.79,2,139.17,39.05
39688.71,11,186.49,151.27
13984.85,2,66.69,346.92
30740.75,4,303.05,341.33
17853.65,12,992.11,174.01
48145.63,4,404.92,138.07
1432.32,18,205.0,479.03
46189.19,13,272.5,320.41
37294.73,18,809.31,150.55
7042.11,15,449.23,369.03
16761.51,10,757.76,25.86
32228.75,19,947.38,444.57
23333.71,10,644.21,180.57
18078.79,1,302.89,52.4
37934.11,5,122.8,334.97
5309.16,4,27.12,202.78
10018.64,6,600.95,118.62
22984.97,9,314.34,29.47
32688.24,6,159.72,119.64
30300.15,17,909.45,432.94
19032.1,13,139.8,105.35
32793.21,19,400.92,17.48
37019.83,16,498.21,192.69
46419.38,15,299.2,382.62
44084.21,1,435.16,30.62
9509.45,3,389.71,323.21
36890.73,17,373.07,220.08
6899.22,18,521.73,117.23
13157.33,4,216.45,317.15
864.31,10,159.69,112.34
22902.7,1,939.49,388.12
8517.39,3,936.26,69.62
35818.64,12,643.36,113.66
34842.4,5,263.02,139.7
43577.09,11,285.85,306.11
7932.85,12,867.49,228.59
9163.58,11,962.36,107.08
17388.49,7,246.26,494.25
24752.77,5,123.43,140.2
13149.84,10,917.22,142.21
48695.5,16,627.99,328.96
31079.66,16,79.04,45.22
39773.47,5,677.74,452.54
11338.66,8,287.27,238.23
22670.94,17,982.61,213.61
19925.09,7,198.18,422.97
17650.79,8,249.45,358.77
28415.89,17,621.48,149.01
10856.84,17,442.95,407.89
32299.45,1,576.89,43.04
47636.87,9,955.47,80.64
15536.34,4,247.63,209.67
19297.03,1,322.47,99.23
1535.19,2,153.54,311.19
20391.94,12,580.64,174.4
39240.79,10,583.39,466.83
6006.99,11,592.83,300.85
11507.81,3,523.19,174.59
20823.76,2,686.09,39.87
18837.36,7,544.53,321.65
7615.92,3,992.94,19.73
46772.19,16,249.59,433.98
21192.45,4,906.99,9.35
18471.08,13,133.46,381.99
34685.19,10,488.77,385.26
43224.26,18,335.35,135.69
20446.52,17,196.04,243.89
9705.22,12,649.51,288.95
42350.5,13,664.34,426.16
17630.49,10,268.51,53.17
4245.95,8,662.54,355.36
19284.36,7,228.3,473.89
31645.82,9,567.12,45.85
48231.67,3,564.13,452.68
22875.57,8,386.65,268.53
31771.53,9,201.2,37.74
40942.9,9,243.9,307.03
25989.6,6,63.65,481.9
2276.37,8,179.91,480.06
5388.4,13,214.05,473.76
274.47,4,715.06,218.31
11471.2,9,167.09,386.93
18480.9,10,136.01,143.71
10131.36,7,175.5,250.11
3949.19,7,224.9,281.23
21048.96,2,754.31,413.84
25992.06,7,470.04,179.58
34376.22,10,58.54,377.76
2193.02,1,519.56,267.99
45914.84,10,882.67,253.01
45412.25,10,687.41,152.23
45575.22,9,370.49,386.26
37262.54,6,322.44,129.09
25668.66,16,893.52,355.39
20168.46,18,23.25,171.74
12174.9,6,224.27,221.32
31236.17,6,150.87,141.01
3576.83,4,478.88,417.96
25744.39,14,323.42,320.93
17353.1,17,680.54,26.27
33641.53,16,819.28,443.97
15003.59,11,624.36,203.63
35992.81,19,36.8,112.62
32726.48,6,611.46,451.56
3423.58,13,650.89,181.1
43263.02,5,668.29,182.94
10763.43,2,339.71,216.18
46271.36,6,590.42,367.05
7133.02,9,176.99,320.68
15901.65,2,552.94,114.94
4663.62,12,657.05,364.69
31972.95,4,437.02,274.53
7223.75,5,168.3,405.01
37558.14,15,660.24,69.07
20728.78,5,673.56,246.44
13707.04,7,964.06,236.73
3710.45,6,577.36,265.99
17301.27,11,419.81,226.09
21847.6,9,80.97,260.74
46503.71,10,644.88,265.97
3477.42,5,867.18,364.92
13486.68,7,791.02,222.13
38228.96,3,439.81,153.16
29374.42,17,585.53,30.88
3553.62,2,652.6,384.15
21134.16,10,948.25,375.49
12749.42,4,675.91,50.54
36048.34,1,683.32,462.82
34981.59,5,98.11,134.55
36583.62,18,281.36,487.76
21455.48,19,528.14,421.03
5759.03,15,859.95,104.54
9410.37,6,335.53,104.91
43677.05,13,154.41,22.47
35522.76,8,410.19,317.52
33166.62,12,388.86,261.86
8587.99,13,690.44,382.37
6749.13,12,237.22,23.01
29934.91,19,130.69,44.2
41353.29,19,335.41,255.53
1498.56,7,560.73,186.89
22981.13,9,235.78,347.97
21212.19,3,415.06,164.3
4188.76,14,437.76,361.83
4969.9,8,877.07,317.22
29045.21,1,590.87,396.57
45144.64,6,881.98,95.95
1875.15,8,354.17,159.11
27083.91,1,539.63,13.74
16277.07,6,776.21,300.32
5282.02,1,426.95,326.32
45766.31,2,570.57,279.78
19856.18,2,959.97,258.58
39992.81,5,980.53,309.03
20775.17,11,370.7,251.59
22247.92,6,50.97,339.32
6834.13,7,351.93,98.99
3164.84,5,246.48,122.31
6014.1,1,557.71,460.35
11138.81,13,530.32,317.14
42745.83,9,89.74,291.71
19759.32,4,166.66,3.0
20635.5,7,719.57,395.06
42270.02,4,735.11,131.9
41637.88,7,160.18,380.91
9167.7,3,789.32,97.12
5665.44,2,332.08,414.59
16842.13,3,667.22,244.36
45471.35,11,357.16,12.02
4464.89,13,480.16,332.86
44751.58,13,30.76,362.64
46836.03,9,614.29,445.99
2026.74,14,628.8,171.2
49342.22,7,891.99,489.68
11550.51,13,79.11,490.52
8174.66,10,864.9,108.59
6655.98,19,472.72,246.89
14133.04,10,596.24,203.42
27896.05,18,946.4,326.4
40819.47,13,17.47,124.6
24426.27,10,929.72,156.41
41945.73,12,197.6,410.89
25645.22,6,297.13,298.33
13591.15,3,798.02,98.01
42924.62,17,474.82,264.08
46606.05,14,596.33,0.79
9668.91,3,928.93,44.96
10363.68,15,134.57,183.06
40536.91,8,469.01,477.24
47522.25,19,876.97,273.41
22329.88,15,415.46,372.13
3451.77,7,788.19,337.3
20924.27,7,635.57,19.04
1782.98,5,636.37,111.15
38648.79,15,41.89,83.88
20095.36,8,748.56,296.49
136.62,18,396.36,2.45
9956.36,11,550.1,430.26
39737.76,5,412.65,81.42
21998.83,10,774.62,81.11
24142.02,19,868.93,341.51
12331.01,18,690.45,8.31
8951.29,12,760.84,255.61
16455.45,8,326.52,63.9
22711.67,19,428.52,182.55
7689.26,6,188.68,338.5
18286.34,12,850.52,308.41
21819.08,17,256.61,179.2
44449.01,5,508.76,144.04
19108.25,18,922.16,246.59
6707.13,18,942.93,485.63
27605.31,9,154.97,453.52
3761.54,5,396.3,374.38
5023.67,11,694.72,411.86
13171.5,14,102.2,433.5
48290.6,9,893.92,350.37
43046.9,14,789.29,129.63
17442.76,3,579.35,304.94
14036.27,18,153.78,371.74
33151.48,11,548.01,20.54
41000.03,5,150.04,394.5
35501.62,10,903.46,137.14
7103.94,3,691.74,209.43
9194.28,8,946.07,342.48
41825.63,8,139.05,243.43
30275.29,11,874.79,116.66
6166.13,18,371.64,485.87
13970.02,14,373.35,309.35
30272.0,8,862.14,104.04
38667.55,9,843.38,477.56
38592.85,19,316.15,148.92
36341.52,17,563.11,316.72
29512.92,6,689.5,190.93
41980.14,11,670.74,366.08
17174.96,4,632.93,459.29
29013.73,7,173.5,455.35
23852.57,15,260.78,485.76
28584.39,12,812.87,485.51
17312.5,4,45.98,58.29
49786.81,18,894.79,187.02
22286.88,9,757.58,97.27
45605.34,14,936.45,300.49
584.26,1,278.89,259.84
41579.0,15,901.72,428.12
2347.49,11,445.51,371.81
35309.55,13,145.54,431.95
20110.03,11,498.6,52.06
6650.58,15,302.69,163.42
45817.87,19,912.06,345.21
31052.73,13,299.86,0.9
12553.85,17,308.38,44.59
17160.15,2,844.2,382.78
45571.92,4,431.16,486.65
44840.43,6,758.63,203.0
10573.51,11,793.05,410.39
737.99,5,979.03,358.44
19576.15,11,179.67,110.14
16171.95,18,591.44,246.26
37058.49,2,947.48,406.69
20909.38,10,550.82,294.84
6461.52,7,107.72,300.97
31254.58,11,212.33,367.19
36957.62,10,680.32,174.6
22803.67,9,536.35,17.95
25833.89,19,822.83,19.72
38335.8,3,46.38,75.44
11932.91,15,358.95,380.23
26619.77,14,292.11,212.28
12764.32,2,254.52,371.78
32394.05,14,717.98,252.68
7208.93,2,106.18,72.38
20890.65,6,808.85,58.02
34904.69,12,338.44,257.14
34529.1,9,153.07,95.75
27609.07,9,705.3,269.74
27122.17,15,268.32,412.65
16363.99,6,150.5,239.25
21845.21,19,951.18,278.61
7488.43,1,491.41,17.91
7874.55,18,417.49,131.41
9030.16,19,746.33,204.85
8433.35,9,706.8,499.5
34020.42,8,285.54,477.06
25650.88,3,626.82,286.23
47413.11,6,689.51,133.43
45677.18,19,722.38,33.71
11399.65,10,618.15,408.15
26516.73,10,166.52,12.22
29813.15,10,310.82,185.92
42130.85,12,369.21,26.94
28295.87,16,562.18,362.72
24192.9,9,365.27,469.37
48822.49,16,828.45,387.59
21537.05,17,282.25,374.18
42723.55,19,429.49,171.8
10463.93,4,879.84,168.52
7148.29,2,215.8,434.55
22993.48,14,870.72,467.16
29195.85,12,904.28,362.77
6375.37,7,651.68,152.48
2664.97,9,705.36,242.6
4766.01,10,140.29,152.54
38127.76,14,432.52,97.67
45392.82,14,53.7,466.86
38325.54,9,664.36,445.73
30493.54,18,604.69,152.7
49018.67,14,745.68,158.42
19751.0,16,984.63,102.98
30145.03,1,459.76,19.68
36447.93,16,382.18,318.02
38874.82,16,93.7,483.88
1588.11,17,537.93,443.72
27450.1,5,302.75,184.35
4498.32,14,980.53,68.77
12501.12,13,751.31,373.25
13003.14,10,617.31,226.9
2598.22,3,448.54,119.36
21588.81,11,885.37,281.72
16469.67,12,872.04,252.83
17570.69,19,376.13,328.13
14152.35,7,794.82,238.7
10433.44,3,772.78,498.48
19109.57,14,128.49,344.23
49274.57,9,312.91,418.17
7947.38,1,666.11,383.48
41616.43,17,492.48,53.89
19702.01,8,751.48,238.46
11234.45,4,956.44,176.72
20485.76,13,238.95,258.98
44106.89,19,251.44,388.34
6766.93,5,217.02,120.52
15455.76,3,379.55,467.65
45945.91,6,220.96,410.7
16192.22,10,752.18,442.69
19503.76,6,297.42,30.08
29266.87,10,126.93,111.46
32798.48,8,674.41,141.72
31447.97,15,276.64,200.35
46584.77,7,439.44,237.07
2192.69,7,273.21,192.77
15169.93,3,224.22,434.91
18742.52,2,347.92,278.84
41892.7,13,312.45,308.81
26060.63,14,522.71,149.45
35152.95,1,923.09,208.38
3788.16,14,391.12,393.82
26335.8,8,484.18,471.16
35169.78,16,47.6,174.59
13851.04,17,985.61,449.96
25197.66,19,367.06,339.75
38565.19,10,750.11,440.63
39399.04,9,833.71,222.54
9995.18,15,701.1,381.15
12395.99,6,460.39,107.31
21170.3,10,140.97,300.93
1465.91,18,487.38,129.38
31218.66,11,642.03,375.15
27568.58,14,737.04,49.66
26774.46,12,494.66,320.21
31445.97,5,78.89,490.39
35238.91,2,496.3,162.04
19140.61,19,254.04,111.02
15106.94,12,860.32,447.27
31384.11,16,429.7,396.89
2028.15,12,655.29,304.64
32490.49,2,359.72,71.17
13311.73,14,489.6,232.49
44484.88,8,919.18,218.83
29243.14,10,617.57,275.97
11121.44,7,595.43,214.73
33178.74,3,623.2,157.05
47626.98,18,567.29,482.32
952.61,12,72.82,308.06
48044.19,18,791.94,264.33
32117.94,17,708.78,224.85
27929.88,11,472.27,2.17
11198.97,13,93.2,299.98
2039.37,3,113.68,0.61
22463.42,13,494.27,176.56
20747.35,19,533.46,393.52
13503.72,15,296.79,86.76
30166.1,14,358.74,242.59
44907.35,6,266.11,190.26
35094.51,19,591.99,347.59
18053.46,4,254.09,76.51
10518.59,6,100.29,276.16
4763.99,9,957.29,39.51
12210.97,11,401.52,196.62
33861.89,16,736.57,121.29
23018.52,16,43.21,408.26
29220.54,19,694.33,425.12
2312.87,19,237.67,396.96
42241.15,7,38.02,169.31
39650.96,4,649.51,426.87
4701.4,10,799.79,153.33
48894.94,13,682.5,345.76
31384.54,5,959.03,195.36
25889.21,6,564.65,287.84
19877.23,10,772.33,396.11
8491.65,3,177.65,14.92
7790.15,9,238.92,138.39
7818.18,10,934.07,348.27
16058.43,12,241.02,98.39
38955.05,2,265.59,303.38
10834.36,5,761.17,459.8
14416.88,5,703.0,123.41
24363.6,5,956.12,176.38
9356.28,10,233.02,278.67
31748.55,17,73.45,160.2
8219.16,6,416.35,181.57
22952.93,1,773.35,59.28
40130.13,11,644.79,88.47
5982.26,8,78.54,319.0
48967.92,2,550.85,442.74
44353.64,2,651.83,438.54
1018.05,13,144.61,112.45
18236.46,8,370.06,230.54
18074.01,18,459.21,210.94
26113.34,19,799.87,410.27
28048.18,9,340.93,162.39
32088.47,5,895.36,492.29
44513.01,18,156.43,321.19
25414.69,17,539.76,372.4
28025.28,18,647.96,468.19
13064.73,14,255.15,337.22
20853.19,10,396.18,347.87
45819.4,9,928.31,375.91
7909.88,15,78.27,255.55
49390.36,6,857.54,395.83
36568.18,4,707.1,18.55
10877.59,2,840.99,43.8
33135.45,3,350.31,112.78
24117.92,8,960.09,389.05
16281.93,14,76.38,482.06
106.53,18,754.36,435.06
37388.89,3,79.85,51.04
24268.68,5,486.33,260.26
24837.41,15,757.71,498.22
17557.72,10,831.92,221.38
20563.07,8,157.07,245.7
45760.3,17,116.38,430.34
29315.33,4,861.1,28.54
4721.51,8,706.58,9.12
11792.88,18,213.17,16.48
43440.54,10,353.22,323.06
14200.11,19,357.35,337.98
31930.82,7,516.39,21.75
22065.88,16,237.52,323.51
45359.29,12,433.46,242.18
9132.8,19,46.42,174.84
30113.3,13,527.16,186.34
14583.69,13,290.83,369.4
9927.78,13,694.65,110.83
9462.57,8,90.22,263.25
27437.72,19,287.31,462.79
38541.77,5,489.19,159.84
22340.81,5,719.93,33.48
27196.31,4,465.13,145.2
8689.67,15,497.95,253.06
25234.98,12,320.65,489.16
36146.46,17,320.22,432.17
2325.19,19,742.27,329.65
34907.78,8,73.58,37.07
41707.73,6,762.6,363.38
17840.56,4,229.32,180.01
9841.04,11,438.77,248.37
9395.96,8,653.15,355.82
30065.22,17,466.1,87.71
11466.71,3,634.33,255.2
4002.89,18,435.23,157.93
47584.46,11,453.09,127.4
17569.77,16,670.63,101.21
11611.29,18,774.14,276.64
7840.57,3,78.59,346.54
42682.39,7,811.56,221.54
31967.34,12,350.65,327.73
10655.07,2,474.78,199.22
43846.64,8,414.35,75.54
48408.23,17,167.5,114.2
11172.69,13,955.26,162.41
31493.36,10,798.19,120.21
36176.94,15,330.37,100.27
10307.61,4,518.07,354.29
2867.78,17,271.44,21.94
18585.01,9,608.34,107.96
32447.0,18,316.64,246.25
38727.4,7,829.9,248.64
46922.18,4,337.19,160.97
47781.21,1,558.09,392.42
29991.1,15,161.41,276.61
4702.81,2,650.84,398.19
41526.05,15,252.56,112.24
41026.71,12,976.07,483.41
42599.41,14,383.88,470.4
34864.34,6,351.76,495.63
18898.0,16,632.03,116.14
29091.14,10,236.47,223.4
14814.3,12,379.66,423.48
29132.74,6,662.51,22.15
37154.85,13,299.27,296.57
1285.72,10,217.21,304.62
36438.93,5,853.41,308.1
41700.11,17,879.13,432.63
47113.94,7,984.73,412.68
24432.55,15,771.11,7.69
45604.7,2,734.6,356.95
23801.83,7,414.5,297.37
27707.6,18,883.2,373.47
18845.72,3,913.44,250.66
36130.19,19,405.38,94.6
6105.77,17,96.72,68.62
11345.34,6,99.63,434.95
21221.7,12,924.83,496.37
33959.98,16,67.84,140.19
10277.38,14,788.62,424.42
16642.69,16,519.79,370.51
9040.76,1,139.31,198.67
26843.13,9,855.27,265.24
16896.75,12,470.81,230.73
8209.57,10,976.73,264.39
29423.03,12,572.11,411.17
18613.31,19,624.8,299.4
47911.27,15,524.97,186.39
8261.77,9,674.85,73.31
25344.31,2,56.37,488.03
12249.24,15,577.02,40.64
23379.17,17,473.28,341.15
16942.46,5,586.58,378.01
33523.18,18,909.0,494.83
34189.42,12,850.11,98.3
30132.85,1,892.29,360.28
43872.24,18,88.4,277.66
40657.18,7,956.76,324.57
5049.39,1,787.04,124.66
8768.26,12,360.25,449.72
1555.43,16,317.47,290.92
23170.75,9,221.64,391.24
5037.03,5,332.57,42.38
17505.29,14,126.36,438.62
43653.19,2,349.8,318.17
29960.17,16,950.91,58.06
39309.51,16,858.44,430.34
49728.93,14,345.84,329.84
11156.62,12,884.63,237.38
1285.68,19,425.4,267.14
8957.86,5,887.21,77.75
18137.93,9,893.58,330.0
21177.37,10,604.96,65.06
11784.91,6,408.89,458.39
18561.24,18,622.19,443.13
45420.85,1,626.12,190.47
2498.38,7,129.1,124.41
28187.56,19,559.15,31.25
45097.11,6,432.3,32.22
47815.74,2,692.14,177.06
16935.37,6,186.97,467.08
38722.2,16,770.69,388.71
45211.13,15,782.0,421.59
14230.33,10,599.48,155.55
40502.86,7,934.23,135.1
41489.71,17,898.42,229.39
31427.01,15,574.82,103.98
43600.23,10,961.67,317.99
47692.31,10,799.96,155.38
2509.36,16,448.63,320.99
49202.66,7,942.83,24.89
27211.87,6,118.14,476.24
45329.13,13,280.03,396.68
46164.81,10,41.88,180.67
44767.94,19,362.84,456.21
33639.36,1,85.57,125.03
23371.4,15,520.69,79.5
9805.43,6,749.23,397.69
3694.72,4,527.09,85.2
45367.03,14,342.53,256.54
22293.71,15,230.73,472.61
12817.24,14,863.51,196.06
4526.13,2,519.27,454.08
42572.76,2,385.52,482.47
13175.57,5,686.18,192.05
7126.74,17,425.12,493.05
25576.66,16,838.36,258.28
32633.01,5,554.33,468.89
9239.52,19,271.23,272.44
656.73,13,964.88,41.8
44858.62,11,313.63,244.39
7528.46,8,789.07,92.23
33462.24,12,143.74,216.93
17608.85,12,432.35,69.15
39326.35,3,861.33,109.94
38779.65,8,743.9,85.42
12709.41,11,140.27,114.02
17006.38,14,325.06,171.23
6487.71,2,178.18,90.63
11587.95,12,875.51,160.05
35946.62,18,90.39,26.36
26238.34,17,115.28,176.71
4591.9,13,189.95,331.39
46357.63,11,311.71,339.63
29066.67,19,36.58,54.89
43969.68,15,810.35,432.89
35251.27,11,363.82,225.71
5696.47,15,620.18,295.35
17863.61,14,389.3,258.71
29546.31,6,396.51,494.77
36996.64,10,867.1,235.6
16560.11,10,295.63,29.22
9966.28,16,65.26,131.16
30739.72,7,402.23,108.65
17331.2,4,28.79,177.56
6075.47,4,484.25,404.81
35247.8,18,317.3,136.94
43956.77,9,573.5,280.09
17297.46,12,923.63,430.66
28663.54,11,75.83,409.49
28056.79,4,170.59,441.72
49573.12,10,809.8,240.81
46946.96,9,915.75,442.15
23525.51,13,146.76,441.17
15887.65,17,434.71,10.78
35682.22,17,633.4,324.47
2023.63,10,199.61,28.77
36113.95,1,169.26,390.17
3008.02,8,847.88,460.68
33673.2,17,60.61,393.57
32627.42,6,820.71,301.21
33464.14,17,76.39,201.86
42798.36,13,14.26,388.58
46385.11,2,257.96,322.24
18335.7,5,825.34,444.57
27942.23,15,584.24,128.36
36055.45,2,310.34,36.85
33068.21,1,675.1,410.67
44692.67,9,252.06,75.82
27108.53,15,256.48,291.61
29198.53,17,116.41,152.53
45985.45,3,33.31,115.68
4503.11,16,691.61,58.37
45537.91,10,593.22,173.3
18442.47,5,969.73,180.84
22308.95,7,370.6,203.31
14080.93,5,595.97,375.44
26462.12,1,219.66,102.33
38506.88,12,444.43,301.56
28404.81,14,677.12,392.34
38016.68,10,660.7,316.62
40610.79,5,142.71,315.72
32909.0,12,455.22,421.09
48659.56,4,980.64,152.51
38528.78,5,665.86,398.84
8818.0,19,75.66,116.77
47083.17,15,147.46,150.54
7438.35,8,387.67,274.12
38924.94,7,943.39,240.5
15039.89,18,185.63,470.05
17224.81,11,206.84,212.11
35444.04,2,901.54,95.23
36903.78,2,985.31,19.72
35226.21,11,14.67,329.71
29531.15,14,891.13,462.3
38700.74,9,159.83,38.68
35009.37,14,526.19,378.25
45091.75,9,908.69,54.56
19732.76,1,289.56,224.53
19849.25,3,99.72,294.49
2238.87,18,608.11,255.95
38804.34,1,872.36,384.04
14605.69,4,590.63,149.69
26577.65,1,603.7,356.03
31820.55,4,873.87,235.67
33054.03,10,344.03,112.12
44537.33,8,575.26,47.73
15607.91,14,553.82,39.7
21206.83,8,777.3,474.17
33436.77,5,197.5,290.25
9096.19,18,31.1,494.91
36101.31,10,932.66,314.18
2033.93,5,963.2,122.43
26110.19,8,846.16,406.56
3068.1,2,921.95,236.53
31918.11,13,417.2,339.6
23415.44,18,996.9,56.28
7637.82,13,514.64,441.72
12971.45,13,507.61,397.21
39658.24,5,308.52,473.92
41858.74,11,814.58,142.37
43950.25,6,286.3,89.08
15030.46,19,28.07,210.97
33554.28,19,788.68,390.57
5624.13,7,315.02,485.06
28997.69,6,993.58,273.94
27396.98,18,777.95,242.21
26143.22,14,78.39,9.42
4101.65,1,83.24,133.54
42308.78,2,656.4,176.27
44002.67,7,597.31,346.76
27181.77,18,941.58,451.2
33591.44,14,608.79,336.94
489.75,9,268.87,205.82
30240.96,1,666.4,396.11
33269.97,16,323.02,475.02
43263.7,9,609.23,183.87
22755.64,19,989.59,18.18
19822.05,2,845.63,248.29
24354.0,5,517.57,275.32
37188.86,8,513.58,8.84
16596.75,12,460.34,282.1
43702.77,15,161.08,296.3
33197.71,2,152.52,229.19
32900.03,4,11.87,66.98
17223.75,16,253.22,392.23
15900.36,15,954.1,273.33
11955.6,11,315.01,143.53
49009.11,9,770.29,147.47
26005.7,5,289.14,38.93
14887.42,19,390.53,427.78
25856.47,4,132.32,23.69
18917.67,5,307.35,118.87
46620.65,11,282.09,388.13
15089.38,9,490.68,327.99
4926.67,6,782.33,57.13
19070.4,14,983.98,298.52
18210.06,1,742.61,485.02
4491.83,1,54.86,19.81
403.45,5,165.49,274.17
30405.91,17,570.77,27.39
28498.21,3,795.11,55.89
25034.02,4,466.02,482.95
37619.06,3,901.31,59.8
13031.14,10,143.36,103.6
25561.76,16,683.45,307.96
22237.69,14,991.4,382.11
3619.47,3,841.69,413.25
5453.74,16,306.46,297.59
26848.32,17,950.99,126.73
43377.42,11,152.57,177.98
41918.55,9,567.54,87.75
10796.39,6,465.35,8.05
40514.16,7,408.3,278.08
5206.41,1,235.36,384.91
38743.93,4,553.02,167.23
34854.57,15,973.75,196.74
26438.95,18,819.37,88.58
30403.17,1,758.83,406.61
9453.04,6,328.28,283.34
37203.84,5,353.71,309.22
42902.33,16,207.45,381.53
22379.78,5,401.16,88.09
9267.4,14,817.57,257.32
16745.8,2,598.91,48.9
33902.92,14,537.22,343.57
11609.97,3,257.42,247.23
19823.75,7,67.26,115.54
25698.45,3,620.86,226.78
10364.59,7,533.5,4.59
900.36,15,125.34,142.9
30510.91,12,409.06,257.31
21917.84,2,117.01,219.19
30166.56,7,494.09,243.72
15695.96,13,491.33,476.36
6998.72,8,947.46,198.59
27695.9,7,732.13,305.07
23596.3,8,484.74,479.69
44018.9,8,620.7,181.57
2400.55,14,294.91,83.0
30773.48,17,576.93,162.53
27794.36,16,432.4,345.85
22523.18,11,666.69,351.44
39485.55,1,599.96,220.5
30638.39,14,688.51,159.18
24893.3,11,957.01,493.99
23099.04,7,942.32,223.08
36349.27,5,662.11,332.15
28458.73,12,565.42,414.79
36295.68,8,361.36,443.96
47479.61,15,657.06,453.3
28229.39,16,501.05,478.08
14400.21,1,920.61,152.74
48945.38,13,62.86,126.67
32483.28,13,825.75,297.24
22775.59,14,42.1,465.79
35953.15,9,923.9,221.06
16577.84,16,710.41,383.82
3902.97,13,897.36,120.1
23412.77,10,459.38,39.03
41641.54,13,211.74,62.96
6794.87,13,958.68,477.8
46925.35,5,236.12,162.55
49552.2,4,553.28,86.07
32398.9,14,324.07,472.98
33960.56,8,736.41,124.93
481.86,4,803.54,455.91
49473.47,13,603.11,422.68
49621.05,2,511.98,226.44
44177.83,19,749.83,29.06
47403.08,15,344.28,360.71
12734.18,18,205.11,88.72
2667.97,4,926.89,377.59
42748.65,18,440.67,397.51
3233.03,9,345.12,426.57
17792.26,2,372.61,287.35
42686.93,10,979.5,422.58
8296.97,15,288.08,45.72
28494.42,10,25.8,270.63
31398.3,11,684.24,114.49
18382.05,18,763.9,131.19
32226.8,4,729.16,143.22
47322.39,19,444.46,210.87
14245.83,10,930.96,261.68
32137.09,11,277.52,98.28
2338.85,6,396.01,197.55
33973.17,5,317.48,40.72
17665.66,17,761.27,89.88
42860.79,19,284.53,307.97
46224.15,16,871.52,125.68
39796.58,7,137.91,94.54
12681.92,4,419.69,161.73
27475.1,7,539.91,338.21
36131.25,3,529.44,184.66
25917.45,19,640.87,384.13
34066.88,3,524.84,66.3
34771.39,18,675.5,133.81
10356.83,2,821.37,469.65
15462.85,6,268.78,192.35
30316.82,7,782.59,257.25
32155.61,5,246.54,237.12
16438.98,14,508.22,461.94
49671.98,2,816.15,331.17
28295.96,8,441.89,410.43
25346.98,12,538.51,268.11
7442.43,9,517.67,136.16
23078.45,18,595.78,373.5
27236.66,1,645.84,414.8
2023.54,19,630.12,107.34
11528.84,15,27.94,462.17
34406.96,12,246.14,381.8
35320.05,6,274.14,327.58
49392.55,11,431.14,370.63
27941.02,4,406.32,203.5
27421.72,12,91.17,190.86
46515.67,19,439.5,383.37
11881.86,15,487.64,362.56
11523.93,8,974.93,163.65
13543.58,12,179.32,400.19
16648.76,4,222.64,397.11
5189.2,16,610.77,423.89
27289.11,19,359.15,241.7
2159.94,13,27.47,189.16
20408.5,14,481.21,252.33
21259.31,15,978.92,48.71
12741.12,17,440.38,414.39
22325.22,14,606.42,486.23
22291.43,13,714.48,100.07
47484.86,2,769.53,489.02
22421.23,15,19.92,179.12
914.4,18,934.21,491.4
8978.28,8,344.08,268.7
28064.61,7,814.31,476.13
15769.43,6,89.44,322.3
24682.13,12,446.06,340.34
3227.46,16,825.64,84.6
16081.39,3,738.44,151.1
28680.33,8,426.59,168.31
6852.03,19,981.9,497.82
42638.94,13,723.56,468.97
15000.5,10,177.2,373.77
5720.27,11,19.31,164.33
33368.68,11,109.64,206.8
37673.97,12,639.64,384.92
1750.5,17,904.78,25.86
43498.38,19,270.31,452.85
12727.4,13,591.14,216.92
37704.15,15,785.99,411.52
29118.39,11,548.14,70.18
44504.6,7,170.9,147.74
33366.97,11,125.71,145.06
30388.02,19,985.33,377.92
1289.41,4,92.94,407.87
9628.62,13,598.41,452.56
843.27,18,535.84,263.87
34878.18,4,461.48,176.49
40850.76,19,81.64,394.42
1225.16,3,85.45,493.35
15568.46,6,826.59,51.15
5141.0,6,856.13,485.47
7293.63,12,812.26,238.14
45854.22,12,428.65,304.41
27432.86,19,505.86,227.8
24330.75,7,85.29,117.26
39043.25,19,172.51,342.34
28790.56,19,606.52,5.4
42573.23,16,429.95,458.81
18209.51,16,406.09,15.8
4617.94,19,525.52,270.58
38794.74,7,295.0,440.39
29416.82,17,228.72,270.21
19473.32,1,780.65,296.51
17267.09,10,214.47,219.68
28379.24,7,794.51,422.08
20519.79,18,499.74,381.86
10653.93,1,117.4,197.3
18484.13,4,572.24,296.9
23604.43,8,506.68,485.4
19730.4,4,307.37,326.28
9103.05,6,523.06,289.86
7214.73,4,287.58,36.79
6327.36,13,131.23,98.73
6366.79,15,821.84,186.99
640.7,5,775.17,77.46
43456.95,10,66.11,490.12
47466.03,6,394.74,7.35
38559.63,9,469.25,16.34
24549.26,16,746.52,12.17
4119.51,10,232.94,243.02
28216.99,9,317.78,38.18
17111.77,12,345.55,416.46
48141.76,5,784.25,260.91
862.57,12,144.73,464.86
28273.81,1,532.61,65.35
13503.25,15,674.77,459.01
17969.07,13,610.46,430.33
24205.47,19,935.91,489.79
27144.15,3,778.7,9.32
48550.02,7,179.83,399.25
49387.89,13,635.84,254.76
25257.42,15,26.19,91.68
33088.31,11,281.72,311.03
1236.07,7,355.97,140.84
37124.27,3,432.41,211.28
2241.08,9,450.44,371.86
26314.32,18,453.08,370.24
38879.33,6,692.07,217.69
9631.54,15,497.04,147.55
15568.5,13,838.38,297.64
3013.72,10,16.55,283.27
32573.95,2,587.66,405.14
37120.79,6,378.31,263.14
32337.68,10,524.09,415.19
28633.01,13,190.15,163.28
15423.12,6,400.99,478.43
49452.25,13,434.87,173.62
25074.85,7,460.34,251.58
14904.23,13,459.73,256.41
46360.3,4,857.5,71.61
39434.08,8,288.31,418.65
41406.49,4,343.98,401.53
32293.39,2,910.8,193.65
33037.72,13,161.93,405.54
43652.5,12,691.89,419.97
27218.04,16,165.3,371.43
38421.84,6,74.06,330.12
43277.15,13,92.04,384.69
22047.37,6,551.46,298.42
7118.85,19,27.53,265.71
36650.5,14,514.38,158.13
19063.03,18,197.24,194.59
16911.04,12,363.82,110.91
22531.66,2,642.63,259.19
10576.27,8,634.4,153.85
17448.05,10,122.35,258.7
34908.25,19,480.54,70.78
48243.94,1,962.83,190.41
45940.97,13,220.63,304.36
39225.49,11,775.1,281.97
24778.79,19,869.62,36.04
7216.93,4,55.59,172.2
7916.86,9,153.55,276.0
15925.78,3,414.5,407.82
46219.37,7,121.74,336.71
13827.85,13,960.8,376.15
6668.17,12,337.9,298.28
35217.62,15,796.09,464.01
25737.43,6,100.24,485.88
15195.21,13,681.95,205.24
42568.16,15,763.74,283.35
24997.93,17,165.48,257.31
5103.65,15,118.11,257.89
17633.79,14,960.74,273.23
22003.18,19,743.44,234.23
44001.11,18,166.0,303.77
49448.0,11,373.55,358.11
12354.77,1,322.8,145.88
12101.39,2,159.44,199.3
39589.76,4,352.61,61.61
7640.31,17,756.08,342.45
5939.81,4,256.11,97.76
47388.08,11,734.81,172.03
4051.51,4,375.01,343.25
24330.8,9,880.29,58.66
28574.99,10,664.33,371.48
49769.3,4,429.57,375.21
12733.49,13,504.56,75.25
33456.77,7,750.75,15.17
23784.04,2,172.37,331.4
32037.93,16,929.57,104.08
14552.7,8,891.01,290.65
14061.88,13,821.76,47.32
44971.02,5,504.22,16.05
13880.23,1,338.91,425.32
17726.74,13,347.74,94.57
39653.75,14,202.96,149.72
35351.98,10,409.75,78.3
2940.83,17,32.0,464.56
32981.92,16,665.74,219.41
41764.75,18,413.42,258.27
30537.78,12,109.32,147.35
22247.39,5,38.48,392.77
33806.92,3,429.87,196.75
22149.5,17,690.41,451.71
37054.36,12,901.56,128.77
12245.8,13,194.46,493.21
7564.06,11,58.26,208.89
9382.36,18,809.9,406.13
18551.87,15,61.63,492.82
45381.83,10,522.16,110.44
26678.15,18,638.52,195.9
27470.34,15,14.05,298.77
24702.09,17,939.78,279.69
9058.73,17,787.95,0.29
1085.36,12,777.91,96.06
10056.61,1,774.34,206.54
21108.76,8,407.6,279.15
21969.05,2,665.79,150.43
4009.59,7,233.16,374.6
890.74,4,597.26,278.72
25944.89,12,115.89,372.21
27418.72,19,56.18,266.9
28934.01,19,430.65,385.6
8088.96,15,103.43,224.02
37081.84,17,503.72,399.08
24223.43,4,979.95,375.82
49989.52,9,646.65,28.22
19180.18,16,104.15,131.14
24145.71,9,961.03,484.82
13287.21,1,319.59,37.8
27432.85,11,648.96,241.62
9465.47,4,170.92,252.3
30607.4,12,41.75,113.32
7135.63,12,421.35,14.51
24310.88,10,193.46,27.49
39959.57,5,220.77,439.95
31422.71,4,613.35,140.56
4064.9,3,280.08,6.84
27782.27,17,566.03,333.84
18475.55,19,898.2,443.7
49535.89,19,97.78,410.0
1986.61,9,196.86,51.86
31938.71,13,356.69,227.41
2065.12,17,651.83,249.87
31826.91,6,16.26,291.97
33831.07,12,969.52,372.88
26753.26,8,531.32,134.89
12331.03,3,657.01,368.22
30643.48,19,53.62,123.8
32009.34,15,420.93,365.91
23761.69,8,389.12,135.76
24196.56,12,416.6,87.87
22053.92,1,773.9,175.79
13539.66,15,211.57,251.22
42768.81,3,950.97,327.75
25186.5,9,497.82,339.07
8293.47,1,944.14,318.39
10179.1,17,272.59,110.08
10482.63,6,262.98,2.58
48514.32,10,115.91,395.84
14270.4,9,979.13,321.13
36889.51,14,980.97,16.89
14016.67,19,937.77,84.84
38186.13,11,739.11,325.5
15711.97,8,61.25,299.71
3610.84,8,694.67,164.13
13545.88,6,253.93,160.62
10469.24,3,672.22,449.63
8524.23,12,358.69,334.48
34199.38,6,424.04,113.74
32950.02,2,756.19,407.5
19302.37,7,257.79,421.04
11609.02,4,362.53,113.58
41066.36,17,366.33,480.23
23102.83,3,363.59,446.5
13719.92,6,530.45,118.92
18164.01,7,905.48,460.64
21414.8,2,534.54,495.86
34032.62,12,211.72,107.22
42043.72,3,957.39,306.26
12120.46,1,848.69,54.16
41256.69,5,665.33,459.88
21512.96,19,841.84,160.75
41311.48,9,263.08,150.16
25954.2,9,267.0,153.38
5814.79,1,728.99,183.35
30273.83,5,640.44,403.41
4729.52,12,432.57,58.83
47091.3,8,164.47,211.4
21743.03,6,300.4,234.81
23114.87,19,890.54,149.48
41850.97,6,301.89,340.09
17749.16,14,380.37,92.03
29621.3,12,858.35,174.09
35832.98,10,883.54,479.28
45339.29,9,644.74,442.37
21039.27,19,658.72,352.1
45554.16,18,771.07,50.82
43173.86,17,918.29,420.69
37802.02,6,55.47,17.71
1484.17,14,119.89,471.48
15734.43,4,177.38,114.59
46392.63,5,944.19,384.75
18187.64,6,88.42,376.86
18030.83,16,381.76,228.01
21521.63,1,84.51,210.65
17624.87,17,139.44,68.58
43365.13,13,396.57,110.64
43532.53,19,717.75,329.24
27533.71,14,101.03,33.12
26885.28,13,808.54,230.28
2817.37,19,697.02,350.21
32685.54,9,421.58,477.03
19818.44,12,854.99,283.48
5005.05,4,234.48,289.73
34872.66,2,447.55,160.09
33893.85,3,454.16,230.6
37884.01,3,859.45,45.77
12346.91,13,90.54,187.42
17774.98,3,858.96,493.18
39078.81,3,997.29,468.19
17981.21,3,618.41,218.44
7281.42,10,897.92,253.73
35468.81,5,820.61,438.83
1624.23,5,402.89,110.63
12532.19,17,337.35,101.73
25011.88,13,824.32,328.99
18450.48,18,857.91,261.75
36809.82,10,195.5,27.18
44439.11,11,545.5,281.27
1817.53,11,725.76,414.53
41455.45,16,377.42,499.71
28961.58,1,679.73,356.0
44426.86,3,503.97,214.39
27653.04,19,152.56,273.15
47872.49,16,850.72,453.06
2179.84,8,315.54,346.6
30265.57,17,32.13,419.9
42527.1,7,361.75,465.68
22883.04,10,795.2,69.01
2838.01,7,92.71,196.94
28430.59,4,982.43,314.52
43883.63,15,914.52,412.55
23250.04,19,751.72,284.09
43689.92,6,116.56,205.88
874.15,5,119.36,164.53
13492.87,15,694.2,406.27
22498.15,11,242.02,186.86
33885.36,2,95.0,447.44
25177.45,9,373.77,499.44
45342.12,2,31.11,21.18
4517.89,15,47.58,63.78
21964.98,11,125.23,60.1
44603.2,9,166.28,117.42
12815.11,1,873.53,49.37
5893.1,1,783.56,352.5
18414.64,19,642.67,142.64
47286.55,1,670.85,285.17
35254.29,11,375.54,119.72
9731.26,13,279.32,182.2
27929.33,18,173.65,465.46
32521.93,8,260.54,448.34
40873.93,13,570.65,382.07
24475.21,6,438.17,304.53
9896.23,1,231.98,392.12
29337.83,9,530.03,478.2
14044.29,17,448.19,157.26
7347.55,17,296.83,297.14
39193.22,17,78.48,339.63
2900.41,10,425.23,361.04
24891.3,5,454.97,130.16
47413.9,14,606.89,9.73
38916.16,14,57.34,461.04
49353.66,9,329.64,8.88
29759.06,9,684.4,36.55
46034.09,10,960.53,34.64
13353.81,10,552.66,348.36
45104.53,5,694.36,480.0
47239.9,10,504.06,303.46
34327.22,1,788.92,354.26
21599.74,10,280.33,184.5
36936.34,13,696.41,172.48
30239.83,6,255.94,89.84
27770.58,13,12.67,130.59
1484.98,17,867.66,373.58
43276.46,6,473.38,497.6
48440.96,13,977.01,312.95
12432.92,19,277.08,460.85
15552.15,16,135.61,390.71
36108.85,11,165.48,341.59
34389.69,2,62.2,443.06
30603.26,4,843.66,368.11
33964.79,1,153.68,16.8
18695.98,16,239.41,402.65
34078.86,1,783.46,222.23
30961.67,13,973.94,425.78
48346.54,6,28.32,322.35
19110.54,10,777.9,286.71
929.35,8,332.19,463.42
34724.45,8,465.17,165.28
13089.05,1,487.7,237.34
3852.95,19,762.25,166.39
8539.42,13,30.03,252.4
42051.87,3,742.17,121.68
10496.13,9,107.05,144.16
13466.13,4,726.89,64.95
11618.48,9,981.29,368.72
29124.48,14,212.36,133.94
19565.15,5,986.43,102.2
23328.51,19,417.88,26.94
37758.88,15,20.17,108.07
26198.61,6,825.93,219.67
43160.59,4,767.02,334.23
35186.75,1,974.9,392.56
6217.22,3,665.24,57.84
26927.36,12,307.81,396.46
27924.92,4,348.67,178.04
25331.4,19,272.43,332.27
10161.92,5,231.23,184.75
47254.21,6,555.38,112.64
42497.66,3,285.13,255.61
21351.93,10,692.67,17.27
9961.95,2,685.91,58.07
13600.21,13,69.6,156.86
32213.56,16,493.47,496.8
23454.55,18,589.62,15.3
937.25,19,617.26,254.72
9142.19,7,836.5,218.41
47976.67,14,919.24,264.46
12849.43,13,420.82,352.75
46485.17,5,498.57,364.74
45302.58,14,992.36,485.28
47361.48,12,484.08,287.5
49140.49,10,939.04,241.08
22020.32,14,666.76,233.65
2073.13,8,65.81,153.08
29338.52,15,736.92,423.22
17878.1,12,883.3,18.53
19919.77,16,112.01,259.66
37804.21,7,592.41,364.16
31169.48,6,850.56,402.09
15872.92,12,874.03,283.34
47108.8,8,74.95,151.27
28119.88,18,977.79,318.83
10679.71,16,663.03,440.46
27111.52,16,112.32,401.96
17104.52,18,119.42,373.84
9528.28,6,15.09,163.98
12597.68,2,911.54,236.38
4548.94,8,368.82,375.34
4812.3,16,606.34,246.15
42229.68,4,500.48,276.71
10131.25,6,29.12,301.95
27500.78,18,965.69,437.56
9093.73,16,848.53,105.9
17760.58,13,775.6,107.27
41733.67,13,133.52,264.57
40296.55,16,558.47,91.72
11007.33,7,356.4,354.97
19292.07,9,667.18,372.91
14262.52,1,27.65,116.97
10969.72,10,968.34,335.93
27047.34,6,70.08,408.28
37020.53,2,429.06,85.86
20888.86,17,132.08,410.78
38403.56,1,424.6,438.89
22741.86,16,978.36,227.39
19550.7,1,528.85,349.96
4914.16,14,934.39,189.02
22646.37,7,605.52,244.79
47511.27,2,658.46,296.09
10265.58,16,679.91,323.32
14085.45,10,92.99,190.93
6044.33,5,372.21,77.74
673.44,2,198.49,300.18
8532.85,4,220.0,499.58
12227.47,18,550.95,286.78
14609.0,2,48.24,474.77
6156.59,4,840.59,152.54
14773.47,13,433.45,438.93
17348.38,18,704.23,164.32
29078.68,3,846.0,35.04
25106.85,6,371.3,493.57
34099.76,4,163.45,229.8
8194.6,18,383.89,467.68
10026.44,1,806.02,432.63
14583.98,3,762.1,382.61
29627.64,17,37.28,308.93
2103.8,11,978.51,336.6
42448.07,12,671.0,405.54
28319.16,18,685.37,185.44
18518.66,16,662.79,393.39
162.87,2,751.17,196.55
5701.74,19,359.86,300.17
23559.08,9,365.95,202.25
43509.71,7,20.26,4.24
13509.25,2,985.36,120.58
26306.28,17,356.46,164.7
27101.39,18,200.98,291.37
2069.09,17,500.14,62.37
27175.08,13,852.26,447.4
11809.3,11,527.51,203.42
270.18,10,611.01,181.54
13079.97,10,266.31,137.56
28152.72,3,306.21,104.29
45798.31,7,446.08,278.89
26116.73,19,121.81,271.31
17176.68,6,953.61,135.65
5286.68,4,360.59,388.93
14279.75,18,987.96,394.63
21491.13,5,702.68,83.26
15514.07,16,907.04,391.9
36818.14,3,709.13,264.17
42484.23,11,712.92,247.75
15900.48,7,375.83,356.39
2973.44,17,414.33,422.91
2085.75,17,562.46,201.38
38275.42,17,564.79,180.27
45677.78,5,766.54,98.99
12806.49,11,355.73,471.2
46247.25,19,697.25,331.17
28198.59,8,368.1,86.29
21306.0,10,928.4,316.08
32889.53,15,555.02,194.14
23253.33,11,454.6,395.53
