Nombre,NombreMarca,Origen
Club Roybal-Meléndez,asperiores,Saint Kitts y Nevis
"Balderas, Zaragoza y Maya",accusantium,República Popular Democrática de Corea
"Proyectos Melgar, Vaca y Marroquín",sit,Sudán del Sur
Ponce-Linares,fuga,Filipinas
"Industrias Guerra, Fierro y Torres",consectetur,Zambia
"Laboratorios Cervántez, Ávila y Figueroa",delectus,Albania
Proyectos Toledo-Toledo,fugit,Eslovenia
Club Colón y Narváez,nulla,República Centroafricana
Suárez y Campos e Hijos,temporibus,Bangladesh
Romo-Rico S. R.L. de C.V.,inventore,Lesotho
Grupo Guerrero y Granado,necessitatibus,Belice
Casas A.C.,ipsum,Barbados
Melgar y Montenegro S.A.,quasi,Hungría
Guzmán-Mejía,nobis,España
Casárez-Valverde S.A. de C.V.,vero,Kazajstán
Laboratorios Ureña-Méndez,a,Seychelles
Villalobos-Leal S.A. de C.V.,vitae,Mauritania
Villalpando-Vergara y Asociados,nostrum,Kazajstán
Saldaña-Macías S.C.,quibusdam,Camboya
Guevara-Venegas S.A. de C.V.,perspiciatis,Gabón
Zarate-Escobar,neque,Austria
Industrias Figueroa y Samaniego,commodi,Sierra Leona
Despacho Tamez-Mora,tempora,Colombia
"Rivas, Paredes y Sepúlveda",illo,Alemania
Gil-Montes,non,Bahamas
Tovar y Lovato S.A. de C.V.,autem,Cuba
"Bétancourt, Loya y Castro",animi,Gabón
"Despacho Montemayor, Uribe y Iglesias",excepturi,Samoa
Valencia-Heredia S. R.L. de C.V.,eos,Suecia
"Industrias Carreón, Orozco y Ulibarri",amet,Namibia
Franco S. R.L. de C.V.,est,República Unida de Tanzanía
Club Téllez-Soria,repudiandae,Islas Marshall
Barrios-Narváez S.A. de C.V.,exercitationem,Chad
Club Polanco y Pulido,sequi,Granada
"Cabrera, Pérez y Estévez",placeat,Kenya
Guzmán-Abrego A.C.,adipisci,Kuwait
"Cazares, Cano y Rael",laudantium,Uganda
Riojas A.C.,natus,Afganistán
Grupo Arguello-Casárez,explicabo,Swazilandia
Camacho-Maldonado S.A.,dolorem,Nueva Zelandia
Valles-García S.A.,adipisci,Senegal
"Lebrón, Munguía y Fierro",soluta,Cuba
"Mata, Valentín y Ballesteros",voluptates,Portugal
Proyectos Delgadillo-Valenzuela,fugiat,Canadá
Vigil-Cornejo S. R.L. de C.V.,molestiae,Eslovenia
"Acuña, Lara y Batista",aperiam,Camboya
Girón y Tirado S.C.,minus,República Árabe Siria
"Corporacin Botello, Mejía y Ulibarri",alias,Lesotho
Casárez S.A. de C.V.,deserunt,Lesotho
"Varela, Ocasio y León",dicta,Antigua y Barbuda
Despacho Peres-Vásquez,explicabo,Dominicana
Grupo Correa-Galindo,adipisci,República de Moldova
Quiroz-Gallardo,velit,Jamaica
Maldonado y Asociados,totam,Mauritania
Club Barajas y Montenegro,magni,Irlanda
Toledo y Garica S.A. de C.V.,saepe,Sudáfrica
Barraza y Gamboa S. R.L. de C.V.,neque,Camboya
Chapa y Leyva y Asociados,quia,Senegal
Proyectos Briseño-Rosales,repudiandae,Lesotho
Orosco-Cruz e Hijos,beatae,República Árabe Siria
"Industrias de la Torre, Lebrón y Esquibel",rerum,Arabia Saudita
Peralta A.C.,reiciendis,Suiza
Contreras S.A.,quidem,Argentina
Club Trujillo y Alejandro,sit,Brunei Darussalam
Club Uribe-Moya,non,Líbano
Linares S.C.,nam,Tuvalu
Apodaca-Espino A.C.,facilis,Alemania
de la Rosa-Cervántez S.A.,quasi,Senegal
Salazar-Ornelas S.A. de C.V.,distinctio,Dominicana
"Madrigal, Serna y Quiñones",voluptas,República Democrática del Congo
Tamez-Partida,ut,Kenya
Corporacin Botello y Salgado,nihil,Trinidad y Tabago
Juárez y Valles y Asociados,eius,Andorra
"Club Frías, Rodríquez y Arteaga",ipsam,Papua Nueva Guinea
"Chacón, Castellanos y Salas",excepturi,Somalia
Osorio-Cabrera,ab,Arabia Saudita
Saavedra-Alcala A.C.,aspernatur,Georgia
Proyectos Mesa y Adame,quaerat,Turkmenistán
Hernández-Nájera,suscipit,Ecuador
"Rodríquez, Quezada y Jiménez",in,Países Bajos
Garica-Vanegas,quisquam,República Árabe Siria
"Corporacin Portillo, Munguía y Amador",labore,Bulgaria
Club Serrano y Lemus,provident,Reino Unido de Gran Bretaña e Irlanda del Norte
"Zepeda, Holguín y Maldonado",dignissimos,Lituania
Laboratorios Reyna-Solorio,totam,Irán
Industrias Laboy-Delgado,maxime,Islas Marshall
Irizarry y Campos y Asociados,doloremque,Bangladesh
"Laboratorios Lerma, Batista y Fierro",eius,Vanuatu
Alba y Pacheco S. R.L. de C.V.,dicta,Túnez
"Núñez, Cepeda y Carmona",asperiores,Chad
Montalvo y Asociados,rem,Cuba
Reséndez y Echeverría e Hijos,ex,Argentina
"Industrias Cadena, Ojeda y Nazario",voluptatum,Federación de Rusia
"Heredia, Vélez y Salcedo",magni,Bulgaria
Olivares-Llamas,et,Madagascar
Girón y Naranjo S.A. de C.V.,modi,República de Moldova
Corporacin Peres-Verduzco,voluptatem,Micronesia
Corporacin de la Torre-Espino,voluptate,Irlanda
"Club Toro, Tapia y Maestas",corrupti,Ecuador
"Arreola, Uribe y Niño",architecto,Benin
"Becerra, del Valle y Cantú",recusandae,Montenegro
Grupo Zayas-Márquez,eveniet,Libia
Industrias Haro-Aguirre,sint,Gabón
Mascareñas-Sepúlveda S.C.,quae,Túnez
"Batista, Téllez y Centeno",assumenda,Tuvalu
Ballesteros-Aguilera S.A. de C.V.,eum,Uruguay
Candelaria S.C.,eligendi,Noruega
Oquendo S.A. de C.V.,saepe,San Marino
"Guerrero, Espino y Alejandro",cumque,Kenya
"Urías, Hernández y Tovar",quo,Omán
Bonilla-Rolón y Asociados,delectus,Samoa
"Murillo, Rojo y Fajardo",voluptatum,República de Moldova
"Club Alonzo, Vanegas y Fajardo",animi,Eslovaquia
de la Torre-Casares,nemo,Malawi
"Proyectos Villa, Ornelas y Ayala",ut,Malasia
Laboratorios Torres y Meléndez,esse,Kuwait
"Zamudio, Camarillo y Amador",commodi,Tailandia
Báez-Bonilla,esse,Burundi
Arce y Moreno y Asociados,dolore,Iraq
"Proyectos Ocampo, Gastélum y Santacruz",minus,Suiza
Zaragoza-Pérez,libero,Armenia
Casillas y Holguín y Asociados,numquam,Santa Lucía
"Serrano, Alba y Ordóñez",dicta,Montenegro
Laboratorios Gaytán y Sepúlveda,iure,Kirguistán
Club Zedillo y Vela,dicta,España
Alejandro-Ocasio S.C.,dolore,República Federal Democrática de Nepal
Guajardo S.A.,laborum,Angola
"Club Pizarro, Alarcón y Gastélum",est,Serbia
"Sotelo, Figueroa y Corral",rem,Azerbaiyán
de la Torre A.C.,veniam,Côte d'Ivoire
Posada-Hidalgo S. R.L. de C.V.,nam,Islandia
Manzanares-Figueroa,assumenda,Marruecos
Industrias Armas-Contreras,ipsam,Costa Rica
Marín y Cornejo S.A. de C.V.,aliquam,Maldivas
Corporacin Madrigal-Chavarría,numquam,República de Moldova
"Muñoz, Salcedo y Arellano",mollitia,Côte d'Ivoire
"Villagómez, Quiroz y Delgado",voluptas,Libia
Bueno-Madrigal S. R.L. de C.V.,nobis,Swazilandia
Navarro y Sotelo y Asociados,ipsum,Santa Lucía
Saiz-Estévez,officia,Mauritania
Grupo Acevedo-Madrigal,fugiat,Japón
Meraz y Sauceda e Hijos,iusto,Camerún
"Mejía, Naranjo y Ferrer",iste,Francia
"Jaime, Balderas y Meza",magnam,Reino Unido de Gran Bretaña e Irlanda del Norte
Barraza y Frías S.A.,nihil,Fiji
Vallejo y Jaramillo S.A. de C.V.,cum,Kuwait
Club Fonseca-Arguello,rem,Angola
Tijerina y Arteaga y Asociados,sit,Burundi
"Cordero, Rico y Jaramillo",tenetur,Uzbekistán
"Club Benavides, Soria y Vélez",esse,Islas Marshall
del Río-Espino,incidunt,Brasil
"Grupo Nava, Jaimes y Marrero",tempora,Bahrein
Cisneros-Aponte,molestiae,Bahamas
Mireles-Quiroz,error,Mongolia
Proyectos Murillo-Carrero,possimus,Papua Nueva Guinea
"Castillo, Menéndez y Martínez",tenetur,República de Corea
Regalado-Escobedo,assumenda,Federación de Rusia
"Grupo Blanco, Saucedo y Fonseca",fuga,República Dominicana
Monroy-Lomeli A.C.,aliquid,Omán
Serna-Villalpando S. R.L. de C.V.,dolor,Granada
Pineda-Rubio S.A.,alias,Niger
"Ulibarri, Llamas y Zambrano",perspiciatis,Eslovenia
Grupo Cuellar y Puga,saepe,Sudán
Grupo Serrato-Heredia,magnam,Georgia
Toledo-Delgadillo S.A. de C.V.,esse,Federación de Rusia
Berríos-Vaca S. R.L. de C.V.,rerum,República Unida de Tanzanía
Despacho Bravo y Zedillo,natus,Nigeria
Gaitán y Asociados,dignissimos,Kenya
"Salcedo, Vargas y Baca",vitae,Irlanda
Club Alcaraz y Niño,officia,Maldivas
González y Olmos S.C.,dignissimos,Irlanda
Despacho Escobar-Tejeda,debitis,Belice
Carmona S. R.L. de C.V.,molestias,Lituania
"Zepeda, Quesada y Sauceda",voluptas,Islandia
Proyectos Gaitán y Angulo,sunt,Camerún
Ochoa-Rendón,officia,Botswana
Collado y Galindo S.A. de C.V.,delectus,Bulgaria
Vázquez y Montes S.A.,impedit,Albania
Arreola y Montez e Hijos,neque,Rwanda
Terán y López A.C.,excepturi,Antigua y Barbuda
"Salas, Sosa y Quesada",harum,Antigua y Barbuda
Laboratorios Roldán y Morales,esse,Bahrein
Club Valladares y Badillo,animi,Colombia
"Elizondo, Haro y Segura",quisquam,México
Laboratorios Ramírez-Segovia,officia,Botswana
Mejía-Cardenas S.C.,iste,Kuwait
Grupo Sierra-Bernal,odit,Seychelles
Tejada S.C.,laudantium,República Árabe Siria
Menchaca-Longoria A.C.,veniam,Eritrea
"Laboratorios Berríos, Jurado y Escobar",iste,Iraq
Muñoz y Carvajal y Asociados,nisi,Barbados
Urías S.A. de C.V.,vero,Liberia
Enríquez-Montaño e Hijos,molestias,Nueva Zelandia
"Romero, Vigil y Sandoval",facilis,Senegal
"Villagómez, Aguilar y Montalvo",quos,Fiji
Corporacin Avilés-Lemus,commodi,Togo
Despacho Loya-Tello,nostrum,Jamaica
Club Cordero y Vanegas,corrupti,Tonga
"Corporacin Peña, Jurado y Fajardo",iusto,Camboya
Industrias Flores-Cervántez,iusto,Nigeria
Oquendo y Rivera A.C.,delectus,Azerbaiyán
"Berríos, Véliz y Parra",nihil,Indonesia
"Laboratorios Hernandes, Peña y Garibay",temporibus,Argentina
Corporacin Valdivia-Lucero,quos,Bangladesh
Armas-Aguilera,vitae,Japón
Grupo Montalvo y Carreón,dolor,Emiratos Árabes Unidos
Rodrígez S. R.L. de C.V.,doloribus,Camboya
"Corporacin de la Crúz, Alonzo y Sáenz",repellendus,Palau
"Tamez, Alcaraz y Velasco",perferendis,Estados Unidos de América
Díaz y Garrido y Asociados,eveniet,Federación de Rusia
Sarabia-Roque,officia,Montenegro
Industrias Díaz-Santiago,aliquid,Indonesia
"Navarro, Melgar y Rivera",reprehenderit,Benin
Ferrer-Zamudio,corporis,Austria
Ochoa S. R.L. de C.V.,perspiciatis,Australia
Corporacin Loya y Baca,ad,Dinamarca
Sevilla S. R.L. de C.V.,ipsam,Letonia
Valverde y Orosco S.A. de C.V.,ab,República Checa
Laboratorios Murillo-de la Rosa,iste,Sudán
Proyectos Páez y Rolón,deleniti,Emiratos Árabes Unidos
Fernández-Alfaro,veritatis,Omán
Mesa y Cardona y Asociados,odio,Perú
Industrias Tamez-Cortés,pariatur,Portugal
Sosa-Oquendo S. R.L. de C.V.,cumque,Tailandia
Menéndez-Ponce S.A. de C.V.,quaerat,Granada
Navarro-Preciado S.A.,temporibus,Irlanda
Muñoz y Zedillo e Hijos,quod,Liberia
Manzanares-Vanegas S.C.,perferendis,Palau
Laboratorios Rivas-Barela,corrupti,China
Ávalos S.C.,magnam,Namibia
Bahena S.A. de C.V.,qui,Jamaica
"Rosario, Santacruz y Vaca",sunt,Congo
Laboratorios Benavídez y Guzmán,accusamus,Jamaica
Club Esquibel y Matos,voluptas,República Popular Democrática de Corea
Grupo Espino y Aguayo,qui,Rwanda
Proyectos Sanches-Collazo,accusamus,Singapur
Puente S. R.L. de C.V.,praesentium,Kuwait
"Industrias Brito, Arredondo y Villalobos",atque,Uruguay
Toro-Pabón,enim,Palau
Segura S.A. de C.V.,sint,Austria
"Tirado, Venegas y Marrero",aliquam,Malasia
Pabón-Rosario S.A. de C.V.,pariatur,Mauricio
Ocampo S. R.L. de C.V.,et,Eslovaquia
Hernández-Ocampo,necessitatibus,El Salvador
Sepúlveda y Rascón S.A. de C.V.,molestiae,Santo Tomé y Príncipe
Ontiveros-Mares,sit,Suiza
"Delgado, Valadez y Guillen",accusamus,Malta
"Lovato, Ortiz y Espinal",repellendus,Kirguistán
Tello-Rivero,harum,Comoras
Despacho Guerrero-Fonseca,velit,Bulgaria
"Despacho Roldán, Viera y Valadez",eius,Vanuatu
Proyectos Cepeda y Carrión,ullam,Bangladesh
Club Balderas y Garza,consectetur,Tayikistán
"Tijerina, Hernádez y Ruiz",ducimus,Belice
"Industrias Ferrer, Rolón y Benavídez",in,Santa Lucía
"Club Henríquez, Alonso y Tirado",dolores,Vanuatu
"Grupo Carrera, Acosta y Valdez",quaerat,Mali
"Barajas, Tirado y Corral",nihil,Madagascar
"Villareal, Gálvez y Villanueva",quaerat,Islandia
Cantú S.A. de C.V.,culpa,Djibouti
"Corporacin Pichardo, Aguirre y Carrillo",illo,Islas Marshall
Campos-Enríquez y Asociados,nulla,Bahamas
Club Cruz-Mora,placeat,Sri Lanka
Hernandes e Hijos,rerum,Mauricio
"Orellana, Castro y Lozada",neque,Comoras
Grupo Montaño-Castellanos,sint,Sudáfrica
"Industrias Saiz, García y Espinal",cupiditate,Grecia
"Despacho Acuña, Laboy y Rascón",laudantium,Rumania
Linares y Asociados,tempore,Croacia
Sosa-Guajardo S. R.L. de C.V.,ipsam,Congo
"Laboratorios Rodarte, Rodarte y Cortez",ipsum,Camerún
Proyectos Ponce y Pineda,fugit,Bangladesh
"Corporacin Escobar, Galarza y Corrales",vel,República Democrática del Congo
Segovia S.C.,natus,Botswana
"Villarreal, Brito y Sanches",delectus,Chipre
Badillo-Pacheco y Asociados,inventore,Eritrea
Monroy-Mata S.C.,neque,República Democrática Popular Lao
Olivares-Durán,accusantium,Irlanda
Blanco S. R.L. de C.V.,sequi,Nicaragua
"Ureña, Esquivel y Rocha",fuga,Senegal
Marroquín-Segura,reiciendis,Paraguay
Mondragón-Rubio S.A. de C.V.,molestias,Saint Kitts y Nevis
Despacho Aparicio-Valdez,aliquam,Mali
Quiñónez-Armas e Hijos,odio,Belarús
Vallejo-Mora,voluptatem,Nauru
Despacho Negrón-Salcido,tenetur,Nicaragua
Venegas-Carreón e Hijos,deleniti,Georgia
Amaya y Negrete y Asociados,pariatur,Costa Rica
"Barreto, Bahena y Terrazas",ab,Uganda
"Laboratorios Jasso, Castañeda y Aguilera",quia,Indonesia
Prado-de León S.A.,nostrum,Liberia
"Club Carrión, Corona y Moreno",mollitia,Kazajstán
Tejeda S.A.,est,Kenya
Quintero-Guardado A.C.,magnam,Camerún
Longoria y Ramírez e Hijos,dicta,Noruega
Villarreal-Cantú S.C.,non,Somalia
Cornejo-Mesa,tenetur,Barbados
Ochoa e Hijos,sunt,Sudán
Gálvez y Olivo S.C.,mollitia,Palau
Villegas-Ramírez e Hijos,nulla,Mozambique
"Despacho de la Fuente, Curiel y Colón",placeat,Islandia
Mendoza-Solorio,molestias,Kazajstán
Moya e Hijos,recusandae,Argelia
Luevano y Prieto S.A.,sunt,Congo
Laboratorios Luevano-Arguello,inventore,República Unida de Tanzanía
Corporacin Rincón-Gil,nisi,Azerbaiyán
Industrias Vanegas-Aguilera,ut,Montenegro
"Aragón, Vásquez y Guajardo",voluptatum,Saint Kitts y Nevis
Balderas-Puga,nisi,Suecia
Alemán-Saavedra,soluta,Yemen
Corporacin Córdova y Zamudio,dolor,Libia
"de la Crúz, Perea y Romero",hic,República Unida de Tanzanía
Olivo-Tejada y Asociados,perferendis,Croacia
Industrias Ordóñez-Hernádez,labore,Malawi
"Corporacin Soria, Mata y Arriaga",odio,Somalia
"Hernandes, Ledesma y Caldera",magni,República de Moldova
Durán y Rojo y Asociados,perspiciatis,Bolivia
Club Aguirre y Castellanos,id,Italia
Corporacin Sosa y Nazario,similique,Grecia
Caraballo S.A. de C.V.,ad,Líbano
Montenegro-Suárez,nesciunt,Suecia
Burgos S. R.L. de C.V.,veritatis,Ghana
Perales y Alcaraz y Asociados,atque,Angola
"Grupo Jáquez, Galindo y Loera",adipisci,Argelia
Despacho Saucedo y Córdova,id,Benin
Baca y Puga e Hijos,numquam,Guinea Ecuatorial
"Chapa, Uribe y Carreón",placeat,Croacia
Roldán y Medrano S.C.,dicta,Kazajstán
"Pedraza, Rivero y Zelaya",repudiandae,Myanmar
Casas e Hijos,aspernatur,Nicaragua
Carrión y Sáenz A.C.,ratione,Brunei Darussalam
"Despacho Villalobos, Lira y Tejada",molestias,Qatar
Proyectos Sevilla y Calvillo,delectus,Arabia Saudita
Proyectos Acosta-Mata,pariatur,Dominicana
Despacho Meraz y Marrero,consequatur,Turkmenistán
Laboratorios Carranza-Leiva,voluptatem,Canadá
Corporacin Raya y Esparza,non,Bangladesh
Fajardo y Aguirre S.A. de C.V.,assumenda,Botswana
"Gómez, Padilla y Valentín",inventore,Luxemburgo
Mata-Toro,doloribus,Yemen
Olivo-Correa,quasi,Myanmar
Industrias Almaraz y Ureña,perspiciatis,Croacia
Laboratorios Mercado y Serna,illum,Burundi
Carrión y Maldonado S.A. de C.V.,dolores,Antigua y Barbuda
"Grupo Crespo, Bonilla y Solorzano",commodi,Papua Nueva Guinea
Otero-Llamas,nobis,Sri Lanka
Frías e Hijos,recusandae,Micronesia
Pelayo y Saiz S.C.,id,Gambia
Marín y Gollum S. R.L. de C.V.,praesentium,China
Godoy y Olivárez S.A. de C.V.,ab,Guyana
Hernandes-Baeza,perspiciatis,Comoras
Corporacin Arriaga y Hernádez,quis,Yemen
"Malave, Pedraza y Jaime",laborum,Rumania
Lerma-Chapa,officia,Venezuela
"Despacho Luna, Vigil y Castañeda",laboriosam,Madagascar
Bueno S. R.L. de C.V.,illum,República Árabe Siria
Nevárez S. R.L. de C.V.,quibusdam,Sudán
Despacho Casas-Roybal,illo,Letonia
Estévez y Jáquez y Asociados,vitae,Canadá
Laboratorios Lozano y Monroy,officia,Irán
Gálvez S.C.,natus,Cabo Verde
Puente y Barragán S.C.,tenetur,Tuvalu
Corporacin Caldera y Villanueva,dicta,Kiribati
Laboratorios Sisneros y Corral,occaecati,Letonia
"Rivera, Razo y Magaña",minus,Israel
Corporacin Carreón y Vaca,porro,Nueva Zelandia
Industrias Carvajal-Bueno,consequatur,República Árabe Siria
Velázquez y Guevara e Hijos,neque,Dominicana
"Dueñas, Vélez y Trujillo",fugit,Tailandia
Laboratorios Barajas-Osorio,occaecati,Bosnia y Herzegovina
Club Canales y Bernal,molestias,Croacia
Barrios y Puente y Asociados,eveniet,República Democrática del Congo
Proyectos Vergara-Sauceda,harum,Finlandia
Proyectos Olivo-Delgado,dolorum,Chile
Serna y Asociados,sequi,Niger
"Jaime, Navarrete y Barrios",delectus,Chipre
Sauceda y Gálvez y Asociados,odit,Irán
"Proyectos Arteaga, Maldonado y Bonilla",repellendus,Samoa
"Despacho Lebrón, Hinojosa y Alva",illo,Estados Unidos de América
"Pedraza, Esparza y Granados",consectetur,Uruguay
Corporacin Martínez y Gil,doloremque,Mongolia
Velásquez-Batista S.A. de C.V.,soluta,Burkina Faso
"Rivera, Medina y Nevárez",occaecati,República Democrática Popular Lao
Escobedo y Granado A.C.,magni,Chile
Barreto S.C.,mollitia,Croacia
Godoy-Vega,tempore,República Popular Democrática de Corea
Negrete S.A.,illo,Hungría
Ornelas S. R.L. de C.V.,sequi,Luxemburgo
Delgadillo y Jimínez S.C.,quidem,Belarús
Torres e Hijos,consectetur,Kiribati
"Despacho Martínez, Aragón y Briseño",provident,Omán
Quintero-Almonte y Asociados,libero,Armenia
Laboratorios Maya-Ferrer,quae,Indonesia
Olivera-Molina S. R.L. de C.V.,deserunt,Nigeria
Despacho Espinosa-Ybarra,nam,República Democrática Popular Lao
Industrias Peres-Iglesias,labore,Eritrea
Medina y Cabán S.A. de C.V.,alias,Irlanda
Aponte-Valentín y Asociados,molestiae,Senegal
Rivera S. R.L. de C.V.,iure,Azerbaiyán
Alcala y Salcido S.A.,quae,Argentina
Grupo Báez y Rubio,expedita,Estados Unidos de América
Rivas-Hernandes y Asociados,quisquam,Paraguay
"Laboratorios Salas, Zarate y Robledo",rerum,Mónaco
Corporacin Acuña-Adame,vero,Liechtenstein
Fuentes y Gómez S.A. de C.V.,itaque,Italia
Alejandro y Asociados,quasi,Portugal
Madrid-Arriaga S.A. de C.V.,maiores,El Salvador
"Grupo Irizarry, Padilla y Vergara",amet,Azerbaiyán
Industrias Aguirre-Bravo,voluptatem,Hungría
Vera y Bustos e Hijos,rerum,Bolivia
Industrias Guevara y Menéndez,dolore,Fiji
"Abrego, Roybal y Nava",odit,Bulgaria
Murillo-Villa,ut,Belarús
Proyectos Tamez y Longoria,optio,Rwanda
Gracia y Bermúdez S.A.,praesentium,Islandia
Club Lugo y Moreno,error,Cuba
de la Fuente S.C.,aut,Guatemala
Zelaya S.A. de C.V.,nobis,Camerún
Quiroz A.C.,libero,Grecia
de León e Hijos,facere,Rumania
Benítez e Hijos,veniam,Tonga
Villegas S.C.,iste,Timor-Leste
Corona y Fernández S.C.,sapiente,Irán
Laboratorios Quintanilla y Lozada,dignissimos,Dinamarca
Palomo-Regalado A.C.,eaque,Samoa
Marrero-Rivero e Hijos,deleniti,Iraq
Proyectos Cortez-Sarabia,vero,República Federal Democrática de Nepal
Trujillo-Peralta,ea,Ucrania
Industrias Carbajal y Gracia,id,Marruecos
de Anda-Zavala y Asociados,assumenda,Israel
Alarcón y Lozano S. R.L. de C.V.,voluptatibus,Tayikistán
Oquendo S.A. de C.V.,ex,Libia
"Despacho Moreno, Griego y Ríos",doloremque,San Marino
"Alva, Nieves y Laboy",iste,Arabia Saudita
Corporacin Benavides-Rosas,saepe,Bangladesh
Puga-Pizarro S.A. de C.V.,optio,San Marino
Meraz-Casares,quod,Yemen
Industrias Cornejo-Segovia,asperiores,Mauritania
"Industrias Alejandro, Delgadillo y Reséndez",aut,Irlanda
Farías S. R.L. de C.V.,odio,Estonia
Alcaraz-Porras,molestiae,San Vicente y las Granadinas
"Medrano, Castillo y Luna",minima,República Unida de Tanzanía
Hernández y Naranjo y Asociados,ratione,Nueva Zelandia
"Industrias Rascón, Riojas y Limón",eos,Bhután
Tejada y Zapata e Hijos,a,El Salvador
"Quesada, Herrera y Vélez",magnam,Cuba
Alcaraz-Aguilar A.C.,consequatur,Filipinas
"Grupo Lucero, Hinojosa y Escobar",possimus,Granada
Zamora-Alfaro,sunt,Seychelles
Arellano-Arce,dolorem,Zambia
Bermúdez-Mejía,dolor,Congo
Ocasio-Altamirano S.C.,error,Swazilandia
"Juárez, Vela y Corona",cumque,Líbano
Piña A.C.,molestiae,Guatemala
Proyectos Loera y Muro,deleniti,Togo
Industrias Castro-Anaya,perferendis,Malasia
Vega-Téllez S. R.L. de C.V.,rerum,Austria
Corporacin Tejada y Valenzuela,voluptate,Eslovaquia
Proyectos Limón-Tovar,sunt,Bolivia
Casas-Tejeda S.A. de C.V.,voluptates,Bahrein
Almaraz-Montalvo A.C.,omnis,Seychelles
Becerra y Gallardo S.A. de C.V.,aperiam,Montenegro
"Guzmán, Barela y Pizarro",unde,Kuwait
"Corporacin de la Rosa, Santacruz y Cervantes",at,India
Abreu y Ortiz S.A.,nostrum,Congo
Gastélum-Adame S.C.,repellendus,República Federal Democrática de Nepal
Alba-Berríos e Hijos,ipsam,Azerbaiyán
Club Urbina-Matías,aut,Malta
Flores-Oquendo,consequatur,Rwanda
Soliz y Villanueva A.C.,consequatur,República Checa
Castro S.A.,id,Filipinas
"Club Casares, Godoy y Hernández",suscipit,México
Montemayor S.A. de C.V.,soluta,República Democrática del Congo
Olvera-Malave e Hijos,nesciunt,Sierra Leona
"Proyectos Aragón, Mojica y Zamudio",perspiciatis,Mauricio
Villaseñor y Carrero S.C.,optio,Guinea Ecuatorial
"Vela, Longoria y Tafoya",ducimus,Camboya
Covarrubias-Rincón,quibusdam,Malta
Soto-Calderón S. R.L. de C.V.,voluptatem,Kenya
Ramos-Domínguez,optio,Chipre
Saiz-Amaya,fuga,República Centroafricana
Club Guardado-Ponce,sint,Djibouti
Laboratorios Velázquez-Aguayo,nisi,Bahrein
Corporacin Rodríguez y Delgadillo,adipisci,República Popular Democrática de Corea
Díaz-Collado,molestiae,Líbano
"Despacho Rodríquez, Valle y Negrete",dignissimos,Túnez
Laboratorios Córdova y Munguía,quam,Colombia
Casárez y Tijerina S.A. de C.V.,illo,Indonesia
Tapia e Hijos,unde,Barbados
Despacho Tafoya-Llamas,recusandae,Dominicana
Despacho Yáñez-Mascareñas,tempore,Eslovaquia
Merino S.A. de C.V.,sed,Ghana
Zúñiga y Téllez A.C.,fugiat,Barbados
"Sosa, Madrid y Guardado",delectus,Sudáfrica
Laboratorios Dueñas y Bernal,fuga,Irán
Bañuelos S.A. de C.V.,omnis,Kenya
Industrias Juárez-Salgado,quibusdam,Santa Lucía
Noriega y Alvarez S. R.L. de C.V.,nemo,Gabón
Montes A.C.,molestiae,Haití
"Corporacin Montoya, Feliciano y Vega",nesciunt,España
Proyectos Carbajal y Valdivia,unde,Eslovenia
Solorio A.C.,dolorem,Eritrea
Proyectos Tafoya-Henríquez,quam,Rumania
Corporacin Alcala-Vela,provident,Grecia
Henríquez S.A.,inventore,Micronesia
Luna-Hernádez S.C.,modi,Estados Unidos de América
Valadez-Ibarra,possimus,Seychelles
de la Torre-Zelaya,iure,Suriname
"Corporacin Merino, Ordóñez y Núñez",animi,Belarús
Madrid-Rivas,ab,Canadá
Grupo Reyna-Lovato,corrupti,República Árabe Siria
Corporacin Arroyo y Ruelas,minima,San Vicente y las Granadinas
Chapa-Hernádez,laboriosam,Santa Lucía
Pichardo y Franco S.A. de C.V.,aliquid,Japón
Pineda-Quiroz S.A. de C.V.,minima,Brunei Darussalam
Industrias Solano y Mota,eius,Filipinas
"Industrias Ponce, Reyes y Zepeda",laudantium,Sri Lanka
"Grupo Pedroza, Santana y Carrillo",accusantium,Malta
"Grupo Castillo, Aranda y Raya",ipsa,Omán
Villagómez y Ceja S.C.,tempore,República Democrática del Congo
Proyectos Aranda-Martínez,aliquid,Marruecos
Velázquez y Asociados,consectetur,Timor-Leste
Laboratorios Galindo-Gaona,iste,Honduras
"Industrias Ceballos, de la Torre y Valadez",voluptatem,Santo Tomé y Príncipe
Cortés-Roque A.C.,architecto,Santa Lucía
Regalado-Hidalgo,perferendis,Argentina
Nieves-Solorio,quia,Nigeria
Industrias Gallegos y Montero,tempore,Guinea Bissau
Grupo Saavedra y Arce,praesentium,Tonga
"Laboratorios Nieto, Vargas y Partida",vitae,Montenegro
Proyectos Rodríguez y Arellano,distinctio,Bangladesh
Limón y Bañuelos y Asociados,eius,República Centroafricana
"Grupo Robledo, Rosales y Rolón",perferendis,Egipto
Luna S.C.,commodi,Tonga
Colunga y Lozada S. R.L. de C.V.,at,Malawi
Industrias Benavides y Garza,deserunt,República Dominicana
"Vallejo, Amador y Guevara",culpa,Montenegro
Prieto-Mateo S. R.L. de C.V.,esse,Uzbekistán
Ornelas-Gonzales S.C.,corporis,Namibia
Gallardo-Regalado S.C.,facere,Islas Marshall
Nevárez S.C.,impedit,Indonesia
"Proyectos Maestas, Casas y Yáñez",ipsum,India
Pineda S.A. de C.V.,quaerat,Ghana
"Barajas, Segovia y Fonseca",ipsam,Islas Salomón
Club Alba y Holguín,quod,Uzbekistán
Rodarte-Casas,esse,Botswana
Club Quiroz-Rodríquez,alias,Islas Marshall
Club Baeza-Gaona,maiores,India
"Cordero, Mares y Núñez",magnam,Arabia Saudita
Zúñiga-Rendón S. R.L. de C.V.,provident,Senegal
Grupo Coronado-Espinosa,libero,Mónaco
Reyna S.A.,consectetur,Mozambique
Mojica y Asociados,pariatur,Senegal
Corporacin Cedillo-Leal,alias,Nauru
Merino y Chávez S.A.,natus,Costa Rica
Grupo López y Abreu,occaecati,Nueva Zelandia
Despacho Padrón-Varela,at,Cabo Verde
Patiño y Véliz S.A. de C.V.,nesciunt,Costa Rica
"Esquivel, Gallardo y Hernádez",quos,Islas Salomón
Despacho Carreón y Navarrete,eligendi,Nicaragua
Laboratorios Montaño y Posada,similique,Eritrea
"Industrias Arriaga, Limón y Ramos",deleniti,Kuwait
Alejandro-Zarate e Hijos,voluptatibus,Armenia
Rodríquez-Solorzano A.C.,sed,ex República Yugoslava de Macedonia
Coronado S.A.,sequi,Montenegro
"Garrido, Zapata y Zaragoza",perspiciatis,Liberia
Club Ruiz-Chávez,eveniet,Zambia
de la Fuente y Batista A.C.,voluptatibus,China
"Barraza, Munguía y Cuellar",omnis,Guinea Bissau
Club Pacheco-Echeverría,aperiam,Santo Tomé y Príncipe
Manzanares-Zelaya,hic,Vanuatu
Club Cordero-Montalvo,ipsam,Zimbabwe
Sisneros-Alonzo S. R.L. de C.V.,nam,Países Bajos
"Industrias Alonso, Pacheco y Armendáriz",nulla,Noruega
Arellano-Galván,nulla,Kuwait
Borrego-Tejada S.A. de C.V.,soluta,Kazajstán
Corporacin Porras-Prieto,vitae,Malawi
Rojo-Robles,beatae,Bolivia
Zedillo y Ozuna S.C.,possimus,República Democrática del Congo
Munguía y Rodrígez S.C.,vel,Mozambique
"Club Ortega, Medrano y Cintrón",nostrum,Croacia
Rodrígez A.C.,beatae,Haití
Villalpando S.A.,qui,Bangladesh
"Industrias Caballero, Sanabria y Pérez",ut,Gambia
Brito-Corona S.A. de C.V.,quae,Luxemburgo
Hernádez-Gamez e Hijos,natus,Malawi
Saavedra y Díaz e Hijos,debitis,Singapur
"Menéndez, Rojo y Tapia",reiciendis,Guyana
Vela-Valles,ipsam,Mozambique
Ceja-Salinas S. R.L. de C.V.,perferendis,Países Bajos
Club Esparza y Mayorga,necessitatibus,Lesotho
Avilés-Caraballo,saepe,Irlanda
Laboratorios Zapata y Porras,praesentium,Australia
Proyectos Bustos-Gaytán,nobis,Mauritania
Corporacin Páez-Candelaria,occaecati,Bahrein
"Macías, Huerta y Villanueva",hic,República Checa
Murillo y Torres e Hijos,rerum,Myanmar
Carvajal y Gastélum e Hijos,dolor,Ucrania
"Proyectos Rivera, Amaya y Valdez",dolores,Filipinas
"Laboratorios Feliciano, Zavala y Tamayo",numquam,República Unida de Tanzanía
Sanabria-Casas S.A.,eius,Dominicana
Gil-Cepeda,blanditiis,Portugal
"Industrias Aponte, Mercado y Barrera",aut,Azerbaiyán
Ríos-Granado,minima,República Unida de Tanzanía
Zúñiga S. R.L. de C.V.,est,Libia
Garibay-Reséndez,ipsam,Myanmar
Benavídez-Rosado,delectus,Luxemburgo
Maestas-Barrios S.A.,autem,Antigua y Barbuda
Grupo Negrete-Rocha,laborum,Italia
Loera-Limón A.C.,necessitatibus,Ucrania
Terrazas S.A. de C.V.,magni,México
"Carrillo, Henríquez y Bustamante",voluptas,Gabón
Quiñones-Enríquez S.A. de C.V.,assumenda,Kazajstán
Industrias Alarcón y Prado,fugiat,Ghana
Vallejo y Hidalgo y Asociados,vero,Suecia
Grupo Chapa-Gaitán,eius,Iraq
"Hurtado, Vázquez y Montaño",at,Samoa
Despacho Patiño-Rentería,in,Comoras
"Patiño, Orozco y Alarcón",voluptas,Noruega
"Perea, Zambrano y Carrera",tempore,Jordania
"Sandoval, Godínez y de la Rosa",sunt,Barbados
Club Molina-Gálvez,soluta,Suriname
"Laboratorios Polanco, Verdugo y Jasso",optio,Islas Salomón
"Grupo Prieto, Barela y Oquendo",sit,México
Rivas y Alvarez S.A. de C.V.,nihil,Madagascar
Rojo y Asociados,aperiam,Estonia
Sierra-Hernandes S.A.,quis,Tuvalu
Club Valverde y Ortiz,illum,China
Matos y Niño S.C.,aliquid,Liechtenstein
Valentín-Enríquez A.C.,velit,Países Bajos
Arellano e Hijos,impedit,Papua Nueva Guinea
Despacho Mascareñas y Solano,sed,Belarús
Corporacin Tamez-Chavarría,sapiente,Guatemala
Ceballos-Salgado,consectetur,Guinea Ecuatorial
"Elizondo, Girón y Linares",harum,Eslovenia
Proyectos Berríos-Corral,excepturi,China
Laboratorios Solís-Vélez,doloremque,Chad
Paz-Samaniego,magnam,Alemania
Mendoza S.A. de C.V.,recusandae,Suecia
Laboratorios Meléndez y Prado,amet,Perú
Mascareñas-Colón e Hijos,voluptatem,República Dominicana
Ortega y Granado S.C.,minus,Mónaco
Porras-Villareal,vel,Alemania
Gaytán S.C.,cumque,Honduras
"Valdez, Alonzo y Granados",aspernatur,Estonia
Industrias Garibay-Cabán,voluptatum,Hungría
Durán y Padrón e Hijos,laudantium,Francia
López y Asociados,expedita,Armenia
del Río y Hernández A.C.,possimus,Irlanda
Industrias Sotelo y Brito,iusto,Samoa
Crespo e Hijos,ut,Honduras
"Gurule, Irizarry y Roldán",nobis,República de Corea
Naranjo-Rincón,veritatis,Myanmar
Padilla y Saldaña S.A.,harum,Israel
Corporacin del Valle y Bahena,modi,Turkmenistán
Corporacin Morales-Haro,asperiores,Costa Rica
Laboratorios Heredia-Mora,placeat,España
Grupo Gurule y Lara,facere,Kiribati
Irizarry y Reséndez S.A.,quibusdam,Malta
Club Olvera y Farías,placeat,Malasia
Orozco-Orta,aperiam,Bélgica
Proyectos Vigil-Santacruz,corporis,Bulgaria
Laboratorios Casas-Alva,fugiat,Irlanda
Ontiveros S.A. de C.V.,quidem,Nigeria
Corporacin Solano y Alcala,odit,Sri Lanka
"Industrias Candelaria, Medrano y Zambrano",perferendis,Comoras
Carranza y Navarro e Hijos,repellat,Liechtenstein
Piña-Hinojosa S.C.,ipsam,Bangladesh
"Despacho Jurado, Angulo y Padrón",ipsa,Santa Lucía
Pedroza-Cabán,amet,Sudán del Sur
Puga S.A. de C.V.,provident,Tonga
Quiñónez-Echeverría S.C.,impedit,Estonia
Arredondo y Palomo S.A.,natus,Marruecos
Proyectos Gonzales y Nava,aliquam,Austria
Muñoz S. R.L. de C.V.,quibusdam,Islas Marshall
Zavala S. R.L. de C.V.,quasi,Suecia
"Juárez, Arreola y Terán",voluptatum,Bosnia y Herzegovina
Cabán-Covarrubias e Hijos,impedit,Eslovenia
Echeverría S.A. de C.V.,quae,Bolivia
Meraz y Benavides S.C.,earum,México
Lozano S. R.L. de C.V.,molestias,Bangladesh
Murillo y Tórrez y Asociados,quos,Eritrea
"Pineda, Mateo y Rosas",totam,Santo Tomé y Príncipe
Grupo Maya y Rendón,blanditiis,Portugal
Proyectos Toledo y Burgos,iure,San Vicente y las Granadinas
Industrias Granado y Luna,hic,Maldivas
"Grupo Benítez, Cuellar y Mascareñas",quae,Finlandia
Barrios e Hijos,impedit,República Dominicana
"Parra, Bonilla y Casillas",cum,Islandia
Arriaga-Maya,modi,Senegal
Villegas-Rosales,blanditiis,Etiopía
Nieves y Valentín A.C.,reprehenderit,Burundi
Baeza-Valdez,nemo,Malta
Aguayo S. R.L. de C.V.,quidem,Jamaica
Hidalgo-Soliz,quis,Madagascar
Corona-Colón A.C.,sit,Federación de Rusia
Club Mata-Manzanares,corporis,Yemen
Grupo de la Rosa y Suárez,labore,Reino Unido de Gran Bretaña e Irlanda del Norte
Camacho-Arellano,unde,Uruguay
"Sandoval, Pacheco y Osorio",neque,Suriname
Yáñez-Valdez S.A.,temporibus,Samoa
"Hinojosa, Curiel y Barragán",accusantium,Emiratos Árabes Unidos
"Granados, Cabán y Díaz",ipsum,Afganistán
Corporacin Sánchez-Carreón,explicabo,Marruecos
"Saldaña, Carreón y Campos",harum,Afganistán
Rangel y Alva S.A. de C.V.,necessitatibus,Belice
Flores S.A.,tempore,Somalia
Ledesma-Villaseñor,modi,Mónaco
Pedroza S.A. de C.V.,sit,Indonesia
Club Rico y Prieto,qui,Kenya
"Valdez, Chapa y Morales",aliquid,Costa Rica
Orozco S. R.L. de C.V.,sint,Panamá
"Laboratorios Casillas, Vásquez y Aponte",quas,Grecia
Ávila-Tafoya S. R.L. de C.V.,repudiandae,Letonia
Nava-Castañeda S.A. de C.V.,animi,Costa Rica
Industrias Granados y Bustos,veritatis,Bahamas
Griego-Valdez,assumenda,Guatemala
Verdugo S.C.,sed,Micronesia
Espinoza A.C.,veniam,República Unida de Tanzanía
Lomeli-Zambrano,distinctio,Nauru
Arreola S. R.L. de C.V.,aliquam,México
"Meléndez, Arreola y Montez",temporibus,Mauritania
"Grupo Collado, Ledesma y Barraza",qui,Rwanda
Laboratorios Partida y Quiñones,eius,Emiratos Árabes Unidos
"Grupo Ruelas, Venegas y Riojas",officiis,Singapur
Despacho Juárez-Pizarro,ad,Somalia
"Rodríquez, Chavarría y Velasco",exercitationem,Guinea Ecuatorial
"Laboratorios Zepeda, Maya y Corral",accusantium,España
Valencia S.C.,cum,Eritrea
Zaragoza-Orozco A.C.,commodi,Costa Rica
"Jaimes, Arguello y Bahena",alias,Sudán
Ozuna-Alfaro,officiis,Croacia
Proyectos Arreola y Collado,commodi,Fiji
Jaimes y Pizarro S.A.,sit,Dominicana
Sánchez-Villarreal S.A. de C.V.,voluptas,Nauru
"Ureña, Saldaña y Ruelas",nam,Sudán del Sur
"Laboratorios Yáñez, Alvarado y Vaca",at,Mozambique
Corporacin Botello-Ibarra,porro,Austria
Gutiérrez y Velasco S.C.,eius,Bahamas
Moya-Benavídez,pariatur,Sri Lanka
Sauceda-Brito,totam,Gambia
Rodrígez e Hijos,nisi,Pakistán
Valverde y Solís S.A.,officia,Líbano
"Grupo Díaz, Escobedo y Solís",cumque,Benin
"Osorio, Casares y Santiago",minus,Barbados
Alvarado S. R.L. de C.V.,voluptates,República Checa
Limón-Batista S.A.,quos,Malta
Despacho Piña y Jurado,incidunt,Guinea Ecuatorial
Huerta S.C.,et,República Federal Democrática de Nepal
"Grupo Valle, Ruelas y del Valle",non,Estonia
Despacho Alemán y Cortés,nulla,San Vicente y las Granadinas
Alonzo S.A.,consequuntur,Pakistán
"Industrias Bustamante, Benavides y Delgadillo",cupiditate,Luxemburgo
"Laboratorios Marín, Casares y Valverde",numquam,Granada
Despacho Arroyo-Velasco,reiciendis,Granada
Velásquez y Roldán A.C.,ipsa,Reino Unido de Gran Bretaña e Irlanda del Norte
"Arguello, Benavídez y Duarte",fuga,Libia
Mateo S.C.,iusto,Paraguay
de la Garza S.A.,a,Swazilandia
Gamez-Laboy S.C.,placeat,Irlanda
"Menéndez, Dávila y Naranjo",dolorem,Turquía
Valenzuela y Orta S.A.,ut,Paraguay
Escobar-Navarrete,repellendus,Botswana
Maldonado y Asociados,rem,Guinea
Alonso-Corrales y Asociados,doloribus,Zambia
Archuleta e Hijos,saepe,Suiza
"Proyectos Madrigal, Calderón y Espinosa",dignissimos,Paraguay
"Club Fernández, Menchaca y Gallegos",quos,Vanuatu
Arteaga-Mejía,deleniti,Bangladesh
Gómez y Olvera S.A.,dolor,República de Corea
"Sotelo, Vera y Parra",quas,Uruguay
Corporacin Guajardo-Carreón,sequi,Etiopía
"Corporacin Espinoza, Vázquez y Palomino",repudiandae,Croacia
Serrano-Velasco y Asociados,adipisci,India
Gamboa y Villa S.C.,dolores,San Marino
Industrias Ulloa y Verdugo,aspernatur,Francia
Pulido-Coronado,consequuntur,Sudán
Muñoz A.C.,nulla,Francia
Cervántez e Hijos,placeat,República Democrática Popular Lao
"Grupo Sánchez, Castillo y Cordero",nemo,Guatemala
"Macías, Solorio y de la Torre",reprehenderit,Ucrania
Casárez S.C.,dolorem,Burkina Faso
Figueroa y Enríquez S.C.,ex,República de Moldova
Niño-Naranjo,facere,Fiji
Salcido-Fernández,at,Maldivas
Proyectos Avilés-Avilés,aliquam,Eslovenia
Despacho Rael y Marrero,iusto,Albania
Borrego y de la Rosa S.A. de C.V.,debitis,Estonia
Club Gil-Villanueva,magni,Timor-Leste
Pabón-Roque,veniam,México
"Proyectos Corrales, Pacheco y Carrión",voluptatum,Afganistán
Villa y Esquivel S.A. de C.V.,numquam,Colombia
Aparicio S.A.,odit,Djibouti
"Industrias Maestas, Patiño y Vaca",suscipit,República Democrática del Congo
Grupo Fierro y Carrión,labore,República Checa
Carbajal y Ontiveros e Hijos,voluptates,República Unida de Tanzanía
Esparza-Regalado A.C.,consequatur,Rwanda
Jimínez S.C.,velit,República de Corea
Casillas S.C.,cumque,Micronesia
Alfaro y Echeverría A.C.,fuga,Antigua y Barbuda
"Morales, Espinoza y Trujillo",voluptates,Croacia
Macías-Mota,quisquam,Marruecos
"Despacho Bravo, Zelaya y Jasso",non,Albania
Vallejo-Cortés,possimus,Chipre
"Carranza, Zaragoza y Carrero",voluptates,Libia
Corporacin Alejandro-Saldaña,quisquam,Nauru
Méndez-Alfaro A.C.,odit,Uruguay
Guillen S. R.L. de C.V.,odit,Belarús
Corporacin Casas y de la Torre,fuga,Côte d'Ivoire
"Corporacin Gómez, Villanueva y Alemán",repellendus,Gambia
Camarillo S.A.,soluta,Islandia
Concepción-Pacheco S.A.,in,Costa Rica
"Tovar, Beltrán y Escalante",magni,Croacia
Club Nazario y Ybarra,dolor,Micronesia
"Laboratorios Ortiz, Garica y de la Fuente",optio,Federación de Rusia
"Balderas, Zedillo y Llamas",quos,Gabón
de Anda-Carbajal S. R.L. de C.V.,quis,Montenegro
Corporacin Gastélum y Alva,odio,Suiza
Maya-Girón,porro,República Democrática del Congo
Badillo S.A. de C.V.,ut,Gabón
Loya-Salcido A.C.,sed,Botswana
Negrón-Arreola y Asociados,voluptas,Nauru
Castellanos S.C.,quisquam,Nigeria
"Corporacin Gálvez, Guardado y Menchaca",incidunt,Samoa
"Samaniego, Vega y Quintanilla",dolore,Burkina Faso
Proyectos Arce-Alonzo,nihil,Liberia
Carrillo y Girón S. R.L. de C.V.,commodi,Países Bajos
Carrasco S. R.L. de C.V.,architecto,Dominicana
Corporacin Paredes-Sauceda,laudantium,Zimbabwe
Gonzales S. R.L. de C.V.,similique,Comoras
Club del Río-Llamas,est,Egipto
Olivo-Segovia,a,México
Corrales-Alonso e Hijos,soluta,Barbados
Amador-Segovia,similique,Nauru
Proyectos Alcala y Gaytán,consequuntur,Burundi
"Corporacin Ruelas, Armenta y Almonte",accusantium,Lesotho
"Navarro, Vallejo y Ramón",laudantium,Tailandia
Industrias Nieto-Quiñónez,sed,República Checa
"Despacho Brito, Perea y Curiel",maxime,Belarús
Segovia-Velasco,molestias,Kenya
"Proyectos Rodríguez, Ayala y Delgadillo",qui,Islas Marshall
"Club Heredia, Espinosa y Serrato",minima,Países Bajos
Ramírez-Barela S. R.L. de C.V.,unde,Barbados
Industrias Fuentes-Gaitán,in,Venezuela
Holguín-Espinal,excepturi,Botswana
Garay-Llamas,hic,Palau
Fierro-Trejo y Asociados,cum,Swazilandia
"Corporacin Lira, Zambrano y Sarabia",hic,República Checa
Proyectos Navarro-del Valle,neque,Singapur
Alvarez S. R.L. de C.V.,ullam,Austria
Bueno e Hijos,perferendis,Turquía
"Nava, Guevara y Tirado",officiis,Bangladesh
"Proyectos Angulo, Cabán y Véliz",sunt,Namibia
Olivas-Reyna e Hijos,exercitationem,Barbados
Leal y Gonzales y Asociados,non,Trinidad y Tabago
Grupo Briseño y Mascareñas,porro,Tayikistán
"Barragán, Solís y Cotto",minima,Guinea Ecuatorial
Vigil-Rodríquez,fugit,Micronesia
"Meraz, Vega y Aguilera",nulla,Paraguay
"Borrego, Negrón y Baeza",minus,Marruecos
Salgado-de la Rosa,assumenda,Belarús
Despacho Quesada-Feliciano,aperiam,Hungría
Galván-Carranza S.A. de C.V.,id,Paraguay
Guardado e Hijos,suscipit,Belarús
Grupo Rodríguez y Terrazas,tempora,Túnez
"Rojo, Carrasco y Malave",mollitia,Gambia
Magaña S.A.,labore,Mali
Barajas y Casillas S.A.,fuga,Líbano
Laboratorios Canales-Villarreal,sit,Azerbaiyán
Marín-Gil S.A.,eum,Yemen
Puente y Alonzo A.C.,assumenda,Noruega
Pineda-Salgado A.C.,minima,República Democrática del Congo
Laboratorios Pabón-Jiménez,natus,Colombia
Laboratorios Galindo y Griego,architecto,Lituania
Despacho Sepúlveda y Casanova,vitae,Papua Nueva Guinea
Luevano S.C.,dicta,Tuvalu
Despacho Aguilar-García,optio,Camerún
Proyectos Caraballo-Fernández,perferendis,Congo
Grupo Elizondo y Dávila,beatae,Eslovaquia
"Perales, Vallejo y Verdugo",eligendi,Suriname
Magaña-Lugo,repellendus,España
Despacho Otero y Regalado,dolor,El Salvador
Proyectos Ocasio-Espinosa,nulla,Países Bajos
Tamez-Villarreal,non,Líbano
Proyectos Alcala-Acevedo,ipsa,Luxemburgo
Ibarra S.A.,optio,Comoras
Corral-Tello y Asociados,at,San Marino
Bernal-Carranza S.A. de C.V.,debitis,Guatemala
"Laboratorios Solorzano, Preciado y Olmos",aliquam,Uganda
Ríos e Hijos,necessitatibus,Sierra Leona
"Zamora, Enríquez y Carrero",commodi,Seychelles
"Nevárez, Rael y Vigil",maiores,Vietman
Grijalva S.C.,nulla,Swazilandia
Laboratorios Carmona y Escobar,consequuntur,Togo
Laboratorios Cortés y Navarro,illo,Botswana
"Viera, Briones y Barraza",quia,Afganistán
Olmos-Anaya,ipsa,Canadá
"Despacho Vera, Rangel y Amador",quod,Bélgica
Huerta-Chacón,excepturi,Bolivia
Marín-Quiroz,eveniet,Islas Marshall
Morales y Villalpando e Hijos,corrupti,Argelia
Guerrero-Tapia,nulla,Francia
Castro-Abreu S.A. de C.V.,itaque,Kazajstán
Escobedo-Camarillo,architecto,Iraq
"Proyectos Rocha, Aponte y Cortés",rerum,Guinea Bissau
Muñiz A.C.,eaque,Chad
Orozco-Duarte S. R.L. de C.V.,magni,San Marino
"Tamez, Villalpando y Sosa",iusto,Nicaragua
Segura y Loera e Hijos,consequuntur,Guinea Bissau
"Laboratorios Matías, Cantú y Segura",eos,Sudán del Sur
Razo y Asociados,blanditiis,Saint Kitts y Nevis
Mena y Meraz e Hijos,nobis,Libia
"Otero, Cabrera y Briones",perspiciatis,Islas Salomón
"Guajardo, Amaya y Benavídez",nobis,Kiribati
Amador-Palacios S.A.,quod,Alemania
Maya-Jaime S. R.L. de C.V.,nemo,Portugal
Parra-Mayorga,nesciunt,Lituania
"Corporacin Olivo, Carrión y Zamora",pariatur,Namibia
Quintero-Méndez,eaque,Albania
Echeverría-Cabrera A.C.,accusamus,Israel
Orozco S.A. de C.V.,provident,Panamá
Leal-Cervántez,tempore,Belice
"Lemus, Medina y Villaseñor",dolor,Islas Salomón
Despacho Carrera-Muro,possimus,México
Despacho Tovar-Venegas,eaque,Jordania
Tórrez e Hijos,iusto,Zimbabwe
"Méndez, Otero y Ulloa",neque,Jordania
Cruz-Botello,ducimus,Kenya
Proyectos Loera y Benavídez,dolore,Guinea Ecuatorial
"Grupo Colunga, Ponce y Malave",fugit,Irlanda
Castillo-Martínez,aliquid,Polonia
"Despacho Villalpando, Cornejo y Quezada",at,Fiji
"Terán, Centeno y Duarte",inventore,Islandia
Polanco-Vega S.A.,esse,Chad
"Serrano, Lovato y Samaniego",aut,Nigeria
Club Bustos y Collazo,reprehenderit,Federación de Rusia
Industrias Garay-Briones,ullam,República de Corea
Vélez y Urrutia S.C.,delectus,Burkina Faso
"Chavarría, Lerma y Saucedo",asperiores,Finlandia
Perea-Mascareñas S. R.L. de C.V.,tempora,Somalia
Corporacin Aguilar y Hernandes,hic,Djibouti
Mascareñas y Gálvez S.C.,voluptatum,Mozambique
Ferrer S.A.,quibusdam,Yemen
Batista-Olivares,magnam,Luxemburgo
Peña y Asociados,voluptates,Sudáfrica
Club Olivas y Gaytán,est,Luxemburgo
Despacho Limón-Arellano,et,Serbia
"Corporacin Soliz, Maldonado y Ornelas",vero,Tuvalu
Villalpando S.A. de C.V.,quod,Países Bajos
"Club Ocasio, Brito y Tijerina",inventore,Andorra
"Laboratorios Valladares, Escobar y Montemayor",blanditiis,Honduras
"Burgos, Carrasco y Tijerina",consectetur,Brunei Darussalam
Despacho Lemus-del Río,nostrum,Qatar
Proyectos Contreras y Rubio,dolorum,Irán
Iglesias y Benítez S.C.,possimus,Perú
"Proyectos Barrera, Montez y Barrientos",ipsam,Kenya
Rosales S.C.,fugiat,República Checa
"Soria, Jaime y Villegas",provident,República de Moldova
"Patiño, Gastélum y Aponte",labore,Seychelles
Proyectos Garza-Esquibel,incidunt,Bhután
Escalante-Marroquín S.A.,ad,Comoras
Grupo Riojas y Rosales,eaque,Finlandia
Velázquez-Tirado S.A.,unde,Chad
"Club Rodríquez, Terrazas y Feliciano",excepturi,Emiratos Árabes Unidos
Casares y Sáenz S. R.L. de C.V.,quibusdam,Andorra
"Sierra, Portillo y Nevárez",aperiam,Estados Unidos de América
"Alba, Lemus y Urbina",necessitatibus,Albania
"Despacho Briones, Zapata y Arias",neque,Argelia
Nájera y Asociados,natus,Kazajstán
Enríquez-Mercado A.C.,deleniti,Bulgaria
"Laboratorios Menchaca, Frías y Yáñez",eos,Portugal
"Marrero, Meraz y Cisneros",modi,Luxemburgo
Delgadillo-Gaitán S.C.,aliquid,Venezuela
Canales-Sevilla S.C.,commodi,Lituania
Baeza-Vásquez S.C.,incidunt,Dominicana
Holguín y Cardenas A.C.,molestias,Reino Unido de Gran Bretaña e Irlanda del Norte
Padrón y Garay S.C.,dolorem,Georgia
"Mercado, Haro y Delgado",eum,Rumania
Moya-Delgado A.C.,sequi,Estados Unidos de América
Grupo Urbina y Guardado,eos,Rumania
Palomo-Alba,iusto,Sudán
Pedraza S.A.,voluptas,Micronesia
"Club Vargas, Zamora y Ruelas",praesentium,Filipinas
"Laboratorios Noriega, Arreola y Vega",hic,Nicaragua
"Arevalo, Fuentes y Hidalgo",quam,El Salvador
Pedroza y Villareal e Hijos,harum,Turquía
Quintanilla y Nájera y Asociados,exercitationem,Botswana
Girón e Hijos,quas,Dinamarca
Despacho Santana-Ramos,rem,Trinidad y Tabago
García y Sosa A.C.,perspiciatis,España
Despacho Caballero y Villareal,ipsum,Etiopía
Club Meza y Heredia,aliquam,Cuba
Industrias Montero y Caraballo,veritatis,República de Moldova
Grupo Hinojosa y Miranda,reiciendis,Trinidad y Tabago
Alemán y Asociados,cum,Reino Unido de Gran Bretaña e Irlanda del Norte
Castañeda e Hijos,maxime,República Checa
Balderas y Asociados,reiciendis,Argentina
"Olivares, Olivera y Pabón",perspiciatis,Palau
"Despacho Corral, Marroquín y Baeza",illo,Armenia
"Proyectos Corral, Meza y Benítez",eum,San Marino
Meza y Riojas S. R.L. de C.V.,eos,Italia
Benavídez-Toledo y Asociados,consequatur,Liechtenstein
Armendáriz-Santacruz,reprehenderit,Eritrea
Cardenas-Gracia,omnis,Arabia Saudita
Industrias Anaya-Ibarra,ducimus,Lesotho
Perea S.C.,optio,Turquía
Monroy-Montalvo,beatae,Andorra
Despacho Angulo y Hurtado,omnis,Turkmenistán
"Salas, Pichardo y Sauceda",corrupti,Mozambique
Nájera-Calvillo y Asociados,aperiam,Myanmar
Club Altamirano-Carranza,consequatur,Suecia
"Grupo Godoy, Madrigal y Rodrígez",temporibus,Camboya
Club Tapia-Orta,accusamus,República Democrática Popular Lao
Barraza y Asociados,itaque,Albania
Sarabia-Acosta S.A. de C.V.,sunt,Islas Marshall
Jaimes y Asociados,suscipit,Estonia
Sepúlveda y Arteaga S.C.,voluptates,Francia
Tovar y Sosa S.C.,itaque,Panamá
Grupo Galindo y Montes,quibusdam,Seychelles
Gracia A.C.,tenetur,Filipinas
Gallardo S.C.,id,Angola
Piña-Santiago e Hijos,quia,Mauricio
Solorzano-Gollum,inventore,Mozambique
Industrias de la Rosa y Ponce,nulla,Santo Tomé y Príncipe
"Madera, Sepúlveda y Adame",ut,Bahrein
"Club Robles, Gollum y Garay",veniam,Kuwait
Lebrón-Verdugo,libero,Bosnia y Herzegovina
Laboratorios Vallejo-Baeza,quisquam,Nueva Zelandia
Vásquez-Tapia S.A.,expedita,Guyana
Cardenas y Alonso S.C.,accusantium,Arabia Saudita
Uribe-Cano y Asociados,modi,República de Corea
Castillo S.A. de C.V.,tempora,Panamá
"Industrias Cordero, Laboy y Estévez",asperiores,Haití
Arellano y Aguirre S.A. de C.V.,aut,Eritrea
"Peralta, Hidalgo y Bañuelos",tempore,República Federal Democrática de Nepal
Canales-Esparza,facere,Tonga
"Proyectos Hinojosa, Preciado y Pelayo",quod,Rwanda
Laboratorios Aguirre-Valle,qui,Haití
Maya e Hijos,illo,Países Bajos
Olvera e Hijos,qui,Polonia
Ornelas-Barajas,culpa,México
Laboratorios Ibarra y Cuellar,aliquam,Kazajstán
"Industrias Robles, Quiroz y Rivera",quod,Suiza
Gallegos-Carrera S.C.,corporis,Kenya
Industrias Lebrón y Garrido,asperiores,Singapur
Despacho Reynoso y Rivero,quibusdam,Brunei Darussalam
Medrano-Olivo A.C.,ipsum,Bolivia
Laboratorios Domínguez-Ferrer,sapiente,República Democrática Popular Lao
"Corporacin Negrón, Delgadillo y Angulo",amet,Letonia
Rolón-Frías,qui,Belarús
Laboratorios Valdés-Ordóñez,repudiandae,Armenia
Verdugo S. R.L. de C.V.,impedit,Zambia
Barragán-Verdugo,excepturi,Finlandia
Industrias Vanegas-Arevalo,aut,Tailandia
"Solís, Ceja y Pabón",praesentium,Argentina
"Proyectos Gamez, Rico y Gálvez",vitae,Omán
Lomeli-Vélez A.C.,ullam,China
"Jaramillo, Mireles y Solorio",aut,Sudán del Sur
"Despacho Alemán, Viera y Monroy",quo,República Dominicana
Industrias Aparicio y Rodrígez,minima,Vietman
"Laboratorios Urrutia, de la O y Valadez",accusantium,Túnez
"Proyectos Robles, Corral y García",officiis,Emiratos Árabes Unidos
Ulloa y Serna S.A.,at,Luxemburgo
"Bonilla, Roybal y Méndez",laboriosam,Jamaica
Sepúlveda-Reséndez,delectus,Georgia
Quesada y Olivares S. R.L. de C.V.,illum,Croacia
"Acevedo, Botello y Cedillo",itaque,Sierra Leona
Almonte y Vega y Asociados,praesentium,Omán
Proyectos Espinoza y Portillo,tempora,Mónaco
Ramón-Colunga,laudantium,El Salvador
"Farías, Malave y Granado",commodi,Suiza
"de la Torre, Miramontes y Sepúlveda",natus,Madagascar
Industrias Cabrera y Téllez,necessitatibus,Indonesia
Proyectos Mojica-Ulibarri,incidunt,Myanmar
León-Ávila,nulla,España
Cazares-Alfaro y Asociados,possimus,Jamaica
Grupo Canales-Cardenas,ullam,Panamá
Rosales y García S.C.,blanditiis,Malta
Acevedo y Casares A.C.,fugiat,Côte d'Ivoire
Carrasco y Asociados,reprehenderit,Malta
Laboratorios del Valle-Murillo,eum,Serbia
"Laboratorios Rosas, Ojeda y Gurule",voluptates,Nauru
Laboratorios Griego y León,delectus,Brasil
Orosco-Navarrete S.C.,quod,Albania
Grupo Nájera-Perea,nihil,Yemen
"Industrias Cervántez, Valentín y Ocasio",itaque,Belarús
"López, Ceballos y Calvillo",sit,Guatemala
"Molina, Anguiano y Campos",fugiat,Bélgica
Nevárez-Brito S.A. de C.V.,tempore,Madagascar
"Zambrano, Venegas y Ocampo",sint,Perú
Laboratorios Canales y Velázquez,sequi,Eslovaquia
Enríquez-Aguilera,neque,Namibia
Caballero-Palomo y Asociados,ab,Austria
Club Rosas y Valenzuela,mollitia,Islas Marshall
Laboratorios Menéndez y Guzmán,earum,Emiratos Árabes Unidos
Laboratorios Báez-Camarillo,illo,Omán
Despacho Cordero-Domínguez,aperiam,Bangladesh
Laboratorios Galindo y Perea,sequi,Angola
"Laboratorios Leyva, Perea y Quezada",fugit,Vanuatu
Despacho Haro-Mesa,quas,Nicaragua
Rodríguez-Mateo,in,Jordania
Despacho Miramontes y Quiñones,harum,Santo Tomé y Príncipe
Laboratorios Lozada y Casares,repellat,Guinea Bissau
Corporacin Alemán y Castellanos,reiciendis,Saint Kitts y Nevis
Proyectos Márquez y Granados,neque,Jamaica
Rivera y Barrientos S.C.,sed,República Unida de Tanzanía
Despacho Valencia y Camacho,sunt,Perú
Zaragoza-Gálvez S.A. de C.V.,non,Estados Unidos de América
Cisneros y Asociados,reiciendis,Ghana
Laboratorios Gaytán-Alonso,officiis,Congo
"Velázquez, Alcaraz y Venegas",beatae,República Checa
Proyectos Cedillo-Limón,sunt,Suriname
Meraz-Burgos,minima,Brunei Darussalam
Laboratorios Montaño-de Anda,eaque,Rwanda
de León y Granado y Asociados,eos,Guinea Ecuatorial
Laboratorios Vera-Segura,iusto,Camboya
Despacho Apodaca y Trejo,reiciendis,Botswana
"Zamora, Alva y Solorio",fugiat,Vietman
Cavazos y Archuleta S. R.L. de C.V.,porro,España
"Grupo Sosa, Ocampo y Barragán",soluta,Ghana
Villegas-Longoria S.A. de C.V.,quod,Reino Unido de Gran Bretaña e Irlanda del Norte
Proyectos Escalante-Lugo,minima,Rumania
Escamilla-Escobar,veritatis,Paraguay
"Zelaya, Irizarry y Menéndez",laborum,Malasia
Pizarro y Asociados,mollitia,Islandia
Grupo Santacruz-Solano,consequuntur,Swazilandia
Muro-Mota e Hijos,voluptates,República Federal Democrática de Nepal
Zambrano S.A. de C.V.,sed,Bahrein
Nevárez e Hijos,repellendus,Reino Unido de Gran Bretaña e Irlanda del Norte
Saldivar-Mayorga,at,Argentina
"Club Casanova, Quintana y Espinal",repudiandae,Libia
"Camacho, Zavala y Alcaraz",repellendus,Botswana
Ocasio-Casares S.A. de C.V.,incidunt,Uzbekistán
Granado-Gil S.C.,voluptate,Belarús
Arriaga y Castellanos S.A.,reprehenderit,Mozambique
"Alvarado, Sanabria y Zayas",quas,Maldivas
"Apodaca, Moreno y Zamudio",ratione,Tonga
Corporacin Rentería y Oquendo,animi,Estonia
Industrias Burgos y de la Garza,rem,Zimbabwe
Corporacin Griego y Heredia,repudiandae,Jamaica
Corporacin Hernádez y Barreto,maxime,Turquía
Proyectos Sánchez-Acevedo,veritatis,Paraguay
Grupo Carranza y Prieto,quisquam,Panamá
Fernández S.C.,occaecati,Cabo Verde
Aguilera y Bernal A.C.,repudiandae,Honduras
"Laboratorios Gálvez, Collazo y Cervántez",corrupti,Togo
Urbina y Arreola A.C.,voluptate,Sierra Leona
Iglesias-Véliz,excepturi,Paraguay
Murillo y Zavala S.A.,numquam,Mauritania
Proyectos Pabón y Fernández,omnis,República Unida de Tanzanía
"Alba, Sepúlveda y Tijerina",similique,Guinea
"Club Galarza, Reséndez y Terán",temporibus,Congo
Ruelas-Maestas S.A.,ut,Ghana
Badillo-Barrios,magnam,Líbano
Urías-Malave S.A. de C.V.,neque,Brasil
Proyectos Serrato y Perales,sequi,Belarús
"Cavazos, Salcedo y Aguirre",eveniet,El Salvador
"Club Ornelas, Flórez y Colón",occaecati,Líbano
"Proyectos Gutiérrez, Feliciano y Castro",ducimus,Rwanda
Briseño-Archuleta,numquam,Sudán del Sur
"Cadena, Guardado y Palomino",ut,Kenya
Rendón S.C.,repellendus,Islas Salomón
Corporacin Uribe y Rivera,neque,Bosnia y Herzegovina
"Grupo Tamez, Zedillo y Bañuelos",eum,Suecia
"Proyectos Velasco, Juárez y Rivero",ullam,Países Bajos
Despacho Curiel y Guillen,est,Argentina
Castellanos e Hijos,labore,Guinea Bissau
"Rivas, Elizondo y Tejada",perspiciatis,Dominicana
de la Rosa y Gaitán A.C.,eveniet,República de Corea
"Industrias Carreón, Leyva y Guardado",quasi,Qatar
"Despacho Santillán, Baeza y Samaniego",facilis,Bolivia
Vaca-Páez,laborum,Montenegro
Club Escobar-Godínez,numquam,Lesotho
Corporacin Almanza-Anaya,quaerat,Qatar
Club Carmona-Cano,delectus,Palau
Avilés-Matías,id,Saint Kitts y Nevis
Aguirre-Lebrón,officia,Grecia
"Peralta, Cavazos y Muro",magni,Cuba
"Grupo Rendón, Soliz y Barrios",autem,Filipinas
Correa y Hernández S.A.,nobis,Dinamarca
"Altamirano, Gallegos y Santacruz",necessitatibus,Austria
Club Bernal y Ochoa,doloremque,República Unida de Tanzanía
"Laboratorios Magaña, Sierra y Casillas",odio,España
Ceballos S.A. de C.V.,eveniet,Egipto
Grupo Medina-Villaseñor,consequuntur,Bangladesh
Grupo Jáquez-Puga,tempora,Tuvalu
Razo-Valadez,sunt,Canadá
"Romo, Escalante y Zepeda",quo,Malawi
Laboratorios Terrazas-Saldaña,minus,Serbia
Proyectos Manzanares y Montañez,dolorem,Angola
Corporacin Ruiz-Rincón,quam,República de Corea
Sandoval y Cabán S.A.,tenetur,Panamá
"Despacho Griego, Rodrígez y Martínez",reiciendis,Sudán
"Sepúlveda, Cintrón y Soliz",laboriosam,Letonia
Corporacin Saavedra-Rolón,omnis,Mónaco
"Grupo Ferrer, Cadena y Sotelo",nisi,Uganda
Club Jurado y Jimínez,quam,Djibouti
Santana y Mares S.A. de C.V.,corrupti,Sudán del Sur
Vela-Espinosa,repudiandae,Cuba
Industrias Galarza y Montaño,doloribus,Congo
Escalante S.C.,autem,República Árabe Siria
Carreón S. R.L. de C.V.,numquam,Nauru
Burgos S. R.L. de C.V.,incidunt,Eritrea
Grupo Casas-Reynoso,velit,Serbia
Rivas-Gaytán S.A. de C.V.,aspernatur,Brasil
Limón-Mascareñas S. R.L. de C.V.,alias,Maldivas
Meléndez y Tafoya A.C.,sunt,Canadá
Parra y Lozano S.A.,minus,Zimbabwe
"Corporacin de León, Reyna y Urías",officiis,Afganistán
Flórez-Carrasco,veniam,Eritrea
Club Hidalgo-Beltrán,nihil,Chipre
Club Feliciano-Velásquez,magnam,Sudán del Sur
de la Fuente y Olivas S. R.L. de C.V.,dolore,Guatemala
Ferrer-Sosa S.A.,soluta,ex República Yugoslava de Macedonia
Molina y Ramírez e Hijos,adipisci,Guinea Bissau
Palomo y Ocampo S.A. de C.V.,recusandae,Yemen
Zelaya-Cervántez,libero,Sudáfrica
de la Garza e Hijos,tenetur,Australia
Chacón-Puga,expedita,Dominicana
Estrada-Arce S.C.,nihil,España
"Aguilera, Valdés y Rendón",omnis,Mauricio
de León-Suárez,labore,Brunei Darussalam
"Tejeda, Chavarría y Carrera",id,Dominicana
Industrias Rangel-Menéndez,error,Ucrania
Sauceda y Elizondo A.C.,asperiores,Croacia
Sanches-Barraza S. R.L. de C.V.,reiciendis,República Árabe Siria
"Club Fonseca, Merino y Monroy",quidem,Omán
Archuleta-de la Torre S.A. de C.V.,consequatur,Armenia
Cordero S.A. de C.V.,eligendi,Rumania
Club Fierro y Marín,atque,Suiza
Durán y Orta y Asociados,exercitationem,Uzbekistán
Rael-Curiel,fugiat,República Federal Democrática de Nepal
Industrias Tórrez y Camarillo,voluptas,Mongolia
Club Ávila-Madera,voluptas,Fiji
"Bétancourt, Vázquez y Sepúlveda",accusamus,Lesotho
Chapa y Alcántar S. R.L. de C.V.,cupiditate,Burkina Faso
"Manzanares, Meza y Suárez",dolorum,Congo
Club Muñoz y Camarillo,perspiciatis,Honduras
Industrias Soliz y Enríquez,vitae,Panamá
Ocampo-Parra S.A.,voluptatem,Bhután
Club Limón y Salgado,eaque,Serbia
Villalpando S. R.L. de C.V.,quam,República Dominicana
Roybal-Rangel,accusantium,Grecia
"Grupo Alva, Arroyo y Mateo",possimus,Guinea Ecuatorial
Cintrón S.A.,animi,Congo
Grupo Quiñones y Suárez,mollitia,Países Bajos
Laboratorios Valdés-Gaona,suscipit,Marruecos
Prado-Arteaga,molestias,Santo Tomé y Príncipe
"Villalobos, Carrero y Hernández",asperiores,Tailandia
Rosado-Lugo,dignissimos,Gabón
Industrias Espinosa-Olivas,nobis,Palau
"Club Esquibel, Bañuelos y Correa",esse,Eritrea
"Vázquez, Olmos y Peña",culpa,Sudán
Orozco y Solano y Asociados,ratione,Zimbabwe
Alcántar y Jaimes S.C.,assumenda,Argelia
Ruiz y Arroyo S. R.L. de C.V.,iusto,Guyana
Valenzuela S.A. de C.V.,rem,Grecia
Grupo Vallejo-Ortiz,assumenda,Liechtenstein
Iglesias y Roybal S. R.L. de C.V.,eius,Gambia
"Castro, Villalpando y Ochoa",ratione,República Popular Democrática de Corea
"Industrias Loera, Casanova y Miramontes",magnam,Madagascar
Pelayo-Aparicio,suscipit,Djibouti
Despacho Cantú y Peña,est,Uganda
Saavedra-Gurule y Asociados,veritatis,Suiza
Proyectos Colón y Pelayo,nisi,Mónaco
"Villarreal, Borrego y Núñez",repellendus,Fiji
Despacho Valle-Samaniego,sequi,Camerún
Ochoa-Castro S.A. de C.V.,dolorem,Islandia
Avilés S.A. de C.V.,laudantium,Bhután
Godoy A.C.,maiores,Estonia
Peres y Ávalos S.C.,ducimus,Palau
Grupo Puente-Villaseñor,similique,República Árabe Siria
del Río-Ocasio S. R.L. de C.V.,nulla,Japón
Valdez-Parra e Hijos,consequatur,Reino Unido de Gran Bretaña e Irlanda del Norte
Arce-Guajardo S. R.L. de C.V.,itaque,Irán
Arguello e Hijos,molestiae,Antigua y Barbuda
Rincón-Irizarry,quo,Guinea Ecuatorial
Industrias Castellanos-Quiñones,quo,Finlandia
Godoy-Otero A.C.,sunt,Tuvalu
Corporacin Casárez y Alemán,eaque,Letonia
"Club Cantú, Sarabia y Borrego",accusantium,Fiji
"Laboratorios Haro, Rosas y Cabrera",doloremque,Ghana
Polanco y Asociados,neque,República de Corea
"Polanco, Alcaraz y Balderas",deleniti,Egipto
Vanegas-Zedillo S.C.,ad,Sudán
Esquibel-Barela A.C.,ex,Belice
Laboratorios Marrero y Mascareñas,sit,Emiratos Árabes Unidos
Roldán-Páez y Asociados,quis,Jamaica
"Laboratorios Bueno, Rodríquez y Garza",dolorem,Chipre
Barrientos-Escamilla e Hijos,itaque,Portugal
Despacho Ramos-Palacios,alias,Francia
Marroquín S.A.,debitis,Liberia
Reyes y Posada S. R.L. de C.V.,accusamus,Omán
"Corporacin Hurtado, Sanches y Frías",harum,Gambia
"Grupo Mena, Solorio y Barrios",cum,Kuwait
Club Haro y Collazo,officia,Australia
Laboratorios Mercado y Mireles,libero,Kazajstán
Muñoz S.A. de C.V.,nesciunt,Chad
"Archuleta, Vázquez y Calderón",consectetur,Dominicana
Grupo Amaya y Muñiz,fugit,Eslovaquia
Llamas-Girón,dignissimos,Palau
Laboratorios Guzmán y Curiel,magni,Guatemala
Corporacin Arteaga y Valdivia,facilis,Guinea Bissau
Corporacin Ybarra y Cardenas,aut,Estonia
Laboratorios Leyva y Sisneros,quisquam,Burundi
Granado y Fierro S.A. de C.V.,maxime,Indonesia
Laboratorios Alvarado y Villarreal,sit,Croacia
Laboratorios Garibay y Manzanares,velit,Nauru
Heredia-Saucedo,consequatur,Cuba
"Grupo Baca, Montez y Mares",laborum,República Federal Democrática de Nepal
Hernández y Chacón A.C.,voluptates,Yemen
"Despacho Crespo, Curiel y Terrazas",eum,Belice
Tamez-Romo,rerum,Comoras
Montez S.C.,sunt,Tailandia
Alonzo y Carranza S.A.,aperiam,Vanuatu
Corporacin Quintero y Elizondo,repellat,Guyana
Cisneros e Hijos,est,Paraguay
Anguiano-Gamboa,aperiam,Letonia
Tijerina-Alcaraz S.A. de C.V.,dignissimos,Honduras
"Carranza, Villanueva y Carreón",neque,Omán
"Jasso, Moreno y Corrales",beatae,India
Industrias Pedraza-Acosta,consectetur,Malawi
Ibarra-García e Hijos,expedita,Serbia
"Grupo Rico, Ledesma y Padrón",eaque,Senegal
Club Coronado y Baeza,odit,Etiopía
Maldonado S. R.L. de C.V.,et,Bhután
Alvarado-Quiñónez,facere,Uganda
Laboratorios Molina-Blanco,impedit,Venezuela
Villa A.C.,expedita,Yemen
Club Gaitán y Vega,asperiores,Polonia
Bañuelos y Moreno A.C.,amet,República Popular Democrática de Corea
Corporacin Cedillo y Elizondo,nostrum,Rwanda
Solís-Cabán,quae,Sri Lanka
Industrias Lira y Negrón,quam,Djibouti
Reynoso y Cintrón y Asociados,et,Saint Kitts y Nevis
"Proyectos Haro, Gutiérrez y Arreola",dolores,Indonesia
Vargas-Alemán y Asociados,pariatur,Myanmar
"Urbina, Sarabia y Rosado",aliquid,Kazajstán
Cano-Dávila S.A. de C.V.,commodi,Luxemburgo
Gracia-Mesa S. R.L. de C.V.,commodi,Francia
Barajas y Gómez S.C.,optio,Eslovenia
Serrato-Vargas S.A. de C.V.,commodi,Trinidad y Tabago
"Proyectos Posada, Razo y Cavazos",similique,Brunei Darussalam
Corporacin Nieto-Solís,neque,Maldivas
Carrasco-Villanueva S.A. de C.V.,facilis,Irán
Rivero-Calvillo e Hijos,numquam,Mauritania
Industrias Mota y Valentín,debitis,Saint Kitts y Nevis
Gurule y Centeno S.C.,fugiat,Ucrania
Rael-Puga S.C.,aperiam,Burundi
Club Matías y Luna,odio,Kirguistán
"Montero, Sáenz y Domínguez",culpa,El Salvador
Melgar-Arguello,eaque,Austria
Bétancourt y Rosales S.A.,quod,Fiji
Noriega y Espinosa S. R.L. de C.V.,numquam,Egipto
Solorzano-Avilés S. R.L. de C.V.,culpa,Belarús
Fierro S. R.L. de C.V.,voluptatibus,Djibouti
Arguello-González,porro,Costa Rica
"Flores, Arteaga y Quintero",cumque,Dinamarca
Aguilera-Gómez,similique,Kirguistán
Laboratorios Granado y de León,natus,Austria
Corporacin Montes y Chacón,quia,Turquía
Lovato y Archuleta S.C.,blanditiis,Eritrea
Longoria S.A.,perferendis,Argelia
Rico-Rodrígez S.C.,culpa,Nauru
Industrias Caraballo y Roybal,vel,Sudán
"Club Montes, Samaniego y Montemayor",blanditiis,Mauritania
Proyectos Garza y Rodarte,neque,Bangladesh
Barrera y Fuentes y Asociados,adipisci,Líbano
"Proyectos Cisneros, Leyva y Gamboa",voluptatem,Guyana
"Corporacin Rodarte, Laboy y Yáñez",deserunt,Cabo Verde
Loera-Matías,suscipit,Granada
Puga A.C.,ullam,Perú
Salazar e Hijos,mollitia,Federación de Rusia
Industrias Centeno y Raya,molestias,Cabo Verde
Laboy S.C.,maiores,Vietman
"Dueñas, Orozco y Valenzuela",quod,Islas Marshall
"Corporacin Hinojosa, Castellanos y Torres",ab,Omán
Muñoz S.A. de C.V.,repellat,Antigua y Barbuda
"Club Madrid, Segura y Esparza",id,Sudáfrica
"Mireles, Girón y Montaño",ratione,Suriname
Ledesma-Molina A.C.,corrupti,Qatar
"Despacho Lovato, Padrón y Carmona",velit,Vanuatu
Lozada-Maya,enim,Zambia
Proyectos Osorio-Bustamante,assumenda,Arabia Saudita
Perea-Garibay e Hijos,adipisci,Timor-Leste
Guillen S.C.,quo,Papua Nueva Guinea
Solorio y Toro y Asociados,fugiat,Islandia
"Jasso, Villareal y Villaseñor",cupiditate,Djibouti
Industrias Mireles y Acosta,tenetur,Libia
"Industrias Estévez, Cornejo y Cortez",exercitationem,República Democrática Popular Lao
Olivera y Fonseca S.C.,suscipit,Federación de Rusia
"Cornejo, Zúñiga y de León",natus,Barbados
Proyectos Maestas-Lebrón,inventore,Bangladesh
Industrias Olivera y del Río,voluptatum,Namibia
"Grupo Trejo, Negrete y del Río",minus,Timor-Leste
Laboratorios Haro-Saucedo,consequatur,Liberia
del Río-Carrión S.A.,quasi,Madagascar
Sauceda-Uribe,occaecati,México
Despacho Pérez y Olmos,praesentium,Montenegro
"Grupo Tafoya, Bahena y Toledo",reprehenderit,Costa Rica
Zavala-Linares,nihil,Santa Lucía
Corporacin Raya-Casanova,amet,Niger
Corporacin Miramontes-Pabón,accusantium,Bolivia
"Club Briseño, Galarza y Rodríguez",hic,Países Bajos
Zayas-Vanegas S.C.,repellendus,Santo Tomé y Príncipe
Acosta e Hijos,debitis,Timor-Leste
Tijerina A.C.,consequatur,Montenegro
"Ponce, Canales y Hidalgo",illum,República de Moldova
"Grupo Romo, Rangel y Irizarry",esse,México
Club Tejada-Espino,quis,República Popular Democrática de Corea
Lira-Zamudio e Hijos,architecto,Qatar
"Zedillo, Gaona y Bahena",expedita,Gambia
Mendoza S. R.L. de C.V.,officiis,Comoras
Olivas e Hijos,vitae,Botswana
Molina-Zapata S. R.L. de C.V.,aspernatur,Egipto
Laboratorios Pantoja y Griego,ipsam,Sudáfrica
Marroquín y Gamboa S.A. de C.V.,autem,ex República Yugoslava de Macedonia
Fajardo A.C.,fugiat,Irán
Vaca y Vélez e Hijos,fuga,Israel
Quintero-Viera,officia,Uruguay
Vigil S.A.,saepe,Bolivia
"Corporacin Véliz, Chacón y Leal",praesentium,Indonesia
Bustos-Crespo,vero,Lituania
Despacho Madrigal y Alarcón,odio,Filipinas
"Ozuna, Saldaña y Candelaria",deserunt,Myanmar
Urías S.A. de C.V.,explicabo,Filipinas
Sepúlveda-Cintrón,dicta,Guinea
Osorio-Rael,labore,Uruguay
Serrano y Rosas y Asociados,minus,Tonga
Club Alcala y Cadena,veniam,España
Madrid y Madrid S.A. de C.V.,eum,Bangladesh
Gallardo-Varela,odio,Omán
Arias-Cervántez,delectus,Bosnia y Herzegovina
Valdez y Cedillo A.C.,quo,Malawi
"Industrias Zúñiga, Carreón y Valladares",ipsum,Mauricio
Mendoza S.A.,tempore,Costa Rica
Despacho Báez y Serna,itaque,Guyana
Corrales-de la Fuente S.C.,voluptates,República Dominicana
"Castellanos, Mendoza y Barrios",quidem,República Popular Democrática de Corea
Corporacin Villaseñor y Frías,repellat,Austria
Laboratorios Pantoja y Sepúlveda,ex,Islas Marshall
"Palomino, Bétancourt y Archuleta",vero,Lituania
Abrego-Gamboa,non,Sudán del Sur
Cordero A.C.,earum,Países Bajos
Vaca y Calvillo A.C.,repellat,Serbia
"Laboratorios Huerta, Ruelas y Salgado",quia,Chile
Lozada-Orosco S.C.,consectetur,Kazajstán
"Mendoza, Orosco y Sisneros",tempora,Filipinas
Rolón-Porras,vero,Guyana
"Proyectos Moreno, Esparza y Tapia",quo,Dinamarca
Hinojosa-Menchaca S.C.,tempora,Samoa
Abreu-Guevara,ducimus,Portugal
"Linares, Ledesma y Villegas",reiciendis,Dinamarca
"Arredondo, Méndez y Nevárez",necessitatibus,Italia
"Montenegro, Mascareñas y Flores",tempore,China
Abreu-Godoy,quae,Costa Rica
Industrias Madera y Velasco,voluptatem,Chile
Arredondo-Lebrón,distinctio,Croacia
"Grupo Haro, Mesa y Galindo",molestiae,Turkmenistán
Despacho Barrios y Verdugo,vitae,Hungría
Grupo Heredia y Orozco,cupiditate,Qatar
Grupo Zúñiga-Almonte,sapiente,Kuwait
Corporacin Fernández-Valle,totam,Camerún
Sotelo S.A.,assumenda,Pakistán
"Guerra, Mateo y Maldonado",deserunt,Mali
Valencia-Valenzuela,assumenda,Nigeria
"Corporacin Alcaraz, Córdova y Guevara",alias,Turquía
Laboratorios Narváez-Mejía,commodi,Iraq
Industrias Naranjo-Castañeda,maxime,Omán
Vargas y Alcala S. R.L. de C.V.,repellendus,Vietman
Segura y Palomino S.A.,repudiandae,Libia
Mireles-Martínez S.A. de C.V.,deserunt,República Democrática del Congo
"Corporacin Guerra, Peralta y Guzmán",est,Togo
Grupo Orozco-Hernandes,provident,Bhután
de la Garza-Espinoza,optio,Armenia
Industrias Mireles-Vásquez,magnam,República Checa
Proyectos Batista-de la O,molestiae,Pakistán
"Club Partida, Vallejo y Santacruz",quas,República Democrática del Congo
Despacho Mojica y Pérez,magni,Namibia
"Laboratorios Arreola, Enríquez y Anaya",ea,Azerbaiyán
"León, Segura y Almonte",sit,Jamaica
"del Valle, de la O y Casárez",optio,Granada
Vélez-Centeno y Asociados,et,Rwanda
Contreras y Padrón S.A.,mollitia,Suecia
Partida-Miramontes S. R.L. de C.V.,officiis,Reino Unido de Gran Bretaña e Irlanda del Norte
Corporacin Baeza-Méndez,neque,Namibia
Menchaca A.C.,expedita,Suriname
"Corrales, Sáenz y Mora",nemo,Turkmenistán
"Haro, de la Crúz y Corral",consequatur,República Dominicana
Yáñez A.C.,eius,Nueva Zelandia
Club Sierra y Benavídez,voluptates,Egipto
Despacho Rodríquez-Gálvez,sit,Palau
Leyva A.C.,eum,Albania
Mena-Viera y Asociados,illum,Jordania
Limón-Razo e Hijos,cum,España
Grupo Arevalo-Marrero,dignissimos,Chile
Mesa-Romero,porro,India
"Grupo Ceja, Crespo y Esquibel",harum,Bahamas
"Corporacin Ocampo, Beltrán y Badillo",reprehenderit,Alemania
Barragán S.C.,iusto,Islandia
"Corporacin Nieto, Ruiz y Solorzano",facere,Nueva Zelandia
Raya y Delgado S.A.,nam,Líbano
Rojo-Lira,aliquam,Armenia
"Despacho Villarreal, Cadena y Correa",nostrum,Angola
Naranjo-Polanco S. R.L. de C.V.,voluptatem,Honduras
Laboratorios Salcedo-Estrada,ad,Antigua y Barbuda
"Laboratorios Olivera, Puga y de la Fuente",nisi,República Checa
Industrias Alemán y Mojica,consectetur,Lesotho
Club Castillo-Cedillo,facere,Mauricio
Prieto y Guerrero A.C.,impedit,Kiribati
Gollum S. R.L. de C.V.,quia,Reino Unido de Gran Bretaña e Irlanda del Norte
Villarreal y de Jesús S.A.,minus,República Federal Democrática de Nepal
Rosas y Chávez y Asociados,nisi,Santa Lucía
Laboratorios Regalado y Benavides,autem,Belarús
"Proyectos Carreón, Juárez y Pichardo",facere,República Dominicana
Serrano-Mares S.C.,unde,Chile
Galván S. R.L. de C.V.,mollitia,Eslovenia
Industrias Bustamante-Tafoya,iste,Maldivas
"Colunga, Nájera y Abreu",neque,Guinea Bissau
Industrias Zepeda y Cabrera,tempora,Lesotho
Despacho Cabán y Espinoza,reprehenderit,Liechtenstein
Granado-Carreón,ipsam,Jordania
"Laboratorios Ocasio, Sepúlveda y Enríquez",quaerat,Santo Tomé y Príncipe
Hinojosa y Rodarte S.C.,facere,Togo
Lugo-Córdova,ipsam,República Unida de Tanzanía
Delgadillo e Hijos,amet,Bhután
Castro y Almaraz S.A.,unde,Chile
"Dávila, Rascón y Arriaga",dolorem,República de Moldova
Puga-Osorio A.C.,ratione,Pakistán
Hinojosa y Gallegos S.A.,odit,Costa Rica
Grupo Piña y Romo,ducimus,Tailandia
Cruz S. R.L. de C.V.,vitae,India
Abrego-Pabón A.C.,voluptates,Países Bajos
Ybarra-Cabán,sint,Costa Rica
Despacho Mercado-Jaimes,incidunt,República Unida de Tanzanía
Viera-Bahena,aliquam,Swazilandia
Puga y Mateo S. R.L. de C.V.,corrupti,Túnez
Campos y Acuña S.A.,eaque,Guinea Bissau
"Nevárez, Arteaga y Pizarro",amet,Mónaco
"Menéndez, Nieto y Rolón",asperiores,República Democrática Popular Lao
"Villalpando, Arroyo y Armendáriz",cumque,Bahamas
Corporacin Mota y Segura,vero,Belarús
Laboratorios Zayas y Bernal,molestias,Libia
Corral y Valdés S.A.,quasi,Albania
Despacho Ulibarri y Cordero,asperiores,Uzbekistán
Griego A.C.,maiores,Serbia
"Proyectos Robledo, Romero y Macías",a,Benin
"Rosas, Briones y Melgar",inventore,Islandia
"Industrias Jaime, Urrutia y Zúñiga",aspernatur,Fiji
Proyectos Esquivel y Casillas,quod,Suiza
Alcaraz y Reyes e Hijos,quaerat,Paraguay
Proyectos Barrios y Candelaria,adipisci,Liberia
Roybal-Villa S.C.,molestiae,Bélgica
Proyectos Ramos y Muro,illum,Eritrea
"Proyectos Castro, Acuña y Tirado",quia,República de Corea
Club Armendáriz-Zamora,nesciunt,Sierra Leona
Loera-Zayas,quisquam,Finlandia
"Feliciano, Rincón y Saiz",animi,Sierra Leona
Solorio y Téllez A.C.,exercitationem,Mozambique
Ulloa y Asociados,qui,Bahamas
"Industrias Jiménez, Mejía y del Valle",eaque,Indonesia
Club Montenegro-Arguello,odit,Federación de Rusia
Proyectos de León-Caballero,eum,Panamá
"Duarte, Terrazas y Riojas",nulla,Granada
Ceballos e Hijos,soluta,Albania
Ocampo y Calvillo S.C.,facere,Brasil
Barraza-Villalobos,ducimus,Qatar
Laboratorios Cuellar-Quintero,totam,Montenegro
Frías y Mayorga S.A.,optio,Togo
"Proyectos Treviño, Malave y Lovato",cupiditate,Bélgica
Cazares S.C.,possimus,Qatar
Zayas-Escobar,neque,México
"Grupo Rosario, Reyna y Rael",ut,Nicaragua
Club Saiz-Guillen,assumenda,Hungría
Grupo Ibarra y Ceja,ab,Albania
Jiménez y Castañeda y Asociados,quisquam,Nicaragua
"Industrias Colón, Fierro y Mayorga",ratione,Etiopía
Industrias Salcido-Escamilla,fuga,San Marino
Proyectos del Valle-Oquendo,quisquam,Bangladesh
Correa y Cruz A.C.,modi,República Democrática Popular Lao
"Pizarro, Rascón y Baca",error,Egipto
"Corporacin Mora, Echeverría y Caraballo",earum,República Democrática del Congo
Henríquez-de la Fuente e Hijos,veritatis,Camboya
Rascón y Gil A.C.,magnam,Antigua y Barbuda
Carranza-Raya,aliquid,República de Corea
Saldivar y Valladares S. R.L. de C.V.,itaque,Italia
Proyectos Salas y Lemus,fugit,Países Bajos
Cabrera y Dueñas y Asociados,corrupti,Bahrein
Corporacin Alcaraz y Concepción,fugit,Túnez
Villegas y Montenegro S.A. de C.V.,cumque,Australia
Club Garrido y Mena,omnis,Djibouti
Ledesma-Collado,possimus,Uganda
Ibarra y Garrido S.C.,consequatur,Belice
Porras y Asociados,ea,Zambia
Proyectos Blanco y Escobedo,delectus,Guinea
Grupo Mayorga y Narváez,facere,Lituania
Ocampo S. R.L. de C.V.,perspiciatis,Chile
Proyectos Mascareñas y Miramontes,error,Senegal
Altamirano y Alemán A.C.,impedit,Hungría
Batista-Montaño e Hijos,aliquid,Ecuador
Grupo Mata y Robledo,itaque,Kazajstán
Industrias Trujillo-Mateo,perferendis,Mauritania
Leyva-Ibarra,aut,Palau
"Cavazos, Montañez y Cruz",corporis,ex República Yugoslava de Macedonia
Dávila y Peralta S.A.,fugiat,Georgia
Industrias Flórez y Yáñez,occaecati,Arabia Saudita
"Mena, Roldán y Balderas",assumenda,Alemania
Rangel-Rodrígez S.A. de C.V.,animi,Nigeria
Melgar S.C.,alias,Eritrea
Club Lara-Espino,doloribus,Islas Salomón
Villegas-Henríquez,iste,Estados Unidos de América
Proyectos Fernández-Rodrígez,voluptatem,Estonia
Cintrón A.C.,sit,Liberia
Palacios-Salcido S. R.L. de C.V.,facilis,Vietman
Club Carmona-Esquivel,ipsam,Argentina
Laboratorios Pichardo-Badillo,impedit,India
"Laboratorios Arce, Salgado y Zelaya",deleniti,Eslovaquia
Laboratorios Camacho y Vela,dolorem,Italia
Proyectos Paredes y Barela,dicta,Bhután
Proyectos Miranda y Tijerina,et,Belarús
Gonzales-Mondragón S.C.,itaque,Malasia
Garza S.C.,facilis,Omán
Altamirano y Pérez S.C.,nulla,San Vicente y las Granadinas
Angulo y Olivera S.A.,sequi,Zambia
Mascareñas y Barrientos S.C.,sint,Mali
"Despacho Soto, Ruiz y Gallegos",ducimus,Italia
"Laboratorios Hernández, Velásquez y Botello",voluptatibus,Zimbabwe
Ornelas-Rael S.A. de C.V.,porro,Nigeria
"Industrias Sáenz, Granados y Macías",nesciunt,República Dominicana
González y Nieves A.C.,distinctio,Azerbaiyán
Nava y Leiva e Hijos,at,Somalia
Tafoya y Rojo A.C.,dolorem,Santa Lucía
Olivárez-Ontiveros,doloremque,Timor-Leste
Campos-Herrera,amet,Luxemburgo
"Orta, Abreu y Escobar",dicta,Guinea
"Saldivar, Garay y Tórrez",error,Eslovaquia
"Sauceda, Jaimes y Luevano",esse,Argelia
Rentería y Otero S.A. de C.V.,nostrum,Irlanda
Brito-Herrera A.C.,excepturi,Rwanda
Quintana y Guerrero S.A. de C.V.,iste,San Marino
Tirado y León e Hijos,a,Malta
Vanegas-Razo y Asociados,est,España
Despacho Ibarra-Briones,necessitatibus,Montenegro
Solorio-Saavedra,quam,Djibouti
Laboratorios Acevedo-Cintrón,quas,Suriname
Laboratorios Lerma y Zayas,odio,Colombia
"Munguía, Méndez y Zamora",inventore,Barbados
Hidalgo S. R.L. de C.V.,cumque,Brasil
Proyectos Burgos y Longoria,corrupti,Islas Salomón
"Ramírez, Valencia y Armas",laborum,Guyana
Montemayor-Sisneros,doloribus,Islas Marshall
Viera-Fierro S. R.L. de C.V.,quo,Filipinas
"Curiel, Angulo y Córdova",consequatur,Armenia
Tapia S.C.,corporis,Madagascar
Club Anaya y Bustos,rem,Trinidad y Tabago
Laboratorios de Anda y Rosario,adipisci,Suriname
"Laboratorios Ledesma, Cortés y Griego",facere,Nigeria
Guillen y Flores A.C.,nesciunt,Tonga
Escamilla S. R.L. de C.V.,quasi,Argelia
"Ruelas, Mireles y Franco",reiciendis,Países Bajos
Arroyo S.C.,itaque,Tayikistán
Nazario y Cordero A.C.,ipsam,Somalia
Sauceda y Asociados,numquam,Botswana
Proyectos Irizarry y Salazar,deserunt,Tonga
"Parra, González y Manzanares",inventore,India
"Pedraza, Palacios y Madrigal",consequatur,Micronesia
Leal-Navarrete,iste,Israel
Jáquez-Arellano S.A. de C.V.,deleniti,Israel
Olivárez y Romero A.C.,excepturi,Cabo Verde
Sánchez e Hijos,nobis,Kazajstán
"Despacho Casares, Ruelas y Rangel",tempore,Bolivia
Concepción-Mercado S.A. de C.V.,quo,Perú
Garica-Cotto S. R.L. de C.V.,ex,Kuwait
"Aguilar, Ruelas y Cazares",natus,Colombia
"Orosco, Corral y Loya",omnis,Djibouti
Despacho Casanova-Bravo,reiciendis,Brasil
Proyectos Preciado y Salas,enim,República de Moldova
Quintero S.A.,modi,República Democrática del Congo
"Club Mireles, Estrada y Macías",deserunt,Japón
Centeno-Santiago S.A.,eum,Luxemburgo
"Navarro, Márquez y Villanueva",saepe,Noruega
Proyectos Borrego y Acuña,natus,Países Bajos
"Corporacin Barrios, Calderón y Heredia",at,Venezuela
"Corona, Navarro y Lomeli",repellendus,Liberia
Ávila-Alarcón y Asociados,error,Guinea Ecuatorial
Amador y Nevárez y Asociados,vero,Suriname
Brito y Urbina e Hijos,nemo,Túnez
Samaniego y Mena S.A. de C.V.,autem,República Checa
"Industrias Arellano, Rodríquez y Espinoza",vero,Guatemala
"Laboratorios Limón, Rentería y Rangel",magnam,Lesotho
Maya-Sierra S.A.,officiis,España
de la Crúz S.A. de C.V.,quia,Angola
Despacho Barrera-Santacruz,iste,República Centroafricana
Sanabria-Gamez,molestias,Bahamas
"Despacho Ozuna, Ayala y Mateo",porro,Filipinas
Toro-Jáquez,eveniet,Mauritania
Soria y Cruz S. R.L. de C.V.,neque,Arabia Saudita
Medrano A.C.,libero,Brasil
"Pedraza, Arce y Corona",dolorum,Argentina
Valentín y Frías S. R.L. de C.V.,delectus,Samoa
Ybarra S.C.,veritatis,Turkmenistán
Rodríguez y Toro S. R.L. de C.V.,eos,Seychelles
Montes-Magaña,harum,Panamá
Mejía-Arevalo A.C.,fugiat,Argelia
Méndez y Asociados,voluptatum,Argelia
Pizarro-Quiñones y Asociados,eaque,Uruguay
"Proyectos Bernal, García y Murillo",illum,Túnez
Patiño S.A.,quisquam,Singapur
"Grupo Rico, Montemayor y Cabrera",eaque,Djibouti
Grupo Aguilar-Garibay,id,Zimbabwe
Jasso-Razo,dolorum,Guinea Ecuatorial
Vigil y Rivera S. R.L. de C.V.,debitis,Andorra
Gil S.A.,voluptatem,Bosnia y Herzegovina
Salgado-Figueroa,veniam,Federación de Rusia
Ureña y Lara y Asociados,iste,India
Mota y Fonseca S.A.,nulla,Gambia
"Club Zapata, Arellano y Casillas",maxime,Gambia
Pelayo S.A.,iste,Uruguay
Laboratorios Casillas y Trujillo,repudiandae,Mónaco
Club Lara y Sanches,enim,Santo Tomé y Príncipe
Naranjo S. R.L. de C.V.,dolore,República de Corea
"Industrias Pedroza, de León y Burgos",tempore,Suecia
Sauceda-Otero,natus,Perú
"Industrias Marroquín, Delgado y Zamudio",commodi,Chad
Olvera-Montez A.C.,repellat,Islas Salomón
Saavedra-Razo y Asociados,illum,Sri Lanka
Benavides y Dávila S.A. de C.V.,nostrum,Mónaco
Esquibel-Feliciano A.C.,debitis,Hungría
de la Torre y Reynoso S. R.L. de C.V.,molestiae,Brunei Darussalam
"Laboratorios Vela, Candelaria y Zambrano",fugiat,Mozambique
Ochoa-Cantú,odit,Cabo Verde
Zarate y Barajas e Hijos,doloribus,Bulgaria
Arteaga-Gallardo S.C.,fuga,Islas Marshall
"Corporacin Meléndez, Roque y Casas",tempora,Botswana
de la O-Marín S.A.,laborum,Lesotho
Proyectos Trujillo-Orozco,illum,Guatemala
"Laboratorios Garza, Navarro y Godoy",quibusdam,Cuba
Roque-Avilés S. R.L. de C.V.,eveniet,Túnez
Laboratorios de León-González,tempore,Alemania
"Industrias Saldivar, Márquez y Castañeda",esse,Egipto
Arroyo S.A.,nulla,Georgia
Covarrubias-Jaimes,laborum,Polonia
Riojas A.C.,animi,República Centroafricana
Castañeda-Santacruz,unde,Honduras
Laboratorios Gálvez-Alvarado,error,Brunei Darussalam
Magaña y Reyna S.A.,harum,Niger
Ávalos-Mojica S.A.,ipsa,El Salvador
Club Marín y Alcaraz,aut,Rumania
Despacho Corral y Jaime,iste,Japón
Club Vera y Rico,corrupti,Libia
Club de la O-Lozano,corrupti,El Salvador
Industrias Mota y Barrios,aspernatur,Filipinas
"Club Esquibel, Montañez y Acuña",voluptatem,Sudán del Sur
"Leiva, Acosta y de Anda",corporis,Uruguay
"Corporacin Quintana, Chávez y Chapa",architecto,Yemen
Villareal S. R.L. de C.V.,officia,Congo
Gil y Meléndez A.C.,quasi,República Centroafricana
Armenta y Medrano y Asociados,architecto,Suecia
"Club Camarillo, Sisneros y Trejo",repellendus,Antigua y Barbuda
Grupo Tijerina y Cisneros,eaque,República Popular Democrática de Corea
Cotto y Alejandro S.A.,ipsam,Mongolia
Calvillo y Casillas e Hijos,architecto,Jamaica
Aparicio y Garibay A.C.,enim,Filipinas
Industrias Nevárez-Suárez,aspernatur,Estados Unidos de América
Rosas y Sanches y Asociados,impedit,China
"Carrero, Tafoya y Estévez",saepe,Lesotho
"Despacho Trejo, Rendón y Mesa",illum,Botswana
Laboratorios Nazario-Alejandro,optio,Guatemala
Grupo Ferrer y Medina,architecto,Tuvalu
Corporacin Nieto y Carrillo,impedit,República de Moldova
"Industrias Maldonado, Villanueva y Márquez",ullam,Liberia
Rocha-Espinoza S.A.,excepturi,Lituania
Proyectos Ledesma y Fierro,modi,Nauru
Mondragón-Estrada,vel,Emiratos Árabes Unidos
"Briones, Almaraz y Guajardo",cumque,Kuwait
"Laboratorios Nava, Báez y Perales",dolor,Estados Unidos de América
Gurule-Ríos,officiis,Luxemburgo
Blanco S.C.,aspernatur,Etiopía
"Jáquez, Suárez y Esquivel",officiis,Fiji
Proyectos Perea-Serna,occaecati,Lituania
Despacho Esquibel y Soto,sed,Sudán del Sur
Industrias Guerrero-Blanco,quam,Emiratos Árabes Unidos
Corporacin Zelaya y Castellanos,occaecati,Cuba
"Romero, Alva y Valles",nam,Sri Lanka
Club Meza y Robles,velit,Panamá
Carreón y Melgar S. R.L. de C.V.,aspernatur,Kuwait
"Correa, Carvajal y Gurule",illo,El Salvador
"Longoria, Apodaca y Serna",voluptatum,Paraguay
"Proyectos Abrego, Posada y Godoy",quos,Swazilandia
"Despacho Urbina, Ocampo y Peres",nulla,Gambia
Laboratorios Gil-Valladares,quisquam,Vietman
Monroy S.C.,cupiditate,Mauritania
Grupo Rascón-Ybarra,praesentium,República Popular Democrática de Corea
Chapa-Arriaga,laborum,Iraq
Matías-Arias,consequatur,Noruega
"Laboratorios Caraballo, Jaimes y Ojeda",alias,Belice
Garza S.A.,inventore,Botswana
Paz S. R.L. de C.V.,fugiat,Sudáfrica
Vázquez-Carrillo A.C.,delectus,Ghana
Laboratorios Alva-Guerra,nisi,República Unida de Tanzanía
"Club Zapata, Carreón y Mondragón",voluptates,Costa Rica
Laboratorios Arenas y Escamilla,dolor,México
Cotto-Montemayor S. R.L. de C.V.,dolorem,Armenia
Industrias Hurtado-Rocha,commodi,Haití
Aguirre S.C.,odio,Kenya
"Piña, Mota y Robledo",aliquam,República de Corea
Villa-Zarate,nesciunt,Tailandia
Corporacin Urías y Benítez,dolore,Panamá
Bustamante S.A.,sed,Finlandia
Grupo Brito y Mercado,nobis,Kenya
"Linares, Altamirano y Escobar",adipisci,República Árabe Siria
Campos y Irizarry A.C.,illo,España
"Industrias Esparza, Molina y Molina",corrupti,Malasia
"Matos, Almonte y Yáñez",perferendis,Egipto
Orta y Hidalgo S.A. de C.V.,reiciendis,Irlanda
Concepción-Macías S.C.,placeat,Guinea
Club Véliz y Chacón,unde,Camboya
"Laboratorios Alejandro, Batista y Lerma",vel,Sudán del Sur
Ruiz-Santana,laborum,Ghana
Valenzuela y Lomeli A.C.,cum,Suecia
Mata S.A.,culpa,Tuvalu
Rivera-Arguello,facilis,Islandia
Gallardo-Montes S. R.L. de C.V.,veritatis,Tayikistán
Ozuna-Villa,distinctio,Etiopía
Proyectos Zayas y Arellano,nam,Andorra
García-Gamboa,dicta,Finlandia
Romero-Escobedo,impedit,Mónaco
Ortiz y Báez y Asociados,enim,Chile
Ulloa y Gaona S.A. de C.V.,nemo,Botswana
Crespo-Haro,aspernatur,Islandia
"Ontiveros, Salcedo y Montemayor",rerum,Hungría
Cepeda-Guillen S.A. de C.V.,quia,Estonia
"Vázquez, Terrazas y Garay",voluptatem,Chipre
Díaz y López S.A. de C.V.,corrupti,Zimbabwe
García y Jasso S. R.L. de C.V.,officiis,Islas Marshall
"Grupo Uribe, Villareal y Portillo",a,Guinea Ecuatorial
Arteaga S.A.,ad,Togo
Sanches y Asociados,atque,Brasil
Zaragoza-Zambrano A.C.,eius,Angola
Club Rubio y Arguello,omnis,Chile
Piña-Arias A.C.,quis,Burundi
"Aguirre, Mayorga y Franco",saepe,San Marino
"Grupo Cruz, Olivas y Leyva",ad,Mauricio
"Quezada, Riojas y Barajas",explicabo,Reino Unido de Gran Bretaña e Irlanda del Norte
"Medrano, Véliz y Arellano",minus,Vietman
"Corporacin Puga, Salazar y Villalpando",totam,Perú
Santacruz-Puente A.C.,voluptate,Palau
Corporacin Tello y Rolón,quidem,Tuvalu
Galarza y Salcedo S.A.,corrupti,Turquía
"Carrera, Estévez y Alemán",asperiores,Malawi
Salcedo-Contreras,aliquid,Eritrea
Industrias Paredes-Mena,velit,Emiratos Árabes Unidos
Vergara-Madrid,animi,Nueva Zelandia
Industrias Rodríguez-Medina,explicabo,Nicaragua
"Proyectos Lara, Hinojosa y Ybarra",deleniti,Eslovenia
Despacho Almonte y Alcaraz,fuga,Trinidad y Tabago
"Club Varela, Grijalva y Carvajal",esse,Timor-Leste
Corporacin Guajardo y Suárez,neque,Sudán
Rodarte y Montemayor S.C.,nulla,Cabo Verde
Ávila y Quiroz S. R.L. de C.V.,mollitia,Japón
Reséndez-Ceballos,facere,Marruecos
Gurule-Armas S.A. de C.V.,similique,India
Industrias Gamboa-Véliz,placeat,Rwanda
Industrias Delgado-Carreón,autem,Haití
Guardado-Lucio,deserunt,Nigeria
"Núñez, Ortiz y Laureano",beatae,Mali
Laureano S. R.L. de C.V.,suscipit,Burundi
Grupo Guajardo-Chavarría,veniam,Estados Unidos de América
Moya y Valverde S. R.L. de C.V.,magnam,Bangladesh
Club Cervantes y Baca,corporis,Tailandia
Reyna y Villalpando S.C.,nemo,Azerbaiyán
Laboratorios Covarrubias-Burgos,ullam,Lesotho
"Proyectos Maestas, Terán y Chapa",laborum,Rwanda
"Ibarra, Zapata y Borrego",deserunt,Burkina Faso
"Proyectos de la Torre, Flores y Rolón",voluptatem,Finlandia
"Laboratorios Valencia, Beltrán y Cadena",vitae,Guinea
Proyectos Sauceda-Villanueva,quasi,Libia
Villa e Hijos,aspernatur,Yemen
Zapata y Valdez S.A.,distinctio,República de Moldova
Aranda y Parra y Asociados,soluta,Grecia
Almonte-Limón S.A. de C.V.,quasi,Nueva Zelandia
Sánchez S.A.,explicabo,Bangladesh
Amaya-Ballesteros e Hijos,at,Antigua y Barbuda
Saavedra-Vargas,impedit,Barbados
"Club Alonzo, Merino y Mesa",dolorum,Chad
"Orozco, Parra y Madrid",velit,Chad
Corporacin Sanabria y Vásquez,modi,Montenegro
Corral-Castellanos,repudiandae,República Federal Democrática de Nepal
Aponte S. R.L. de C.V.,dolorem,Singapur
Club Carrero-Manzanares,at,Armenia
Mireles-Bustamante,ab,Croacia
Barela-Salcido S.A. de C.V.,quam,Perú
Regalado S. R.L. de C.V.,quis,Luxemburgo
"Laboratorios Rincón, Ruiz y Gamez",possimus,Palau
"de Jesús, Arredondo y Grijalva",in,Antigua y Barbuda
"Despacho Orellana, Cuellar y Mercado",voluptatum,Kenya
Club Robles y Ferrer,dignissimos,Guinea Ecuatorial
Industrias Vallejo y Lucero,minima,Australia
"Despacho Gaitán, Sanabria y Montoya",doloremque,Guatemala
Rincón-Briones,hic,República Dominicana
Ruiz S.C.,tempore,Santa Lucía
Laboratorios Monroy y Rosario,quos,Estados Unidos de América
Despacho Griego y Aguayo,sunt,Suecia
Industrias Sánchez y Solorzano,quisquam,Santo Tomé y Príncipe
Grupo Maya-Barreto,tenetur,Barbados
Despacho Valenzuela y Sandoval,odit,Noruega
Marrero-Henríquez,ad,Antigua y Barbuda
Sierra-Zapata,dolores,Mali
Ulloa y Asociados,ea,Islandia
Tejada e Hijos,accusantium,Mauritania
"Vargas, de Anda y Chacón",enim,Côte d'Ivoire
Corporacin Almaraz y Amador,a,Maldivas
"Industrias Camacho, Montoya y del Río",totam,Australia
Ceballos-Serna A.C.,commodi,San Marino
Báez S.A.,neque,Namibia
Club Ocasio y Aranda,quas,Costa Rica
"Sauceda, Escobar y Terán",incidunt,Argentina
Corporacin Almanza-Rubio,error,Bahrein
Montalvo-González,ullam,Malasia
Campos y Asociados,quas,Arabia Saudita
Club Arevalo-Armenta,et,Malawi
Robledo-Castañeda S. R.L. de C.V.,corrupti,Armenia
Industrias Longoria-Galindo,tenetur,Gabón
Club Alvarez y Villarreal,at,Albania
Industrias Razo-Villegas,sapiente,Eslovenia
Maya A.C.,blanditiis,Ecuador
Laboratorios Santillán-Meléndez,quidem,Timor-Leste
Cazares y Armendáriz S.A. de C.V.,molestias,Federación de Rusia
Dueñas y Montoya S.A. de C.V.,rem,Estados Unidos de América
"Despacho Valles, Mercado y Godínez",cumque,Côte d'Ivoire
Villagómez y Quintanilla e Hijos,esse,Rwanda
"Aguilar, Esparza y Ruelas",optio,Nicaragua
Grupo Saiz-Santacruz,occaecati,Filipinas
Vaca y Carrera S.A.,maxime,Arabia Saudita
Corporacin Casárez y Casillas,vel,Alemania
Rangel S.C.,incidunt,Nueva Zelandia
Márquez-Melgar e Hijos,odio,Estados Unidos de América
Perea y Mireles A.C.,accusamus,Camerún
Villareal-Pizarro,asperiores,Rumania
Despacho Coronado y del Valle,temporibus,Maldivas
"Heredia, Zapata y Padilla",accusamus,Venezuela
Quintana-Montez S. R.L. de C.V.,architecto,Suriname
"Alba, Griego y Villaseñor",explicabo,Libia
Despacho Munguía y Rodarte,saepe,Uzbekistán
"Despacho Zavala, Arteaga y Bermúdez",dolor,Ecuador
Cabán y Roque y Asociados,minus,República Federal Democrática de Nepal
Despacho Meza-Aponte,veniam,Santo Tomé y Príncipe
Corporacin Gutiérrez y Sanabria,dolor,Comoras
"Club Rincón, Segovia y Porras",ipsum,Congo
Hinojosa S. R.L. de C.V.,repellat,Malawi
Industrias Berríos-Arellano,consequuntur,San Marino
"Terán, Prieto y Chavarría",veritatis,Israel
Despacho Linares y Cortez,iusto,Mongolia
Laureano-Aparicio,nam,Malta
"Proyectos Soliz, Sisneros y Lozano",tempora,Italia
Alcala-Baca,optio,Liberia
Laboratorios Abrego-Hinojosa,nihil,Burundi
"Nájera, Lebrón y Mireles",exercitationem,Federación de Rusia
Gamez y Asociados,eius,Austria
Fernández A.C.,expedita,China
Pantoja-Abreu,at,Liechtenstein
"Proyectos Collado, Gracia y Serrano",inventore,Sudán del Sur
Rivero S.A. de C.V.,sed,Emiratos Árabes Unidos
de la Rosa-Lara y Asociados,accusamus,Sudán
"Núñez, Carbajal y Roldán",tempore,Albania
"Club Solorzano, Garay y Aguirre",pariatur,Noruega
Montemayor-Bustamante e Hijos,dignissimos,Angola
Gamez-Curiel,quod,Bélgica
"Otero, Ulloa y Arredondo",occaecati,Filipinas
Industrias Serrato y Garibay,sit,Maldivas
Romo y Mayorga A.C.,ipsa,Bhután
Quiñónez-de la Garza e Hijos,placeat,Tayikistán
Merino y Jimínez S. R.L. de C.V.,et,Nigeria
Anaya-Valle,possimus,Colombia
"Madrigal, Zúñiga y Navarro",occaecati,Bahrein
Pizarro-Alejandro S.A. de C.V.,ullam,Turkmenistán
Zarate-Carranza e Hijos,quo,Niger
"Proyectos Jaime, Robles y Carrero",ipsam,Panamá
Barragán y Montañez S.A.,incidunt,Eslovaquia
"Pizarro, Muñiz y Morales",numquam,Bhután
"Balderas, Cabrera y Prado",consectetur,Mauricio
Soria y Asociados,suscipit,Antigua y Barbuda
Partida y Heredia S.A. de C.V.,reprehenderit,Albania
"Romero, Ramos y Zamudio",explicabo,Tuvalu
Montero-de la O,perspiciatis,Santo Tomé y Príncipe
"Hinojosa, Dueñas y Nazario",sit,Noruega
Adame A.C.,at,Tayikistán
Laboratorios Nieto-Delgado,exercitationem,Uruguay
Grupo Abrego-Rojas,recusandae,República de Moldova
"Industrias Martínez, Urrutia y Delgado",ut,República Unida de Tanzanía
"Vaca, Camarillo y Colunga",laboriosam,Paraguay
"Club Lara, Alvarado y Domínguez",deserunt,Suecia
Velázquez y Figueroa S. R.L. de C.V.,quam,Mongolia
"Canales, Zepeda y Santillán",nihil,Argelia
Chavarría y Gonzales y Asociados,optio,Serbia
Club Reyes-Quiroz,maiores,Andorra
Razo S. R.L. de C.V.,accusantium,Kiribati
Casares y Roque A.C.,veniam,Brasil
"Industrias Godínez, Valenzuela y Orellana",rerum,Timor-Leste
"Industrias Torres, Abrego y Olmos",dolores,Santa Lucía
Industrias Almanza y Bustos,ipsa,Bélgica
Segura y Caballero S.C.,deleniti,Tayikistán
"Industrias Loya, Duarte y Cervantes",aliquid,Bulgaria
"Loya, Casas y Mena",fugiat,Guinea Bissau
"Laboratorios Galindo, Soto y Escobar",culpa,Guatemala
Granado-Carrasco,inventore,Belarús
Leal-de Anda S.C.,nostrum,Austria
Griego-Haro,eos,Mauritania
Ortega y Lebrón S.C.,autem,Bhután
de la O-Aguayo,explicabo,Panamá
"Cavazos, Gamboa y Mireles",similique,Turquía
"Corporacin Rivero, Jiménez y Camarillo",magni,Nauru
"Proyectos Venegas, Esquivel y Soto",tempora,Venezuela
Laboratorios Lira-Ríos,mollitia,Kenya
Despacho Baca-Mota,autem,Senegal
"Laboratorios Orellana, Correa y Casas",eveniet,Turquía
"Club Dávila, Rentería y Amaya",voluptas,Uzbekistán
Olivas-Vigil,modi,Dinamarca
"Almonte, Suárez y Amaya",velit,Mozambique
"Grupo Rendón, Rico y Prieto",asperiores,Luxemburgo
Viera-Cornejo A.C.,dolorem,Mongolia
Lira y Navarrete e Hijos,vero,Liberia
Valladares y Montenegro S.C.,eius,Islandia
"Ledesma, Quintana y Galindo",voluptates,Islas Marshall
Valentín-Alba,quaerat,Mauritania
Orellana y Guevara S.C.,vero,Trinidad y Tabago
"Club Bernal, Huerta y Limón",soluta,Bahamas
Rangel-Romero e Hijos,accusamus,Sierra Leona
Grupo Montoya y Aguirre,placeat,Tayikistán
Mascareñas A.C.,inventore,Tonga
"Zepeda, Arriaga y Covarrubias",est,Arabia Saudita
Laboratorios Durán y Villaseñor,maiores,Lesotho
Club Alarcón y Maldonado,illo,Costa Rica
Alonzo-Espinoza,eius,India
"Club Palomo, Granados y Calvillo",dolore,Vanuatu
"Vargas, Rubio y Anaya",eveniet,Benin
Laboratorios Vigil-Benavídez,officiis,Myanmar
Menchaca y Navarrete e Hijos,optio,Singapur
"de la Fuente, Villalobos y Fierro",dolore,Polonia
Club Báez-Menéndez,molestias,Emiratos Árabes Unidos
Cortez S.A.,amet,Samoa
Almonte-Tamayo A.C.,totam,Croacia
Lozano-Lebrón,cumque,Kenya
"Muñiz, Murillo y Tijerina",nisi,Islas Salomón
Carvajal y Badillo A.C.,aliquam,Omán
Olivárez-Esparza y Asociados,nesciunt,Kiribati
"Club Becerra, Zedillo y Rolón",veniam,Afganistán
Club Ocampo y Rosales,aperiam,Dinamarca
Ureña-Avilés,nisi,Zambia
Corporacin Abreu-Olivárez,architecto,Guinea
"Industrias Arriaga, Zelaya y Mojica",voluptates,Nigeria
"Despacho Santacruz, Cervantes y Menchaca",exercitationem,República de Corea
Arevalo-Montoya,ipsa,Palau
Ochoa y Domínguez S.A. de C.V.,cumque,Sri Lanka
Proyectos Saucedo y Reyna,eveniet,Benin
Industrias Paz-Benítez,quibusdam,Kuwait
"Grupo Vigil, Casanova y Apodaca",eaque,Alemania
Ruelas-Maestas S.A. de C.V.,quos,India
Valencia-Aguilar,fugiat,Nigeria
Dávila S.A.,cupiditate,Perú
Proyectos Reyna y Sotelo,eligendi,Nauru
Orta S.C.,harum,El Salvador
Laboratorios Alonso y de la Crúz,provident,Mónaco
Industrias Polanco-Farías,iste,Guinea
Grupo Iglesias y Piña,libero,Malasia
"Chavarría, Coronado y Delgado",repudiandae,Japón
Garza-Carmona,ea,Guinea Ecuatorial
Laboratorios Trujillo-Verduzco,delectus,Uruguay
Barragán y Holguín y Asociados,laudantium,Paraguay
Salcido-Leiva,autem,Canadá
Mata-Armendáriz A.C.,maxime,Ucrania
Rubio y Pabón y Asociados,laudantium,Chile
"Carrera, Pabón y Saavedra",atque,Sudán
Club de León-Franco,iure,Chad
Industrias Ortega y Montenegro,fuga,India
Alcántar y Vargas y Asociados,sit,Paraguay
Luevano y Carmona e Hijos,molestias,Nueva Zelandia
Proyectos Monroy-Leal,dolorum,Sudán
Proyectos Merino y Farías,consequuntur,Sri Lanka
"Proyectos García, Benavides y Gallardo",nobis,Samoa
Proyectos Brito-Aranda,voluptate,Barbados
Carvajal S.A. de C.V.,molestias,Sudán del Sur
Rascón-Ruiz S.A. de C.V.,at,Nicaragua
Almonte S. R.L. de C.V.,magni,Argelia
Grupo Acuña-Rael,hic,Iraq
Grupo Mascareñas y Uribe,facilis,Bahrein
Gómez S.A. de C.V.,voluptate,Bhután
Corporacin Coronado-Suárez,ab,Guyana
"Proyectos Peralta, Alfaro y Acevedo",consequuntur,Botswana
"Proyectos Lebrón, Sánchez y Solís",accusantium,Belice
Corporacin Alonso-Mesa,sunt,Malasia
"Roque, Leyva y Osorio",iste,Líbano
Paz y Arteaga e Hijos,quam,Jordania
"Grupo Figueroa, Serrano y Treviño",ad,Ecuador
Paz y Frías A.C.,nostrum,Granada
"Corporacin Corral, Saucedo y Zamudio",accusamus,Islas Salomón
"Vélez, Caraballo y Coronado",modi,Granada
Club Sisneros y Sanches,itaque,Angola
Almanza-Meléndez A.C.,exercitationem,Egipto
"Industrias Acuña, Ontiveros y Galarza",velit,Gabón
Despacho Barraza-Mejía,ipsam,Colombia
Corral y Montenegro S.C.,perspiciatis,Filipinas
Abrego-Delgadillo S. R.L. de C.V.,at,Ghana
"Club Mares, Gracia y Perales",eum,Argentina
Gastélum-Maestas S.A. de C.V.,dolores,Lesotho
Despacho Ureña y Granado,architecto,Polonia
"Laboratorios Villegas, Pacheco y Cortés",mollitia,Afganistán
"Naranjo, Ayala y Pabón",molestiae,Líbano
Tejada-Sierra,id,Guinea Ecuatorial
Gaona S.A.,error,Timor-Leste
Corporacin Nieto y Reyes,nobis,Tayikistán
Serrato S.A.,cum,España
Ibarra-Bustos,nulla,Pakistán
Villalpando-Merino,necessitatibus,Belarús
Club Marroquín y Padilla,exercitationem,Bahamas
"Cardenas, Mascareñas y Mondragón",ut,Kirguistán
"Proyectos Montenegro, Mojica y Cardenas",minima,Tayikistán
Leal y Solorio y Asociados,sit,Mónaco
Tejeda-Montalvo S.A. de C.V.,officiis,Tonga
"Mayorga, Candelaria y Galarza",ipsum,Bulgaria
Maestas-Arteaga,molestiae,Hungría
Mateo-Esquivel,quidem,Serbia
Proyectos Márquez y Mateo,a,Islandia
Orosco y Asociados,magnam,Santa Lucía
Granados-Quintanilla,earum,Liechtenstein
"Apodaca, Altamirano y Paz",quod,Venezuela
Despacho Anguiano y Villaseñor,necessitatibus,Santo Tomé y Príncipe
del Río S.C.,dolore,India
Grupo Martínez y Collado,molestias,Micronesia
Corporacin Suárez y Osorio,sit,Sri Lanka
Grupo Acuña-Narváez,eum,Tonga
Club Garrido y Holguín,soluta,Letonia
Industrias Anaya y Benítez,suscipit,Mozambique
de Jesús A.C.,cum,Luxemburgo
Moya-Ferrer,molestias,Mozambique
Aguilar y Narváez S.A. de C.V.,blanditiis,Mónaco
Huerta-Medina S.C.,veritatis,Serbia
Gallardo A.C.,iusto,Noruega
"Orellana, Sepúlveda y Espinoza",inventore,Antigua y Barbuda
Sisneros-Sánchez S.A.,sequi,Belice
Corporacin Polanco-Montes,possimus,Irlanda
Industrias Villarreal-Lovato,corrupti,Liberia
"Lerma, Orozco y Suárez",ex,Bahrein
"Vega, Valdez y Gonzales",blanditiis,Micronesia
Hidalgo y Ulibarri A.C.,minus,Guinea Bissau
Macías y Apodaca y Asociados,ut,Arabia Saudita
Corporacin de la Rosa-Tovar,quos,Paraguay
Saldaña-Tirado S. R.L. de C.V.,aperiam,Montenegro
"Proyectos Santiago, Maya y Montañez",veritatis,Malasia
Tamez-Fajardo S.A.,pariatur,Barbados
Hernandes S.A.,reiciendis,Omán
"Proyectos Mireles, Cervantes y Hernández",vitae,Sudán del Sur
Aparicio e Hijos,nobis,Congo
Industrias Carranza y Rosales,et,Ghana
Corporacin Montero y Marroquín,quibusdam,Jordania
"Manzanares, Cepeda y Vázquez",ab,Bulgaria
Otero-Pelayo,provident,España
Sevilla y Soliz S. R.L. de C.V.,sed,Bulgaria
Despacho Montemayor y Gamboa,qui,Liechtenstein
"Laboratorios Alejandro, Lovato y Becerra",impedit,Mongolia
"Proyectos Luna, Collado y Valles",qui,Guyana
Industrias Fierro-Valentín,delectus,Trinidad y Tabago
Carmona-Arreola,cum,Guinea
"Corporacin Elizondo, Vásquez y Arellano",incidunt,Iraq
Proyectos Dueñas-Casanova,perferendis,Tonga
"Burgos, Collado y de la Crúz",velit,Vietman
Industrias Cepeda y Cortés,culpa,Yemen
Despacho Patiño y Rubio,ea,Belarús
Burgos-Perales,ipsam,Israel
Ruelas-Manzanares,adipisci,Líbano
Arias-Farías A.C.,corporis,Polonia
Almanza-Sisneros e Hijos,qui,Irán
Grupo Arriaga-Zepeda,deleniti,Malasia
Muñiz y Alcala A.C.,enim,Togo
Apodaca-Piña,in,Túnez
Laboratorios Meraz-Anaya,numquam,Bolivia
Industrias Rosas y Barrios,dolores,Nigeria
Matías-Díaz S. R.L. de C.V.,adipisci,Lesotho
Villalobos y Botello S.C.,eos,Uruguay
Soliz-Raya S.A.,sed,Sri Lanka
Club Otero-Estévez,soluta,Austria
"Laboratorios Roldán, Gálvez y Molina",inventore,Cuba
"Solano, Sosa y Saiz",a,Dinamarca
Perales e Hijos,vero,Reino Unido de Gran Bretaña e Irlanda del Norte
"Fonseca, Valle y Valdez",voluptates,Trinidad y Tabago
"Corporacin Carrera, Ibarra y Fuentes",odio,Finlandia
Narváez-Tello,dolorem,Iraq
Fonseca-Apodaca S.A. de C.V.,suscipit,Jordania
Garica-Téllez,veniam,Côte d'Ivoire
"Corporacin Barrios, Madrigal y Saucedo",voluptas,Letonia
Tirado-Zarate,qui,Santa Lucía
Club Chávez-Limón,natus,Venezuela
Montaño-Nieto S.C.,minus,Guyana
Corporacin Ceballos y Ozuna,ad,Madagascar
Prieto-Gaona,ut,Andorra
Estévez S.C.,reiciendis,Malawi
"Ochoa, Caballero y Marín",impedit,Kenya
Roque S.A. de C.V.,quidem,España
Despacho Hidalgo-Mares,unde,Bahrein
"Merino, Carrión y Serrano",reprehenderit,Costa Rica
Proyectos Ochoa y Luevano,voluptatibus,Bahamas
Chapa y Rodríquez S.C.,et,República Popular Democrática de Corea
Castillo-Coronado e Hijos,alias,Senegal
Grupo Saucedo y de la Fuente,dicta,Alemania
Rodríguez y Peralta S.A.,unde,Seychelles
"Camarillo, Lebrón y Zambrano",fugiat,Bolivia
Méndez e Hijos,blanditiis,Etiopía
"Proyectos Ávila, Curiel y Tamez",laborum,Reino Unido de Gran Bretaña e Irlanda del Norte
Sepúlveda-Maya A.C.,necessitatibus,Belice
Quesada S.C.,assumenda,Guinea Ecuatorial
Rivera-Vigil,quasi,Filipinas
Guajardo S.A.,ex,Chipre
"Corporacin Ureña, Valadez y Sanches",blanditiis,Niger
Madrid-Díaz,minus,Sri Lanka
Chapa y Asociados,reprehenderit,Lituania
Acevedo-Tejeda,omnis,Islandia
Hurtado S.A. de C.V.,occaecati,Irlanda
Villalobos S.C.,reprehenderit,Seychelles
Arreola y Arce y Asociados,aut,Guinea Ecuatorial
"Laboratorios Terrazas, Marín y Girón",odit,Timor-Leste
Patiño-Lozano y Asociados,nesciunt,Tonga
Alba-Rivero,incidunt,Panamá
Despacho Jaime-Enríquez,accusantium,Marruecos
Alemán y Lugo S.C.,repellendus,República Centroafricana
Laboratorios Corral-Berríos,provident,Sudán del Sur
"Oquendo, Collado y Borrego",explicabo,Bosnia y Herzegovina
"Corporacin Campos, Esquivel y Tamez",consequatur,Irán
Ochoa y Asociados,eum,Islas Salomón
Apodaca-Bustamante A.C.,nihil,Afganistán
"Grupo Cepeda, Lebrón y Espino",ea,Guyana
Bonilla-Segovia,autem,Qatar
Tello y Estévez e Hijos,et,Japón
Laboratorios Torres-Gómez,et,Suriname
Club Pedraza y Sáenz,quisquam,El Salvador
Ramírez y Godoy e Hijos,maxime,Noruega
"Proyectos Delgadillo, Briones y Garica",sunt,Camboya
Guardado-Limón S.A. de C.V.,rem,Singapur
Grupo Villanueva y Mata,quo,Panamá
"Laboratorios Casárez, Cuellar y Brito",maxime,Jamaica
Malave S.A.,blanditiis,Uganda
Zayas-Castañeda,iusto,Japón
Murillo A.C.,quod,Dinamarca
Anguiano-Valenzuela,quod,Francia
"Club Loera, Rosado y Almaraz",perspiciatis,Senegal
Partida-Sauceda y Asociados,libero,Belice
Loera e Hijos,molestias,Turquía
Laboratorios Botello y Tafoya,sunt,Luxemburgo
Laboratorios Berríos y Amaya,enim,San Vicente y las Granadinas
Grupo Gastélum-Loera,error,Côte d'Ivoire
Flórez-Romo,repellat,Sri Lanka
Mesa-Barreto,placeat,Cabo Verde
Club Godoy y Camacho,nobis,México
Holguín e Hijos,fugiat,Senegal
Club Longoria-Trejo,fugiat,Turkmenistán
Proyectos Bonilla-Arteaga,deleniti,Serbia
"Fernández, Mota y Tovar",omnis,Nauru
Club Soto y Alemán,aliquam,Arabia Saudita
Alvarez S.A.,tenetur,Dinamarca
Morales-Lucio,tempore,Singapur
"de Anda, Quiroz y Ocampo",autem,Guinea Ecuatorial
Industrias Jaramillo-Ibarra,nemo,Croacia
Benítez-Rocha S.C.,quam,Madagascar
Proyectos Menéndez y Candelaria,similique,India
"Proyectos Apodaca, Cavazos y Barajas",totam,Seychelles
"Proyectos Mondragón, Alemán y Rojas",illo,Comoras
Despacho Castillo-Salcedo,provident,Madagascar
Grupo Muñoz-Olivares,corrupti,Tailandia
Club Cervántez y Meza,cumque,República Árabe Siria
Frías-Reyna A.C.,optio,Camerún
Grupo Cardenas y Alonso,autem,Paraguay
Verdugo S.C.,repellat,Azerbaiyán
Solano y Barrera e Hijos,suscipit,San Marino
Balderas-Grijalva S.A. de C.V.,suscipit,Serbia
Orozco A.C.,ullam,Zimbabwe
Jurado S.C.,illum,Tuvalu
Sanches e Hijos,enim,Malasia
Toro-Espinoza S. R.L. de C.V.,atque,Guinea Bissau
"Despacho Olivas, Sanabria y Guerrero",omnis,República de Corea
Alonzo y Cabán e Hijos,commodi,Haití
Malave-Alcala,nulla,Bosnia y Herzegovina
Corporacin Duarte-Ruelas,magnam,Islandia
"Dueñas, Madrid y Matos",optio,República Popular Democrática de Corea
Santiago y Amaya S.C.,neque,Sudán del Sur
"Galindo, Domínguez y de la Rosa",asperiores,Benin
Collado-Saavedra,vitae,Japón
Medina-Raya S.C.,inventore,Ecuador
Club Aguilera y Munguía,assumenda,Grecia
Gallegos-Guajardo y Asociados,vitae,El Salvador
"Club Solís, Olvera y Paz",beatae,Singapur
"Hernandes, Noriega y Romo",aperiam,Islandia
"Industrias Villanueva, Alcántar y Almaraz",nulla,Indonesia
Lozada-Rico,iusto,Uganda
Sanches y Vera A.C.,incidunt,Madagascar
"Orellana, Barajas y Quintana",impedit,San Vicente y las Granadinas
"Arenas, Paredes y Calvillo",esse,Burundi
"Proyectos Rascón, Valladares y Adame",numquam,Malawi
Estrada-Burgos S.C.,odio,Liechtenstein
"Mejía, Castellanos y Anguiano",iste,Marruecos
Alvarez-Leal S.A.,possimus,Georgia
Casanova-Valdés S.A. de C.V.,quas,Zambia
Curiel-Chávez,blanditiis,República Dominicana
"Garrido, Segovia y Rivas",possimus,Liechtenstein
León-Leiva S.C.,placeat,Portugal
Vargas y Asociados,temporibus,Myanmar
Moreno-Matías e Hijos,ut,Jordania
"Aparicio, Leal y Botello",amet,República Democrática del Congo
"Porras, Acuña y Gonzales",facere,Estonia
Club Zepeda y Sotelo,dicta,Nigeria
Laboratorios Toro y Aragón,officia,Kazajstán
Laboratorios Meléndez-Valdez,assumenda,Chipre
Gollum y Ozuna S.C.,numquam,Malawi
Arroyo-Zamudio,id,Islas Marshall
Laboratorios Aparicio y Aguayo,rem,Kirguistán
Longoria-Cavazos,nemo,Perú
Quiñones-Tamez y Asociados,veniam,Tonga
Lomeli S. R.L. de C.V.,itaque,Sudáfrica
Corporacin Muro y Galindo,nihil,Liechtenstein
Proyectos Barrera-Regalado,fuga,Federación de Rusia
"Despacho de la Rosa, Jaramillo y Contreras",consequatur,Chile
Padrón-Escobedo,nostrum,Nauru
"Montez, Bermúdez y Echeverría",neque,Montenegro
Industrias Gurule-Alemán,in,Armenia
Club Lira-Caballero,asperiores,Timor-Leste
"García, Romero y Arredondo",voluptatem,Estonia
"Proyectos Cervántez, Mascareñas y Terrazas",possimus,Zambia
Zelaya-Quintero,ipsum,El Salvador
"Despacho Santillán, Robledo y Moya",maiores,México
Gallegos y Ávila y Asociados,itaque,Chad
Granados y Gollum A.C.,veritatis,Tayikistán
Corporacin Bernal y Segovia,nihil,Nicaragua
Bañuelos y Villalobos A.C.,soluta,Arabia Saudita
Grupo Santacruz y Borrego,itaque,Polonia
Club Menchaca-Vera,velit,Belice
Jasso-Linares,impedit,Kirguistán
González y Soria S.C.,cupiditate,Antigua y Barbuda
Laboratorios Baeza-Arenas,enim,Paraguay
"Grupo Zayas, Cisneros y Navarro",amet,Yemen
Abrego-Mejía,itaque,Burkina Faso
Laboratorios Villanueva y Loya,similique,Tuvalu
"Villegas, Romo y Valenzuela",animi,Myanmar
Proyectos Garibay y Sanabria,in,Noruega
Palacios y Asociados,dicta,Mali
Serna-Lerma A.C.,expedita,Ghana
"Ramón, Oquendo y Niño",illo,Pakistán
Despacho Jáquez-Carreón,eius,Kenya
"Grupo Madera, Abreu y Velásquez",asperiores,Nicaragua
Pabón-Sanches,aperiam,República Dominicana
Corporacin Espinoza y Marín,sapiente,Kuwait
Club Muñoz y Loya,occaecati,Etiopía
"Osorio, Zamora y Fajardo",excepturi,El Salvador
Industrias Marroquín-Véliz,voluptatibus,Antigua y Barbuda
Urrutia-Huerta,debitis,Tayikistán
Industrias Muñoz y Mercado,ipsam,Arabia Saudita
Regalado y Ferrer S.A.,corporis,Barbados
"Haro, Becerra y Ceballos",ipsam,República Federal Democrática de Nepal
"Tafoya, Mireles y Serrano",excepturi,Comoras
Longoria-Gurule,quam,Pakistán
Industrias Toro-Sevilla,nulla,Santo Tomé y Príncipe
Feliciano-Longoria,rerum,Bosnia y Herzegovina
Carmona-Mayorga S.A. de C.V.,necessitatibus,República Dominicana
Rascón-Alcaraz,fugiat,Bhután
Calderón-Aguayo,placeat,Swazilandia
"Industrias Feliciano, Zedillo y Posada",deleniti,Turquía
Laboratorios Guajardo y Castellanos,labore,Bhután
Palomo-Balderas S.A.,ea,Timor-Leste
Ledesma-Mares,asperiores,Ghana
Apodaca-Luna S.A. de C.V.,vero,Países Bajos
"Club Cotto, Domínguez y Jimínez",veniam,Túnez
Industrias Caldera y Villaseñor,aut,Sudáfrica
Jurado y Asociados,quia,Barbados
Grupo Zarate y Madera,excepturi,Palau
Chávez y Flores y Asociados,alias,Estados Unidos de América
Industrias Lovato-Ferrer,nam,Malta
Ferrer-Barreto,earum,Lesotho
Hurtado-Valdez y Asociados,beatae,Chad
Despacho de la Garza y Madrigal,temporibus,India
Peña-Cepeda y Asociados,provident,Grecia
Zayas S.C.,molestiae,India
"Grupo Durán, Pelayo y Guillen",perspiciatis,Iraq
Club Valadez-Muñoz,quibusdam,Djibouti
Industrias Zaragoza-Mascareñas,quis,República Dominicana
Ramírez S.C.,aut,Tuvalu
Industrias Vela y Acevedo,quam,Rumania
"Colón, Toro y Serrato",laboriosam,Arabia Saudita
"Industrias Alcala, Dávila y Salcido",omnis,Saint Kitts y Nevis
"Alfaro, Sisneros y Leiva",quis,Seychelles
"Ornelas, Corona y Cano",dolorum,Madagascar
"Despacho Soto, Urías y Salcedo",ab,Georgia
Reyes-Gastélum,maxime,Jordania
Pulido y Carranza S. R.L. de C.V.,tempore,Andorra
Ordóñez S.C.,ipsam,Reino Unido de Gran Bretaña e Irlanda del Norte
Bañuelos y Huerta S. R.L. de C.V.,quibusdam,Guyana
"Proyectos Meléndez, Burgos y Badillo",tenetur,Guatemala
"Grupo Véliz, Gutiérrez y Vaca",tempore,Honduras
Club Holguín y Valencia,beatae,Chipre
Hernádez S.C.,asperiores,Benin
"Armendáriz, Pantoja y Tirado",totam,Sudán del Sur
Zedillo-Méndez S.A.,molestiae,Tonga
Urrutia-Rolón e Hijos,fugit,Tayikistán
Industrias Tirado-Rocha,aliquam,Gabón
Jimínez-Aguirre,hic,Panamá
Despacho Ruelas-Bétancourt,illo,Honduras
Proyectos Archuleta y Botello,quasi,Timor-Leste
Suárez A.C.,pariatur,Somalia
Montalvo-Acevedo S. R.L. de C.V.,adipisci,Argelia
Arenas y Olivárez y Asociados,voluptatibus,Chad
Villareal e Hijos,magnam,Dinamarca
Industrias Vázquez y Casárez,ipsa,Suecia
"Proyectos Caraballo, Mejía y Moya",excepturi,Jordania
Gonzales-Mares S.A. de C.V.,dolorem,Rwanda
Laboratorios Mesa-Narváez,eum,Somalia
Corporacin Puente y Ceballos,deserunt,Qatar
Melgar-Castillo A.C.,ab,Benin
Club Collado y Aranda,iste,Guinea Bissau
"Vásquez, Velasco y Tovar",praesentium,Sudáfrica
"Zedillo, Moya y Centeno",veniam,Kazajstán
"Zamora, Galarza y Peres",veniam,Madagascar
Palomo y Valdez S.A.,nobis,Sierra Leona
Laboratorios Mata y Mora,maxime,Islandia
Arellano y Saucedo A.C.,esse,Sudán del Sur
Ramón S.C.,ipsam,Haití
"Guajardo, Vásquez y Estrada",nesciunt,Armenia
"Corporacin Campos, Raya y Longoria",perferendis,República Unida de Tanzanía
Proyectos de Jesús-Olmos,vitae,Saint Kitts y Nevis
Industrias Cavazos y Urías,atque,Zimbabwe
Proyectos Trujillo-Murillo,distinctio,Angola
Laboratorios Lucero-Lemus,dolorum,Uzbekistán
Proyectos Padilla y Salas,quae,República de Corea
Club Ojeda y Zarate,reiciendis,Chipre
Ornelas-Rivas,itaque,Haití
Benavídez-Carrasco,voluptas,Liberia
Cadena-Fuentes S.A. de C.V.,veritatis,Swazilandia
"Terán, Vanegas y Cepeda",ipsum,Papua Nueva Guinea
Pacheco-Cuellar y Asociados,aliquam,Bahrein
Arias-Saldivar,alias,Palau
Grupo Almanza y Santacruz,ab,Bulgaria
Club Juárez y Montañez,tempora,Santo Tomé y Príncipe
Monroy y Arguello e Hijos,id,Grecia
"Club Ruiz, Dávila y Rincón",saepe,Montenegro
Verdugo-Sauceda y Asociados,natus,Gabón
Club Merino y Coronado,voluptas,Comoras
Escamilla y Morales S.C.,voluptas,Maldivas
Corporacin Bañuelos-Arellano,amet,Madagascar
"Lemus, Mota y Pérez",illum,ex República Yugoslava de Macedonia
Márquez S.A. de C.V.,nulla,Croacia
Despacho León-González,omnis,Países Bajos
Villaseñor-Castro A.C.,doloremque,Kirguistán
Benítez-Montes e Hijos,inventore,Luxemburgo
Carmona y Luna S.C.,sit,Azerbaiyán
Laboratorios Meléndez-Vera,quo,Suriname
"Morales, de la Garza y Zamudio",nulla,Japón
Grijalva-Treviño,nisi,Uruguay
Juárez y Navarro S. R.L. de C.V.,vel,Burundi
"Laboratorios Soto, Flores y Gómez",consequuntur,Reino Unido de Gran Bretaña e Irlanda del Norte
Collazo-Reyes S.C.,dolores,Noruega
Colón-Villarreal,id,ex República Yugoslava de Macedonia
"Club Hernandes, Quesada y Paz",soluta,Indonesia
Santillán-Sotelo S.C.,tempore,Países Bajos
Escamilla y Carranza e Hijos,repellendus,Haití
Despacho Prado y Barrios,beatae,Rumania
Esquibel y Caballero S. R.L. de C.V.,itaque,Congo
"Villarreal, Mejía y Otero",laboriosam,Tuvalu
Despacho Rivas-Castro,doloremque,Libia
"Armendáriz, Montero y Cabán",id,Kirguistán
Grupo Alcaraz-Bustos,hic,Tayikistán
"Grupo Olivares, Lara y Bueno",quasi,Eritrea
"Grupo Alcántar, Vela y Hernádez",provident,Madagascar
Otero y Rosales S.A. de C.V.,sed,Zambia
Montemayor-Zamora,aperiam,Kirguistán
Despacho Corrales y Orta,sapiente,Italia
Soto-Echeverría S.C.,occaecati,Malawi
"Industrias Esquibel, Olivera y Quiñónez",quaerat,República Dominicana
Corporacin Coronado-Archuleta,numquam,Tayikistán
Lozada-Valadez S.C.,sit,Dinamarca
Grupo Ávalos y Mascareñas,nobis,Lesotho
Laboratorios Hernández-Sisneros,nesciunt,República Dominicana
"Laboratorios Vásquez, Garay y Salcedo",eius,Granada
Valladares-Carrión,ipsum,Mauricio
Laboratorios Lozada y Reyes,vel,Islas Salomón
Proyectos Camarillo-Munguía,optio,Mónaco
"Salas, Arenas y Roldán",libero,Saint Kitts y Nevis
Lovato-Garza A.C.,culpa,Jordania
Corporacin Chavarría y Mireles,officiis,Turquía
Brito y Asociados,ipsa,Malasia
Carrasco S. R.L. de C.V.,illo,Kirguistán
Márquez-Valdés,quas,Túnez
"Club Alcala, Ozuna y Rodarte",corporis,Côte d'Ivoire
Orozco y Montoya S.A.,fugit,Omán
Proyectos Benavides-Limón,alias,Armenia
Puente-Nava,saepe,Argentina
"Club Escamilla, Loya y Lerma",illo,Belice
"Corporacin Vargas, Rivero y Mata",eligendi,Suriname
Centeno-Espinoza A.C.,consequatur,Portugal
"Grupo Garica, Robledo y Rojas",quo,Colombia
Sosa e Hijos,necessitatibus,Congo
Olvera-Roldán A.C.,voluptas,Afganistán
"Puga, Prieto y Tórrez",modi,Estados Unidos de América
Escobedo S.A. de C.V.,quo,Croacia
Club Esquibel-Roldán,est,Eritrea
"Robles, Saucedo y Barajas",sequi,Uzbekistán
